id,created_at,title,download_link,image_url,genre,description,rating,year,season,episode,metatags,telegram_link,download_count
13,2026-07-02 20:20:47.74712+00,Sons of Anarchy,https://vtzndlehoqopaxdxmwim.supabase.co/storage/v1/object/public/pixelpoplk/SOA_S01_E01_Sinhala.zip?download,https://image.tmdb.org/t/p/original/kiy8BHtIHAslh81rvFcZ4wbNGdY.jpg,"Action, Crime ,Drama, Tragedy","Sons of Anarchy (SAMCRO)  ☠️ සැබෑ සහෝදරත්වයේ සහ අපරාධ ලෝකයේ දරුණුතම සටන

​Breaking Bad, Peaky Blinders, Banshee වගේ Extreme Drama සහ Crime සීරීස් බලන්න ආස කරන කෙනෙක් නම්, Sons of Anarchy (SOA) කියන්නේ අනිවාර්යයෙන්ම මඟනොහැරිය යුතු Masterpiece එකක්. 💯

IMDb දර්ශකයේ 8.5/10 ක ඉහළම අගයක් ලබාගනිමින්, ලොව පුරා මිලියන ගණනක ප්‍රේක්ෂක ආකර්ෂණයක් දිනාගත් මේ කතාමාලාව, සාමාන්‍ය ටීවී සීරීස් එකකට වඩා එහා ගිය වෙනස්ම අත්දැකීමක්!❤️

​කතාව මොකක්ද?🔰

​කාලිෆෝනියාවේ ""චාමිං"" (Charming) කියන කුඩා නගරය කේන්ද්‍ර කරගෙන, නීතියට පිටින් මෝටර් සයිකල් පදවන කල්ලියක් (Outlaw Motorcycle Club) වන SAMCRO (Sons of Anarchy Motorcycle Club, Redwood Original) වටා තමයි මේ කතාව ගෙතෙන්නේ. බැලූ බැල්මට මෝටර් සයිකල් සමාජ ශාලාවක් වුණත්, තිරය පිටුපස මොවුන් මහා පරිමාණ නීතිවිරෝධී අවි ආයුධ ජාවාරමක නිරත වෙනවා.
​කල්ලියේ උප සභාපති වෙන තරුණ, බුද්ධිමත් Jax Teller ට තමන්ගේ මියගිය පියා ලියපු රහස් දිනපොතක් හමුවීමත් එක්ක මුළු කතාවම වෙනස් මඟකට හැරෙනවා. ක්ලබ් එකේ වර්තමාන ක්‍රියාකලාපය සහ තමන්ගේ පියාගේ සැබෑ දැක්ම අතර අතරමං වන ජැක්ස්ට, තමන්ගේ පවුල ආරක්ෂා කරගනිමින් මේ දරුණු අපරාධ ලෝකයේ කරන වැඩ ගැන තමයි කතාවේ තියෙන්නේ.🔥

නීතිය, අපරාධ කල්ලි, පොලිසිය සහ පවුල අතර මැද දෝලනය වන මේ Tv series එක, 
කුතුහලයෙන් යුතුව සිංහල substitute එක්ක  රස විදින්න.👈",8.5,2008,1,1,"<meta name=""keywords"" content=""Sons of Anarchy Season [X] Episode [Y], Sons of Anarchy Sinhala Subtitles, Sons of Anarchy [X]x[Y] sub, Watch Sons of Anarchy online, SAMCRO, Jax Teller, TV Series Sinhala Sub, Sons of anarchy download, [pixelpoplk]"">",https://telegram.me/PixelPopLk_bot?start=f4665c39-c37c-4b24-81aa-b8c839a45e6d,54
14,2026-07-05 19:07:04.212977+00,House Of The Dragon,https://vtzndlehoqopaxdxmwim.supabase.co/storage/v1/object/public/pixelpoplk/House%20of%20the%20dragon/House_of_the_Dragon_S03E03_57837.zip?download,https://image.tmdb.org/t/p/original/wSvDQN6tZR4VzDDZD3MUPIghVjC.jpg,"Tv series,drama,fantasy,adventure,action","House of the Dragon තුන්වෙනි සීසන් එකේ තුන්වෙනි එපිසෝඩ් එකට සබ් එක තමයි මේ ගෙනාවේ. කලින් එපිසෝඩ් එකේදී ඒමොන්ඩ් වේගාර් එක්ක හැරන්හෝල් වලට ගියපු වෙලාවෙන් ප්‍රයෝජන අරගෙන, ඇලිසන්ට්ගේ සහ හෙලේනාගේ සහයෝගයත් එක්ක කිසිම කරදරයක් නැතුව රෙනයිරා King's Landing නුවර බලය අතට ගත්තා මතකනේ. ඔටෝ හයිටවර්ට දඬුවම් දීලා Iron Throne එකේ බලය පිහිටෙව්වත්, ඒගොන්වයි ලැරිස්වයි කොටුකරගන්න බැරි වුණා. රෙනයිරාට මේ අලුත් බලය කොහොම පාලනය කරන්න වෙයිද, ඒ වගේම හැරන්හෝල් ගිය ඒමන්ඩ්ට මීලගට මොකක් වෙයිද කියලා මේ කොටසින් බලාගන්න පුළුවන්.

​මේකේ Direct sub එක පහළින්ම ඩවුන්ලෝඩ් කරගන්න පහසුකම තියෙනවා. ඒ වගේම Telegram එකෙන් 720p, 1080p සහ 4K අලුත්ම WEB-DL වීඩියෝ පිටපත් එක්කම සබ් එකත් ලේසියෙන්ම අරගෙන සිංහල උපසිරැසි එක්කම කතාව රසවිඳින්නත් පුළුවන්.

ඊලග  Episode එකත් ඉක්මනින්ම ලබාගන්න අපේ Telegram channel එකට සහ Fb page එකට join වෙලා ඉන්න යාලුවනේ. ඒවගේම ගැටලු ඇත්නම් Request  එකක් යොමු කරන්න.",8.3,2026,3,3,"<meta name=""description"" content=""House of the Dragon Season 3 Episode 3 Sinhala Subtitle. Telegram එකෙන් 720p, 1080p, 4K WEB-DL පිටපත් සහ සිංහල උපසිරැසි සෘජුවම බාගත කරගන්න.""> <meta name=""keywords"" content=""House of the Dragon S03E03 Sinhala Sub, HOTD Season 3 Episode 3 Sinhala Subtitle, House of the Dragon Telegram, HOTD S3E3 WEB-DL, Sinhala Subtitles"">",https://telegram.me/PixelPopLk_bot?start=f9e601f7-50c8-43e8-9141-3b0c257224c5,9
15,2026-07-06 17:23:49.258164+00,Sons Of Anarchy,https://vtzndlehoqopaxdxmwim.supabase.co/storage/v1/object/public/pixelpoplk/SOA/Sons_Of_Anarchy_S01E02_3691.zip?download,https://image.tmdb.org/t/p/original/kiy8BHtIHAslh81rvFcZ4wbNGdY.jpg,"Tv series,action,crime,drama,triller","📥 Subtitles සහ Movies/TV Series පහසුවෙන්ම Download කරගන්නේ කෙසේද?
1. වෙබ් අඩවියෙන් Subtitles ලබාගැනීමට:
පියවර 01: මුලින්ම Dirrect Download Button එක ක්ලික් කරන්න.
පියවර 02: ඉන්පසු තත්පර 5ක් රැඳී සිට, නැවත Back වන්න (Navigate back).
පියවර 03: දැන් Start Download ක්ලික් කරන්න. එවිට Subtitle ෆයිල් එක Zip File එකක් ලෙස ඩවුන්ලෝඩ් වේවි.
භාවිතා කරන ආකාරය: එම Zip ෆයිල් එක Extract (Unzip) කර, ඔබගේ Video Player එකට Add කරගෙන උපසිරැසි සමඟින් රසවිඳින්න.
2. Telegram හරහා Direct ලබාගැනීමට:
මෙහි ඇති Telegram Download Button එක ක්ලික් කරන්න.
එවිට අපගේ Telegram Bot මඟින් අදාළ Subtitle ෆයිල් එක සහ ඒ හා සබැඳි Movie හෝ TV Series Episode එක සෘජුවම ඔබට ලබා දෙනු ඇත.
එතැනින් ඉතා පහසුවෙන් ඩවුන්ලෝඩ් කර නැරඹීමේ හැකියාව පවතී.
📌 අලුත්ම Updates ලබාගැනීමට:
චිත්‍රපට සහ ටෙලි කථා මාලාවල අලුත්ම Updates සහ Subtitles ක්ෂණිකව ලබාගැනීමට දැන්ම අපගේ Telegram Channel එකට සහ FB Page එකට Join වෙන්න! 🎬",8.5,2008,1,2,"<meta name=""keywords"" content=""Sons of Anarchy Season [X] Episode [Y], Sons of Anarchy Sinhala Subtitles, Sons of Anarchy [X]x[Y] sub, Watch Sons of Anarchy online, SAMCRO, Jax Teller, TV Series Sinhala Sub, Sons of anarchy download, [pixelpoplk]"">",https://telegram.me/PixelPopLk_bot?start=7ff27dce-8815-46de-945d-f82fd1cabeba,25
16,2026-07-06 18:51:33.429257+00,Sons of Anarchy,https://vtzndlehoqopaxdxmwim.supabase.co/storage/v1/object/public/pixelpoplk/SOA/Sons_Of_Anarchy_S01E03_3616.zip?download,https://image.tmdb.org/t/p/original/kiy8BHtIHAslh81rvFcZ4wbNGdY.jpg,"Action, Crime ,Drama, Tragedy","📥 Subtitles සහ Movies/TV Series පහසුවෙන්ම Download කරගන්නේ කෙසේද?
1. වෙබ් අඩවියෙන් Subtitles ලබාගැනීමට:
පියවර 01: මුලින්ම Dirrect Download Button එක ක්ලික් කරන්න.
පියවර 02: ඉන්පසු තත්පර 5ක් රැඳී සිට, නැවත Back වන්න (Navigate back).
පියවර 03: දැන් Start Download ක්ලික් කරන්න. එවිට Subtitle ෆයිල් එක Zip File එකක් ලෙස ඩවුන්ලෝඩ් වේවි.
භාවිතා කරන ආකාරය: එම Zip ෆයිල් එක Extract (Unzip) කර, ඔබගේ Video Player එකට Add කරගෙන උපසිරැසි සමඟින් රසවිඳින්න.
2. Telegram හරහා Direct ලබාගැනීමට:
මෙහි ඇති Telegram Download Button එක ක්ලික් කරන්න.
එවිට අපගේ Telegram Bot මඟින් අදාළ Subtitle ෆයිල් එක සහ ඒ හා සබැඳි Movie හෝ TV Series Episode එක සෘජුවම ඔබට ලබා දෙනු ඇත.
එතැනින් ඉතා පහසුවෙන් ඩවුන්ලෝඩ් කර නැරඹීමේ හැකියාව පවතී.
📌 අලුත්ම Updates ලබාගැනීමට:
චිත්‍රපට සහ ටෙලි කථා මාලාවල අලුත්ම Updates සහ Subtitles ක්ෂණිකව ලබාගැනීමට දැන්ම අපගේ Telegram Channel එකට සහ FB Page එකට Join වෙන්න! 🎬",8.5,2008,1,3,"<meta name=""keywords"" content=""Sons of Anarchy Season [X] Episode [Y], Sons of Anarchy Sinhala Subtitles, Sons of Anarchy [X]x[Y] sub, Watch Sons of Anarchy online, SAMCRO, Jax Teller, TV Series Sinhala Sub, Sons of anarchy download, [pixelpoplk]"">",https://telegram.me/PixelPopLk_bot?start=918d3874-2498-4380-9c70-f1602024c58e,22
17,2026-07-06 18:51:33.429257+00,Sons of Anarchy,https://vtzndlehoqopaxdxmwim.supabase.co/storage/v1/object/public/pixelpoplk/SOA/Sons_Of_Anarchy_S01E04_4855.zip?download,https://image.tmdb.org/t/p/original/kiy8BHtIHAslh81rvFcZ4wbNGdY.jpg,"Action, Crime ,Drama, Tragedy","📥 Subtitles සහ Movies/TV Series පහසුවෙන්ම Download කරගන්නේ කෙසේද?
1. වෙබ් අඩවියෙන් Subtitles ලබාගැනීමට:
පියවර 01: මුලින්ම Dirrect Download Button එක ක්ලික් කරන්න.
පියවර 02: ඉන්පසු තත්පර 5ක් රැඳී සිට, නැවත Back වන්න (Navigate back).
පියවර 03: දැන් Start Download ක්ලික් කරන්න. එවිට Subtitle ෆයිල් එක Zip File එකක් ලෙස ඩවුන්ලෝඩ් වේවි.
භාවිතා කරන ආකාරය: එම Zip ෆයිල් එක Extract (Unzip) කර, ඔබගේ Video Player එකට Add කරගෙන උපසිරැසි සමඟින් රසවිඳින්න.
2. Telegram හරහා Direct ලබාගැනීමට:
මෙහි ඇති Telegram Download Button එක ක්ලික් කරන්න.
එවිට අපගේ Telegram Bot මඟින් අදාළ Subtitle ෆයිල් එක සහ ඒ හා සබැඳි Movie හෝ TV Series Episode එක සෘජුවම ඔබට ලබා දෙනු ඇත.
එතැනින් ඉතා පහසුවෙන් ඩවුන්ලෝඩ් කර නැරඹීමේ හැකියාව පවතී.
📌 අලුත්ම Updates ලබාගැනීමට:
චිත්‍රපට සහ ටෙලි කථා මාලාවල අලුත්ම Updates සහ Subtitles ක්ෂණිකව ලබාගැනීමට දැන්ම අපගේ Telegram Channel එකට සහ FB Page එකට Join වෙන්න! 🎬",8.5,2008,1,4,"<meta name=""keywords"" content=""Sons of Anarchy Season [X] Episode [Y], Sons of Anarchy Sinhala Subtitles, Sons of Anarchy [X]x[Y] sub, Watch Sons of Anarchy online, SAMCRO, Jax Teller, TV Series Sinhala Sub, Sons of anarchy download, [pixelpoplk]"">",https://telegram.me/PixelPopLk_bot?start=5aacabbc-f883-47b3-8574-4d7449843821,26
18,2026-07-06 18:51:33.429257+00,Sons of Anarchy,https://vtzndlehoqopaxdxmwim.supabase.co/storage/v1/object/public/pixelpoplk/SOA/Sons_Of_Anarchy_S01E05_1485.zip?download,https://image.tmdb.org/t/p/original/kiy8BHtIHAslh81rvFcZ4wbNGdY.jpg,"Action, Crime ,Drama, Tragedy","📥 Subtitles සහ Movies/TV Series පහසුවෙන්ම Download කරගන්නේ කෙසේද?
1. වෙබ් අඩවියෙන් Subtitles ලබාගැනීමට:
පියවර 01: මුලින්ම Dirrect Download Button එක ක්ලික් කරන්න.
පියවර 02: ඉන්පසු තත්පර 5ක් රැඳී සිට, නැවත Back වන්න (Navigate back).
පියවර 03: දැන් Start Download ක්ලික් කරන්න. එවිට Subtitle ෆයිල් එක Zip File එකක් ලෙස ඩවුන්ලෝඩ් වේවි.
භාවිතා කරන ආකාරය: එම Zip ෆයිල් එක Extract (Unzip) කර, ඔබගේ Video Player එකට Add කරගෙන උපසිරැසි සමඟින් රසවිඳින්න.
2. Telegram හරහා Direct ලබාගැනීමට:
මෙහි ඇති Telegram Download Button එක ක්ලික් කරන්න.
එවිට අපගේ Telegram Bot මඟින් අදාළ Subtitle ෆයිල් එක සහ ඒ හා සබැඳි Movie හෝ TV Series Episode එක සෘජුවම ඔබට ලබා දෙනු ඇත.
එතැනින් ඉතා පහසුවෙන් ඩවුන්ලෝඩ් කර නැරඹීමේ හැකියාව පවතී.
📌 අලුත්ම Updates ලබාගැනීමට:
චිත්‍රපට සහ ටෙලි කථා මාලාවල අලුත්ම Updates සහ Subtitles ක්ෂණිකව ලබාගැනීමට දැන්ම අපගේ Telegram Channel එකට සහ FB Page එකට Join වෙන්න! 🎬",8.5,2008,1,5,"<meta name=""keywords"" content=""Sons of Anarchy Season [X] Episode [Y], Sons of Anarchy Sinhala Subtitles, Sons of Anarchy [X]x[Y] sub, Watch Sons of Anarchy online, SAMCRO, Jax Teller, TV Series Sinhala Sub, Sons of anarchy download, [pixelpoplk]"">",https://telegram.me/PixelPopLk_bot?start=185c4b26-b940-4d53-8bf2-d61a519f6c36,24
19,2026-07-06 18:51:33.429257+00,Sons of Anarchy,https://vtzndlehoqopaxdxmwim.supabase.co/storage/v1/object/public/pixelpoplk/SOA/Sons_Of_Anarchy_S01E06_6892.zip?download,https://image.tmdb.org/t/p/original/kiy8BHtIHAslh81rvFcZ4wbNGdY.jpg,"Action, Crime ,Drama, Tragedy","📥 Subtitles සහ Movies/TV Series පහසුවෙන්ම Download කරගන්නේ කෙසේද?
1. වෙබ් අඩවියෙන් Subtitles ලබාගැනීමට:
පියවර 01: මුලින්ම Dirrect Download Button එක ක්ලික් කරන්න.
පියවර 02: ඉන්පසු තත්පර 5ක් රැඳී සිට, නැවත Back වන්න (Navigate back).
පියවර 03: දැන් Start Download ක්ලික් කරන්න. එවිට Subtitle ෆයිල් එක Zip File එකක් ලෙස ඩවුන්ලෝඩ් වේවි.
භාවිතා කරන ආකාරය: එම Zip ෆයිල් එක Extract (Unzip) කර, ඔබගේ Video Player එකට Add කරගෙන උපසිරැසි සමඟින් රසවිඳින්න.
2. Telegram හරහා Direct ලබාගැනීමට:
මෙහි ඇති Telegram Download Button එක ක්ලික් කරන්න.
එවිට අපගේ Telegram Bot මඟින් අදාළ Subtitle ෆයිල් එක සහ ඒ හා සබැඳි Movie හෝ TV Series Episode එක සෘජුවම ඔබට ලබා දෙනු ඇත.
එතැනින් ඉතා පහසුවෙන් ඩවුන්ලෝඩ් කර නැරඹීමේ හැකියාව පවතී.
📌 අලුත්ම Updates ලබාගැනීමට:
චිත්‍රපට සහ ටෙලි කථා මාලාවල අලුත්ම Updates සහ Subtitles ක්ෂණිකව ලබාගැනීමට දැන්ම අපගේ Telegram Channel එකට සහ FB Page එකට Join වෙන්න! 🎬",8.5,2008,1,6,"<meta name=""keywords"" content=""Sons of Anarchy Season [X] Episode [Y], Sons of Anarchy Sinhala Subtitles, Sons of Anarchy [X]x[Y] sub, Watch Sons of Anarchy online, SAMCRO, Jax Teller, TV Series Sinhala Sub, Sons of anarchy download, [pixelpoplk]"">",https://telegram.me/PixelPopLk_bot?start=0de80f22-fdd8-478d-98c0-ea2b07e736a5,18
20,2026-07-06 18:51:33.429257+00,Sons of Anarchy,https://vtzndlehoqopaxdxmwim.supabase.co/storage/v1/object/public/pixelpoplk/SOA/Sons_Of_Anarchy_S01E07_8763.zip?download,https://image.tmdb.org/t/p/original/kiy8BHtIHAslh81rvFcZ4wbNGdY.jpg,"Action, Crime ,Drama, Tragedy","📥 Subtitles සහ Movies/TV Series පහසුවෙන්ම Download කරගන්නේ කෙසේද?
1. වෙබ් අඩවියෙන් Subtitles ලබාගැනීමට:
පියවර 01: මුලින්ම Dirrect Download Button එක ක්ලික් කරන්න.
පියවර 02: ඉන්පසු තත්පර 5ක් රැඳී සිට, නැවත Back වන්න (Navigate back).
පියවර 03: දැන් Start Download ක්ලික් කරන්න. එවිට Subtitle ෆයිල් එක Zip File එකක් ලෙස ඩවුන්ලෝඩ් වේවි.
භාවිතා කරන ආකාරය: එම Zip ෆයිල් එක Extract (Unzip) කර, ඔබගේ Video Player එකට Add කරගෙන උපසිරැසි සමඟින් රසවිඳින්න.
2. Telegram හරහා Direct ලබාගැනීමට:
මෙහි ඇති Telegram Download Button එක ක්ලික් කරන්න.
එවිට අපගේ Telegram Bot මඟින් අදාළ Subtitle ෆයිල් එක සහ ඒ හා සබැඳි Movie හෝ TV Series Episode එක සෘජුවම ඔබට ලබා දෙනු ඇත.
එතැනින් ඉතා පහසුවෙන් ඩවුන්ලෝඩ් කර නැරඹීමේ හැකියාව පවතී.
📌 අලුත්ම Updates ලබාගැනීමට:
චිත්‍රපට සහ ටෙලි කථා මාලාවල අලුත්ම Updates සහ Subtitles ක්ෂණිකව ලබාගැනීමට දැන්ම අපගේ Telegram Channel එකට සහ FB Page එකට Join වෙන්න! 🎬",8.5,2008,1,7,"<meta name=""keywords"" content=""Sons of Anarchy Season [X] Episode [Y], Sons of Anarchy Sinhala Subtitles, Sons of Anarchy [X]x[Y] sub, Watch Sons of Anarchy online, SAMCRO, Jax Teller, TV Series Sinhala Sub, Sons of anarchy download, [pixelpoplk]"">",https://telegram.me/PixelPopLk_bot?start=80a78a9e-758a-4de6-b390-bd65223d9a6d,19
21,2026-07-06 18:51:33.429257+00,Sons of Anarchy,https://vtzndlehoqopaxdxmwim.supabase.co/storage/v1/object/public/pixelpoplk/SOA/Sons_Of_Anarchy_S01E08_7873.zip?download,https://image.tmdb.org/t/p/original/kiy8BHtIHAslh81rvFcZ4wbNGdY.jpg,"Action, Crime ,Drama, Tragedy","📥 Subtitles සහ Movies/TV Series පහසුවෙන්ම Download කරගන්නේ කෙසේද?
1. වෙබ් අඩවියෙන් Subtitles ලබාගැනීමට:
පියවර 01: මුලින්ම Dirrect Download Button එක ක්ලික් කරන්න.
පියවර 02: ඉන්පසු තත්පර 5ක් රැඳී සිට, නැවත Back වන්න (Navigate back).
පියවර 03: දැන් Start Download ක්ලික් කරන්න. එවිට Subtitle ෆයිල් එක Zip File එකක් ලෙස ඩවුන්ලෝඩ් වේවි.
භාවිතා කරන ආකාරය: එම Zip ෆයිල් එක Extract (Unzip) කර, ඔබගේ Video Player එකට Add කරගෙන උපසිරැසි සමඟින් රසවිඳින්න.
2. Telegram හරහා Direct ලබාගැනීමට:
මෙහි ඇති Telegram Download Button එක ක්ලික් කරන්න.
එවිට අපගේ Telegram Bot මඟින් අදාළ Subtitle ෆයිල් එක සහ ඒ හා සබැඳි Movie හෝ TV Series Episode එක සෘජුවම ඔබට ලබා දෙනු ඇත.
එතැනින් ඉතා පහසුවෙන් ඩවුන්ලෝඩ් කර නැරඹීමේ හැකියාව පවතී.
📌 අලුත්ම Updates ලබාගැනීමට:
චිත්‍රපට සහ ටෙලි කථා මාලාවල අලුත්ම Updates සහ Subtitles ක්ෂණිකව ලබාගැනීමට දැන්ම අපගේ Telegram Channel එකට සහ FB Page එකට Join වෙන්න! 🎬",8.5,2008,1,8,"<meta name=""keywords"" content=""Sons of Anarchy Season [X] Episode [Y], Sons of Anarchy Sinhala Subtitles, Sons of Anarchy [X]x[Y] sub, Watch Sons of Anarchy online, SAMCRO, Jax Teller, TV Series Sinhala Sub, Sons of anarchy download, [pixelpoplk]"">",https://telegram.me/PixelPopLk_bot?start=d2ea6765-f918-47ee-8d84-b5bbc6a2a9e8,18
22,2026-07-06 18:51:33.429257+00,Sons of Anarchy,https://vtzndlehoqopaxdxmwim.supabase.co/storage/v1/object/public/pixelpoplk/SOA/Sons_Of_Anarchy_S01E09_1648.zip?download,https://image.tmdb.org/t/p/original/kiy8BHtIHAslh81rvFcZ4wbNGdY.jpg,"Action, Crime ,Drama, Tragedy","📥 Subtitles සහ Movies/TV Series පහසුවෙන්ම Download කරගන්නේ කෙසේද?
1. වෙබ් අඩවියෙන් Subtitles ලබාගැනීමට:
පියවර 01: මුලින්ම Dirrect Download Button එක ක්ලික් කරන්න.
පියවර 02: ඉන්පසු තත්පර 5ක් රැඳී සිට, නැවත Back වන්න (Navigate back).
පියවර 03: දැන් Start Download ක්ලික් කරන්න. එවිට Subtitle ෆයිල් එක Zip File එකක් ලෙස ඩවුන්ලෝඩ් වේවි.
භාවිතා කරන ආකාරය: එම Zip ෆයිල් එක Extract (Unzip) කර, ඔබගේ Video Player එකට Add කරගෙන උපසිරැසි සමඟින් රසවිඳින්න.
2. Telegram හරහා Direct ලබාගැනීමට:
මෙහි ඇති Telegram Download Button එක ක්ලික් කරන්න.
එවිට අපගේ Telegram Bot මඟින් අදාළ Subtitle ෆයිල් එක සහ ඒ හා සබැඳි Movie හෝ TV Series Episode එක සෘජුවම ඔබට ලබා දෙනු ඇත.
එතැනින් ඉතා පහසුවෙන් ඩවුන්ලෝඩ් කර නැරඹීමේ හැකියාව පවතී.
📌 අලුත්ම Updates ලබාගැනීමට:
චිත්‍රපට සහ ටෙලි කථා මාලාවල අලුත්ම Updates සහ Subtitles ක්ෂණිකව ලබාගැනීමට දැන්ම අපගේ Telegram Channel එකට සහ FB Page එකට Join වෙන්න! 🎬",8.5,2008,1,9,"<meta name=""keywords"" content=""Sons of Anarchy Season [X] Episode [Y], Sons of Anarchy Sinhala Subtitles, Sons of Anarchy [X]x[Y] sub, Watch Sons of Anarchy online, SAMCRO, Jax Teller, TV Series Sinhala Sub, Sons of anarchy download, [pixelpoplk]"">",https://telegram.me/PixelPopLk_bot?start=e71241ff-72a9-4cae-ad14-50583c0dc5c0,19
23,2026-07-06 18:51:33.429257+00,Sons of Anarchy,https://vtzndlehoqopaxdxmwim.supabase.co/storage/v1/object/public/pixelpoplk/SOA/Sons_Of_Anarchy_S01E10_7404.zip?download,https://image.tmdb.org/t/p/original/kiy8BHtIHAslh81rvFcZ4wbNGdY.jpg,"Action, Crime ,Drama, Tragedy","📥 Subtitles සහ Movies/TV Series පහසුවෙන්ම Download කරගන්නේ කෙසේද?
1. වෙබ් අඩවියෙන් Subtitles ලබාගැනීමට:
පියවර 01: මුලින්ම Dirrect Download Button එක ක්ලික් කරන්න.
පියවර 02: ඉන්පසු තත්පර 5ක් රැඳී සිට, නැවත Back වන්න (Navigate back).
පියවර 03: දැන් Start Download ක්ලික් කරන්න. එවිට Subtitle ෆයිල් එක Zip File එකක් ලෙස ඩවුන්ලෝඩ් වේවි.
භාවිතා කරන ආකාරය: එම Zip ෆයිල් එක Extract (Unzip) කර, ඔබගේ Video Player එකට Add කරගෙන උපසිරැසි සමඟින් රසවිඳින්න.
2. Telegram හරහා Direct ලබාගැනීමට:
මෙහි ඇති Telegram Download Button එක ක්ලික් කරන්න.
එවිට අපගේ Telegram Bot මඟින් අදාළ Subtitle ෆයිල් එක සහ ඒ හා සබැඳි Movie හෝ TV Series Episode එක සෘජුවම ඔබට ලබා දෙනු ඇත.
එතැනින් ඉතා පහසුවෙන් ඩවුන්ලෝඩ් කර නැරඹීමේ හැකියාව පවතී.
📌 අලුත්ම Updates ලබාගැනීමට:
චිත්‍රපට සහ ටෙලි කථා මාලාවල අලුත්ම Updates සහ Subtitles ක්ෂණිකව ලබාගැනීමට දැන්ම අපගේ Telegram Channel එකට සහ FB Page එකට Join වෙන්න! 🎬",8.5,2008,1,10,"<meta name=""keywords"" content=""Sons of Anarchy Season [X] Episode [Y], Sons of Anarchy Sinhala Subtitles, Sons of Anarchy [X]x[Y] sub, Watch Sons of Anarchy online, SAMCRO, Jax Teller, TV Series Sinhala Sub, Sons of anarchy download, [pixelpoplk]"">",https://telegram.me/PixelPopLk_bot?start=cb083040-bcd9-4e4d-80a8-c9245f19cc62,17
24,2026-07-06 18:51:33.429257+00,Sons of Anarchy,https://vtzndlehoqopaxdxmwim.supabase.co/storage/v1/object/public/pixelpoplk/SOA/Sons_Of_Anarchy_S01E11_1885.zip?download,https://image.tmdb.org/t/p/original/kiy8BHtIHAslh81rvFcZ4wbNGdY.jpg,"Action, Crime ,Drama, Tragedy","📥 Subtitles සහ Movies/TV Series පහසුවෙන්ම Download කරගන්නේ කෙසේද?
1. වෙබ් අඩවියෙන් Subtitles ලබාගැනීමට:
පියවර 01: මුලින්ම Dirrect Download Button එක ක්ලික් කරන්න.
පියවර 02: ඉන්පසු තත්පර 5ක් රැඳී සිට, නැවත Back වන්න (Navigate back).
පියවර 03: දැන් Start Download ක්ලික් කරන්න. එවිට Subtitle ෆයිල් එක Zip File එකක් ලෙස ඩවුන්ලෝඩ් වේවි.
භාවිතා කරන ආකාරය: එම Zip ෆයිල් එක Extract (Unzip) කර, ඔබගේ Video Player එකට Add කරගෙන උපසිරැසි සමඟින් රසවිඳින්න.
2. Telegram හරහා Direct ලබාගැනීමට:
මෙහි ඇති Telegram Download Button එක ක්ලික් කරන්න.
එවිට අපගේ Telegram Bot මඟින් අදාළ Subtitle ෆයිල් එක සහ ඒ හා සබැඳි Movie හෝ TV Series Episode එක සෘජුවම ඔබට ලබා දෙනු ඇත.
එතැනින් ඉතා පහසුවෙන් ඩවුන්ලෝඩ් කර නැරඹීමේ හැකියාව පවතී.
📌 අලුත්ම Updates ලබාගැනීමට:
චිත්‍රපට සහ ටෙලි කථා මාලාවල අලුත්ම Updates සහ Subtitles ක්ෂණිකව ලබාගැනීමට දැන්ම අපගේ Telegram Channel එකට සහ FB Page එකට Join වෙන්න! 🎬",8.5,2008,1,11,"<meta name=""keywords"" content=""Sons of Anarchy Season [X] Episode [Y], Sons of Anarchy Sinhala Subtitles, Sons of Anarchy [X]x[Y] sub, Watch Sons of Anarchy online, SAMCRO, Jax Teller, TV Series Sinhala Sub, Sons of anarchy download, [pixelpoplk]"">",https://telegram.me/PixelPopLk_bot?start=ebff73b8-00dd-4658-98c4-fc37feba518c,17
25,2026-07-06 18:51:33.429257+00,Sons of Anarchy,https://vtzndlehoqopaxdxmwim.supabase.co/storage/v1/object/public/pixelpoplk/SOA/Sons_Of_Anarchy_S01E12_4957.zip?download,https://image.tmdb.org/t/p/original/kiy8BHtIHAslh81rvFcZ4wbNGdY.jpg,"Action, Crime ,Drama, Tragedy","📥 Subtitles සහ Movies/TV Series පහසුවෙන්ම Download කරගන්නේ කෙසේද?
1. වෙබ් අඩවියෙන් Subtitles ලබාගැනීමට:
පියවර 01: මුලින්ම Dirrect Download Button එක ක්ලික් කරන්න.
පියවර 02: ඉන්පසු තත්පර 5ක් රැඳී සිට, නැවත Back වන්න (Navigate back).
පියවර 03: දැන් Start Download ක්ලික් කරන්න. එවිට Subtitle ෆයිල් එක Zip File එකක් ලෙස ඩවුන්ලෝඩ් වේවි.
භාවිතා කරන ආකාරය: එම Zip ෆයිල් එක Extract (Unzip) කර, ඔබගේ Video Player එකට Add කරගෙන උපසිරැසි සමඟින් රසවිඳින්න.
2. Telegram හරහා Direct ලබාගැනීමට:
මෙහි ඇති Telegram Download Button එක ක්ලික් කරන්න.
එවිට අපගේ Telegram Bot මඟින් අදාළ Subtitle ෆයිල් එක සහ ඒ හා සබැඳි Movie හෝ TV Series Episode එක සෘජුවම ඔබට ලබා දෙනු ඇත.
එතැනින් ඉතා පහසුවෙන් ඩවුන්ලෝඩ් කර නැරඹීමේ හැකියාව පවතී.
📌 අලුත්ම Updates ලබාගැනීමට:
චිත්‍රපට සහ ටෙලි කථා මාලාවල අලුත්ම Updates සහ Subtitles ක්ෂණිකව ලබාගැනීමට දැන්ම අපගේ Telegram Channel එකට සහ FB Page එකට Join වෙන්න! 🎬",8.5,2008,1,12,"<meta name=""keywords"" content=""Sons of Anarchy Season [X] Episode [Y], Sons of Anarchy Sinhala Subtitles, Sons of Anarchy [X]x[Y] sub, Watch Sons of Anarchy online, SAMCRO, Jax Teller, TV Series Sinhala Sub, Sons of anarchy download, [pixelpoplk]"">",https://telegram.me/PixelPopLk_bot?start=84bc7d3b-16ab-4242-843e-930443b68382,17
26,2026-07-06 18:51:33.429257+00,Sons of Anarchy,https://vtzndlehoqopaxdxmwim.supabase.co/storage/v1/object/public/pixelpoplk/SOA/Sons_Of_Anarchy_S01E13_9695.zip?download,https://image.tmdb.org/t/p/original/kiy8BHtIHAslh81rvFcZ4wbNGdY.jpg,"Action, Crime ,Drama, Tragedy","📥 Subtitles සහ Movies/TV Series පහසුවෙන්ම Download කරගන්නේ කෙසේද?
1. වෙබ් අඩවියෙන් Subtitles ලබාගැනීමට:
පියවර 01: මුලින්ම Dirrect Download Button එක ක්ලික් කරන්න.
පියවර 02: ඉන්පසු තත්පර 5ක් රැඳී සිට, නැවත Back වන්න (Navigate back).
පියවර 03: දැන් Start Download ක්ලික් කරන්න. එවිට Subtitle ෆයිල් එක Zip File එකක් ලෙස ඩවුන්ලෝඩ් වේවි.
භාවිතා කරන ආකාරය: එම Zip ෆයිල් එක Extract (Unzip) කර, ඔබගේ Video Player එකට Add කරගෙන උපසිරැසි සමඟින් රසවිඳින්න.
2. Telegram හරහා Direct ලබාගැනීමට:
මෙහි ඇති Telegram Download Button එක ක්ලික් කරන්න.
එවිට අපගේ Telegram Bot මඟින් අදාළ Subtitle ෆයිල් එක සහ ඒ හා සබැඳි Movie හෝ TV Series Episode එක සෘජුවම ඔබට ලබා දෙනු ඇත.
එතැනින් ඉතා පහසුවෙන් ඩවුන්ලෝඩ් කර නැරඹීමේ හැකියාව පවතී.
📌 අලුත්ම Updates ලබාගැනීමට:
චිත්‍රපට සහ ටෙලි කථා මාලාවල අලුත්ම Updates සහ Subtitles ක්ෂණිකව ලබාගැනීමට දැන්ම අපගේ Telegram Channel එකට සහ FB Page එකට Join වෙන්න! 🎬",8.5,2008,1,13,"<meta name=""keywords"" content=""Sons of Anarchy Season [X] Episode [Y], Sons of Anarchy Sinhala Subtitles, Sons of Anarchy [X]x[Y] sub, Watch Sons of Anarchy online, SAMCRO, Jax Teller, TV Series Sinhala Sub, Sons of anarchy download, [pixelpoplk]"">",https://telegram.me/PixelPopLk_bot?start=a234283e-f3ba-452d-b5a6-b580b65c0e69,17
27,2026-07-10 21:03:45.984807+00,Sons of Anarchy,https://jgechrsxkejzizcrrvjc.supabase.co/storage/v1/object/public/Subtitles%20Zip/Sons%20Of%20anarchy/Season%201/Sons_Of_Anarchy_S02E01_7168.zip?download,https://image.tmdb.org/t/p/original/aIZ8Fze3sJHC0OWtYXIYVCKnpMr.jpg,"Action, Crime ,Drama, Tragedy","📥 Subtitles සහ Movies/TV Series පහසුවෙන්ම Download කරගන්නේ කෙසේද?

1. වෙබ් අඩවියෙන් Subtitles ලබාගැනීමට:

පියවර 01: මුලින්ම Dirrect Download Button එක ක්ලික් කරන්න.

පියවර 02: ඉන්පසු තත්පර 5ක් රැඳී සිට, නැවත Back වන්න (Navigate back).

පියවර 03: දැන් Start Download ක්ලික් කරන්න. එවිට Subtitle ෆයිල් එක Zip File එකක් ලෙස ඩවුන්ලෝඩ් වේවි.

භාවිතා කරන ආකාරය: එම Zip ෆයිල් එක Extract (Unzip) කර, ඔබගේ Video Player එකට Add කරගෙන උපසිරැසි සමඟින් රසවිඳින්න.

2. Telegram හරහා Direct ලබාගැනීමට:
මෙහි ඇති Telegram Download Button එක ක්ලික් කරන්න.

එවිට අපගේ Telegram Bot මඟින් අදාළ Subtitle ෆයිල් එක සහ ඒ හා සබැඳි Movie හෝ TV Series Episode එක සෘජුවම ඔබට ලබා දෙනු ඇත.

එතැනින් ඉතා පහසුවෙන් ඩවුන්ලෝඩ් කර නැරඹීමේ හැකියාව පවතී.

📌 අලුත්ම Updates ලබාගැනීමට:

චිත්‍රපට සහ ටෙලි කථා මාලාවල අලුත්ම Updates සහ Subtitles ක්ෂණිකව ලබාගැනීමට දැන්ම අපගේ Telegram Channel එකට සහ FB Page එකට Join වෙන්න! 🎬",8.5,2008,2,1,"<meta name=""keywords"" content=""Sons of Anarchy Season 2 Episode 1, Sons of Anarchy Sinhala Subtitles, Sons of Anarchy 2x1 sub, Watch Sons of Anarchy online, SAMCRO, Jax Teller, TV Series Sinhala Sub, Sons of anarchy download, [pixelpoplk]"">",https://telegram.me/Pixelpopnew_bot?start=bZLcfBOHyGo,63
28,2026-07-10 21:03:45.984807+00,Sons of Anarchy,https://jgechrsxkejzizcrrvjc.supabase.co/storage/v1/object/public/Subtitles%20Zip/Sons%20Of%20anarchy/Season%201/Sons_Of_Anarchy_S02E02_7183.zip?download,https://image.tmdb.org/t/p/original/aIZ8Fze3sJHC0OWtYXIYVCKnpMr.jpg,"Action, Crime ,Drama, Tragedy","📥 Subtitles සහ Movies/TV Series පහසුවෙන්ම Download කරගන්නේ කෙසේද?

1. වෙබ් අඩවියෙන් Subtitles ලබාගැනීමට:

පියවර 01: මුලින්ම Dirrect Download Button එක ක්ලික් කරන්න.

පියවර 02: ඉන්පසු තත්පර 5ක් රැඳී සිට, නැවත Back වන්න (Navigate back).

පියවර 03: දැන් Start Download ක්ලික් කරන්න. එවිට Subtitle ෆයිල් එක Zip File එකක් ලෙස ඩවුන්ලෝඩ් වේවි.

භාවිතා කරන ආකාරය: එම Zip ෆයිල් එක Extract (Unzip) කර, ඔබගේ Video Player එකට Add කරගෙන උපසිරැසි සමඟින් රසවිඳින්න.

2. Telegram හරහා Direct ලබාගැනීමට:
මෙහි ඇති Telegram Download Button එක ක්ලික් කරන්න.

එවිට අපගේ Telegram Bot මඟින් අදාළ Subtitle ෆයිල් එක සහ ඒ හා සබැඳි Movie හෝ TV Series Episode එක සෘජුවම ඔබට ලබා දෙනු ඇත.

එතැනින් ඉතා පහසුවෙන් ඩවුන්ලෝඩ් කර නැරඹීමේ හැකියාව පවතී.

📌 අලුත්ම Updates ලබාගැනීමට:

චිත්‍රපට සහ ටෙලි කථා මාලාවල අලුත්ම Updates සහ Subtitles ක්ෂණිකව ලබාගැනීමට දැන්ම අපගේ Telegram Channel එකට සහ FB Page එකට Join වෙන්න! 🎬",8.5,2008,2,2,"<meta name=""keywords"" content=""Sons of Anarchy Season 2 Episode 2, Sons of Anarchy Sinhala Subtitles, Sons of Anarchy 2x2 sub, Watch Sons of Anarchy online, SAMCRO, Jax Teller, TV Series Sinhala Sub, Sons of anarchy download, [pixelpoplk]"">",https://telegram.me/Pixelpopnew_bot?start=wSdi9dygo7c,24
29,2026-07-10 21:03:45.984807+00,Sons of Anarchy,https://jgechrsxkejzizcrrvjc.supabase.co/storage/v1/object/public/Subtitles%20Zip/Sons%20Of%20anarchy/Season%201/Sons_Of_Anarchy_S02E03_7683.zip?download,https://image.tmdb.org/t/p/original/aIZ8Fze3sJHC0OWtYXIYVCKnpMr.jpg,"Action, Crime ,Drama, Tragedy","📥 Subtitles සහ Movies/TV Series පහසුවෙන්ම Download කරගන්නේ කෙසේද?

1. වෙබ් අඩවියෙන් Subtitles ලබාගැනීමට:

පියවර 01: මුලින්ම Dirrect Download Button එක ක්ලික් කරන්න.

පියවර 02: ඉන්පසු තත්පර 5ක් රැඳී සිට, නැවත Back වන්න (Navigate back).

පියවර 03: දැන් Start Download ක්ලික් කරන්න. එවිට Subtitle ෆයිල් එක Zip File එකක් ලෙස ඩවුන්ලෝඩ් වේවි.

භාවිතා කරන ආකාරය: එම Zip ෆයිල් එක Extract (Unzip) කර, ඔබගේ Video Player එකට Add කරගෙන උපසිරැසි සමඟින් රසවිඳින්න.

2. Telegram හරහා Direct ලබාගැනීමට:
මෙහි ඇති Telegram Download Button එක ක්ලික් කරන්න.

එවිට අපගේ Telegram Bot මඟින් අදාළ Subtitle ෆයිල් එක සහ ඒ හා සබැඳි Movie හෝ TV Series Episode එක සෘජුවම ඔබට ලබා දෙනු ඇත.

එතැනින් ඉතා පහසුවෙන් ඩවුන්ලෝඩ් කර නැරඹීමේ හැකියාව පවතී.

📌 අලුත්ම Updates ලබාගැනීමට:

චිත්‍රපට සහ ටෙලි කථා มාලාවල අලුත්ම Updates සහ Subtitles ක්ෂණිකව ලබාගැනීමට දැන්ම අපගේ Telegram Channel එකට සහ FB Page එකට Join වෙන්න! 🎬",8.5,2008,2,3,"<meta name=""keywords"" content=""Sons of Anarchy Season 2 Episode 3, Sons of Anarchy Sinhala Subtitles, Sons of Anarchy 2x3 sub, Watch Sons of Anarchy online, SAMCRO, Jax Teller, TV Series Sinhala Sub, Sons of anarchy download, [pixelpoplk]"">",https://telegram.me/Pixelpopnew_bot?start=bz5FEqL7Alw,18
30,2026-07-10 21:03:45.984807+00,Sons of Anarchy,https://jgechrsxkejzizcrrvjc.supabase.co/storage/v1/object/public/Subtitles%20Zip/Sons%20Of%20anarchy/Season%201/Sons_Of_Anarchy_S02E04_4852.zip?download,https://image.tmdb.org/t/p/original/aIZ8Fze3sJHC0OWtYXIYVCKnpMr.jpg,"Action, Crime ,Drama, Tragedy","📥 Subtitles සහ Movies/TV Series පහසුවෙන්ම Download කරගන්නේ කෙසේද?

1. වෙබ් අඩවියෙන් Subtitles ලබාගැනීමට:

පියවර 01: මුලින්ම Dirrect Download Button එක ක්ලික් කරන්න.

පියවර 02: ඉන්පසු තත්පර 5ක් රැඳී සිට, නැවත Back වන්න (Navigate back).

පියවර 03: දැන් Start Download ක්ලික් කරන්න. එවිට Subtitle ෆයිල් එක Zip File එකක් ලෙස ඩවුන්ලෝඩ් වේවි.

භාවිතා කරන ආකාරය: එම Zip ෆයිල් එක Extract (Unzip) කර, ඔබගේ Video Player එකට Add කරගෙන උපසිරැසි සමඟින් රසවිඳින්න.

2. Telegram හරහා Direct ලබාගැනීමට:
මෙහි ඇති Telegram Download Button එක ක්ලික් කරන්න.

එවිට අපගේ Telegram Bot මඟින් අදාළ Subtitle ෆයිල් එක සහ ඒ හා සබැඳි Movie හෝ TV Series Episode එක සෘජුවම ඔබට ලබා දෙනු ඇත.

එතැනින් ඉතා පහසුවෙන් ඩවුන්ලෝඩ් කර නැරඹීමේ හැකියාව පවතී.

📌 අලුත්ම Updates ලබාගැනීමට:

චිත්‍රපට සහ ටෙලි කථා මාලාවල අලුත්ම Updates සහ Subtitles ක්ෂණිකව ලබාගැනීමට දැන්ම අපගේ Telegram Channel එකට සහ FB Page එකට Join වෙන්න! 🎬",8.5,2008,2,4,"<meta name=""keywords"" content=""Sons of Anarchy Season 2 Episode 4, Sons of Anarchy Sinhala Subtitles, Sons of Anarchy 2x4 sub, Watch Sons of Anarchy online, SAMCRO, Jax Teller, TV Series Sinhala Sub, Sons of anarchy download, [pixelpoplk]"">",https://telegram.me/Pixelpopnew_bot?start=kwpKKX_0HMc,15
31,2026-07-10 21:03:45.984807+00,Sons of Anarchy,https://jgechrsxkejzizcrrvjc.supabase.co/storage/v1/object/public/Subtitles%20Zip/Sons%20Of%20anarchy/Season%201/Sons_Of_Anarchy_S02E05_4480.zip?download,https://image.tmdb.org/t/p/original/aIZ8Fze3sJHC0OWtYXIYVCKnpMr.jpg,"Action, Crime ,Drama, Tragedy","📥 Subtitles සහ Movies/TV Series පහසුවෙන්ම Download කරගන්නේ කෙසේද?

1. වෙබ් අඩවියෙන් Subtitles ලබාගැනීමට:

පියවර 01: මුලින්ම Dirrect Download Button එක ක්ලික් කරන්න.

පියවර 02: ඉන්පසු තත්පර 5ක් රැඳී සිට, නැවත Back වන්න (Navigate back).

පියවර 03: දැන් Start Download ක්ලික් කරන්න. එවිට Subtitle ෆයිල් එක Zip File එකක් ලෙස ඩවුන්ලෝඩ් වේවි.

භාවිතා කරන ආකාරය: එම Zip ෆයිල් එක Extract (Unzip) කර, ඔබගේ Video Player එකට Add කරගෙන උපසිරැසි සමඟින් රසවිඳින්න.

2. Telegram හරහා Direct ලබාගැනීමට:
මෙහි ඇති Telegram Download Button එක ක්ලික් කරන්න.

එවිට අපගේ Telegram Bot මඟින් අදාළ Subtitle ෆයිල් එක සහ ඒ හා සබැඳි Movie හෝ TV Series Episode එක සෘජුවම ඔබට ලබා දෙනු ඇත.

එතැනින් ඉතා පහසුවෙන් ඩවුන්ලෝඩ් කර නැරඹීමේ හැකියාව පවතී.

📌 අලුත්ම Updates ලබාගැනීමට:

චිත්‍රපට සහ ටෙලි කථා මාලාවල අලුත්ම Updates සහ Subtitles ක්ෂණිකව ලබාගැනීමට දැන්ම අපගේ Telegram Channel එකට සහ FB Page එකට Join වෙන්න! 🎬",8.5,2008,2,5,"<meta name=""keywords"" content=""Sons of Anarchy Season 2 Episode 5, Sons of Anarchy Sinhala Subtitles, Sons of Anarchy 2x5 sub, Watch Sons of Anarchy online, SAMCRO, Jax Teller, TV Series Sinhala Sub, Sons of anarchy download, [pixelpoplk]"">",https://telegram.me/Pixelpopnew_bot?start=8sVvr3oJCC8,15
32,2026-07-10 21:03:45.984807+00,Sons of Anarchy,https://jgechrsxkejzizcrrvjc.supabase.co/storage/v1/object/public/Subtitles%20Zip/Sons%20Of%20anarchy/Season%201/Sons_Of_Anarchy_S02E06_1294.zip?download,https://image.tmdb.org/t/p/original/aIZ8Fze3sJHC0OWtYXIYVCKnpMr.jpg,"Action, Crime ,Drama, Tragedy","📥 Subtitles සහ Movies/TV Series පහසුවෙන්ම Download කරගන්නේ කෙසේද?

1. වෙබ් අඩවියෙන් Subtitles ලබාගැනීමට:

පියවර 01: මුලින්ම Dirrect Download Button එක ක්ලික් කරන්න.

පියවර 02: ඉන්පසු තත්පර 5ක් රැඳී සිට, නැවත Back වන්න (Navigate back).

පියවර 03: දැන් Start Download ක්ලික් කරන්න. එවිට Subtitle ෆයිල් එක Zip File එකක් ලෙස ඩවුන්ලෝඩ් වේවි.

භාවිතා කරන ආකාරය: එම Zip ෆයිල් එක Extract (Unzip) කර, ඔබගේ Video Player එකට Add කරගෙන උපසිරැසි සමඟින් රසවිඳින්න.

2. Telegram හරහා Direct ලබාගැනීමට:
මෙහි ඇති Telegram Download Button එක ක්ලික් කරන්න.

එවිට අපගේ Telegram Bot මඟින් අදාළ Subtitle ෆයිල් එක සහ ඒ හා සබැඳි Movie හෝ TV Series Episode එක සෘජුවම ඔබට ලබා දෙනු ඇත.

එතැනින් ඉතා පහසුවෙන් ඩවුන්ලෝඩ් කර නැරඹීමේ හැකියාව පවතී.

📌 අලුත්ම Updates ලබාගැනීමට:

චිත්‍රපට සහ ටෙලි කථා මාලාවල අලුත්ම Updates සහ Subtitles ක්ෂණිකව ලබාගැනීමට දැන්ම අපගේ Telegram Channel එකට සහ FB Page එකට Join වෙන්න! 🎬",8.5,2008,2,6,"<meta name=""keywords"" content=""Sons of Anarchy Season 2 Episode 6, Sons of Anarchy Sinhala Subtitles, Sons of Anarchy 2x6 sub, Watch Sons of Anarchy online, SAMCRO, Jax Teller, TV Series Sinhala Sub, Sons of anarchy download, [pixelpoplk]"">",https://telegram.me/Pixelpopnew_bot?start=tQBSfGa8rbE,12
33,2026-07-13 01:46:09.988815+00,House of The Dragon,https://jgechrsxkejzizcrrvjc.supabase.co/storage/v1/object/public/Subtitles%20Zip/Hotd/House.of.the.Dragon.S03E04.WEBRip.Sinhala_2054.zip?download,https://image.tmdb.org/t/p/original/wSvDQN6tZR4VzDDZD3MUPIghVjC.jpg,"series,drama,fantasy,adventure,action","🐉 House of the Dragon [Season 03 : Episode 04] - සිංහල උපසිරැසි 🎬

පසුගිය 3 වෙනි කොටසෙන් කතාව සම්පූර්ණයෙන්ම උඩුයටිකුරු කරන ලොකු හැරවුම් ලක්ෂ්‍ය කිහිපයක්ම සිද්ධ වුණා. 👑 Rhaenyra විසින් Aegon මියගිය බව ප්‍රකාශ කරලා King's Landing වල තමන්ගේ බලය ස්ථාවර කරගන්න උත්සාහ කරද්දී, Ulf White, Hugh Hammer සහ Addam of Hull නිල වශයෙන් knightsලා බවට පත්වුණා. හැබැයි Harrenhal බලකොටුවෙන් පසු 🐉 Aemond සහ Vhagar මකරා අතුරුදන් වීමත්, Ormund Hightower සැබෑ Daeron Targaryenව සඟවාගෙන Tumbleton නගරය ආක්‍රමණය කිරීමත් නිසා Team Black එකට අලුත් තර්ජනයක් මතු වුණා. ⚔️

මේ සියලු ගැටලු මැද, Daemon විසින් Lady Arryn මුණගැසීමට The Vale බලා පිටත්ව යන අතරතුර, අද විකාශය වන 4 වැනි කොටසින් සැබෑ Daeronගේ පැමිණීමත් සමඟ සිදුවන දේශපාලන පෙරළිය සහ Aemondගේ අබිරහස ලිහෙන්නේ කොහොමද කියලා බලාගන්න පුළුවන්. 🧐

📥 වීඩියෝ පිටපත් සහ උපසිරැසි ලබාගන්නා ආකාරය:

📄 Direct Subtitle Download: කිසිදු බාධාවකින් තොරව සිංහල උපසිරැසි ගොනුව (SRT) සෘජුවම බාගත කරගත හැක.

✈️ Telegram පිටපත්: වීඩියෝව සමඟ උපසිරැසි නැරඹීමට කැමති අය සඳහා 720p, 1080p සහ 4K උසස් තත්ත්වයේ WEB-DL වීඩියෝ පිටපත් සහ උපසිරැසි සියල්ලම ටෙලිග්‍රෑම් චැනලය හරහා ලබාගත හැක.",8.3,2026,3,4,"<meta name=""description"" content=""House of the Dragon Season 3 Episode 4 Sinhala Subtitle. Telegram එකෙන් 720p, 1080p, 4K WEB-DL පිටපත් සහ සිංහල උපසිරැසි සෘජුවම බාගත කරගන්න."">  <meta name=""keywords"" content=""House of the Dragon S03E04 Sinhala Sub, HOTD Season 3 Episode 4 Sinhala Subtitle, House of the Dragon Telegram, HOTD S3E4 WEB-DL, Sinhala Subtitles""> #HouseOfTheDragon #HOTD #HOTDS3 #HOTDS3E4 #HouseOfTheDragonSeason3 #SinhalaSubtitles #SinhalaSub #HOTDSinhalaSub #HouseOfTheDragonSinhala #SriLanka #TVSeriesSinhalaSub #HOTDS03E04",https://telegram.me/PixelPopLk_bot?start=3f71a5c6-3156-4e93-a371-98383cd89447,15
34,2026-07-14 05:32:34.672294+00,Backrooms 2026,https://jgechrsxkejzizcrrvjc.supabase.co/storage/v1/object/public/Subtitles%20Zip/Movies/Backrooms%202026/Backrooms.2026.WEBRip.HEVC-PSA.mkv3_sinhala-646474.zip?download,https://image.tmdb.org/t/p/original/rhGx6E3qRNMgj3i5su2oukNHwIQ.jpg,"Horror ,Sci-Fi ,Thriller,Movie","🚪 The Backrooms (2026) Movie - සිංහල උපසිරැසි 🎬

අන්තර්ජාලය පුරාම ලොකු කුතුහලයක් ඇති කරපු, හැමෝම මඟබලාගෙන හිටපු අභිරහස් The Backrooms Film එක ඔන්න දැන් නරඹන්න පුළුවන්. හිතාගන්නවත් බැරි විදිහට අපේ සාමාන්‍ය ලෝකයෙන් වෙනස්ම මානයකට ඇදවැටෙන මිනිස්සු පිරිසකට මුහුණ දෙන්න වෙන සිදුවීම් දාමයක් වටා තමයි මේ කතාව ගෙතිලා තියෙන්නේ. කහ පාට බිත්ති තියෙන, නිමක් නැති හිස් කාමර ගොඩක් ඇතුළේ තනිවුණාම දැනෙන තනිකමත් එක්කම එන අමුතුම බය මේ ෆිල්ම් එක පුරාම තියෙනවා. 🚪🔦

A24 ආයතනයේ සුපිරි නිෂ්පාදනයක් විදිහට Kane Parsons ගේ අධ්‍යක්ෂණයෙන් එළිදකින මේ ෆිල්ම් එකේ කතාව ගැන වැඩිපුර මුකුත්ම නොකියා ඉන්න එක තමයි හොඳම දේ. මොකද මේක එක පාරටම බලලා ඔයාම විඳගන්න ඕනේ වෙනස්ම විදිහේ Psychological Thriller අත්දැකීමක්. 🎬 ඇත්තටම The Backrooms වල තියෙන ලොකුම අබිරහස මොකක්ද කියලා ෆිල්ම් එක බලලම දැනගමු. 🤫

📥 වීඩියෝ පිටපත් සහ උපසිරැසි ලබාගන්නා ආකාරය:

📄 Direct Subtitle Download: 
කිසිදු බාධාවකින් තොරව සිංහල උපසිරැසි ගොනුව (SRT) සෘජුවම බාගත කරගත හැක.

✈️ Telegram පිටපත්: 
වීඩියෝව සමඟ උපසිරැසි නැරඹීමට කැමති අය සඳහා 720p, 1080p උසස් තත්ත්වයේ WEB  පිටපත් සහ උපසිරැසි සියල්ලම ටෙලිග්‍රෑම් චැනලය හරහා ලබාගත හැක.",7,2026,,,"<!-- Primary Meta Tags --> <title>Backrooms (2026) Sinhala Subtitles | බෑක්රූම්ස් සිංහල උපසිරැසි</title> <meta name=""title"" content=""Backrooms (2026) Sinhala Subtitles | බෑක්රූම්ස් සිංහල උපසිරැසි""> <meta name=""description"" content=""Backrooms (2026) අලුත්ම Sci-Fi Horror චිත්‍රපටයේ සිංහල උපසිරැසි (Sinhala Subtitles) කිසිදු බාධාවකින් තොරව දැන්ම ඩවුන්ලෝඩ් කරගන්න.""> <meta name=""keywords"" content=""backrooms 2026 sinhala sub, backrooms sinhala subtitles, download backrooms sinhala sub, sinhala sub backrooms, backrooms movie sinhala""> <meta name=""robots"" content=""index, follow"">  <!-- Open Graph / Facebook --> <meta property=""og:type"" content=""article""> <meta property=""og:url"" content=""ඔයාගේ_පෝස්ට්_එකේ_ලින්ක්_එක_මෙතනට_දෙන්න""> <meta property=""og:title"" content=""Backrooms (2026) Sinhala Subtitles | සිංහල උපසිරැසි""> <meta property=""og:description"" content=""A24 හි Backrooms (2026) චිත්‍රපටයේ සිංහල උපසිරැසි (Sinhala Subtitles) සමඟින් චිත්‍රපටය රසවිඳින්න. දැන්ම Download කරගන්න.""> <meta property=""og:image"" content=""ඔයාගේ_cover_photo_එකේ_ලින්ක්_එක_මෙතනට_දෙන්න"">  <!-- Twitter --> <meta property=""twitter:card"" content=""summary_large_image""> <meta property=""twitter:title"" content=""Backrooms (2026) Sinhala Subtitles | සිංහල උපසිරැසි""> <meta property=""twitter:description"" content=""Backrooms (2026) අලුත්ම Sci-Fi Horror චිත්‍රපටයේ සිංහල උපසිරැසි (Sinhala Subtitles) කිසිදු බාධාවකින් තොරව දැන්ම ඩවුන්ලෝඩ් කරගන්න.""> <meta property=""twitter:image"" content=""ඔයාගේ_cover_photo_එකේ_ලින්ක්_එක_මෙතනට_දෙන්න"">  ​#Backrooms #Backrooms2026 #SinhalaSub #SinhalaSubtitles #සිංහලඋපසිරැසි #TheBackrooms #A24 #KaneParsons #SciFiHorror #SinhalaSubMovies #TelegramMovies #SriLanka",https://telegram.me/PixelPopLk_bot?start=ce1f51a1-b727-428d-996f-5232dbe1d1ae,0
35,2026-07-14 11:59:44.37195+00,Sons of Anarchy,https://jgechrsxkejzizcrrvjc.supabase.co/storage/v1/object/public/Subtitles%20Zip/Sons%20Of%20anarchy/Season%202/Sons_Of_Anarchy_S02E07_8737.zip?download,https://image.tmdb.org/t/p/original/aIZ8Fze3sJHC0OWtYXIYVCKnpMr.jpg,"Action, Crime ,Drama, Tragedy","📥 Subtitles සහ Movies/TV Series පහසුවෙන්ම Download කරගන්නේ කෙසේද?

1. වෙබ් අඩවියෙන් Subtitles ලබාගැනීමට:

පියවර 01: මුලින්ම Dirrect Download Button එක ක්ලික් කරන්න.

පියවර 02: ඉන්පසු තත්පර 5ක් රැඳී සිට, නැවත Back වන්න (Navigate back).

පියවර 03: දැන් Start Download ක්ලික් කරන්න. එවිට Subtitle ෆයිල් එක Zip File එකක් ලෙස ඩවුන්ලෝඩ් වේවි.

භාවිතා කරන ආකාරය: එම Zip ෆයිල් එක Extract (Unzip) කර, ඔබගේ Video Player එකට Add කරගෙන උපසිරැසි සමඟින් රසවිඳින්න.

2. Telegram හරහා Direct ලබාගැනීමට:
මෙහි ඇති Telegram Download Button එක ක්ලික් කරන්න.

එවිට අපගේ Telegram Bot මඟින් අදාළ Subtitle ෆයිල් එක සහ ඒ හා සබැඳි Movie හෝ TV Series Episode එක සෘජුවම ඔබට ලබා දෙනු ඇත.

එතැනින් ඉතා පහසුවෙන් ඩවුන්ලෝඩ් කර නැරඹීමේ හැකියාව පවතී.

📌 අලුත්ම Updates ලබාගැනීමට:

චිත්‍රපට සහ ටෙලි කථා මාලාවල අලුත්ම Updates සහ Subtitles ක්ෂණිකව ලබාගැනීමට දැන්ම අපගේ Telegram Channel එකට සහ FB Page එකට Join වෙන්න! 🎬",8.5,2008,2,7,"<meta name=""keywords"" content=""Sons of Anarchy Season 2 Episode 7, Sons of Anarchy Sinhala Subtitles, Sons of Anarchy 2x7 sub, Watch Sons of Anarchy online, SAMCRO, Jax Teller, TV Series Sinhala Sub, Sons of anarchy download, [pixelpoplk]""> <meta name=""description"" content=""Sons of Anarchy Season 2 Episode 7 Sinhala Subtitles. Download Sons of Anarchy S02E07 Sinhala Sub online. #SonsofAnarchy #SinhalaSub #SonsOfAnarchyS02E07 #SAMCRO #pixelpoplk"">",https://telegram.me/Pixelpopnew_bot?start=QKnz2FD0oMU,11
36,2026-07-14 11:59:44.37195+00,Sons of Anarchy,https://jgechrsxkejzizcrrvjc.supabase.co/storage/v1/object/public/Subtitles%20Zip/Sons%20Of%20anarchy/Season%202/Sons_Of_Anarchy_S02E08_2643.zip?download,https://image.tmdb.org/t/p/original/aIZ8Fze3sJHC0OWtYXIYVCKnpMr.jpg,"Action, Crime ,Drama, Tragedy","📥 Subtitles සහ Movies/TV Series පහසුවෙන්ම Download කරගන්නේ කෙසේද?

1. වෙබ් අඩවියෙන් Subtitles ලබාගැනීමට:

පියවර 01: මුලින්ම Dirrect Download Button එක ක්ලික් කරන්න.

පියවර 02: ඉන්පසු තත්පර 5ක් රැඳී සිට, නැවත Back වන්න (Navigate back).

පියවර 03: දැන් Start Download ක්ලික් කරන්න. එවිට Subtitle ෆයිල් එක Zip File එකක් ලෙස ඩවුන්ලෝඩ් වේවි.

භාවිතා කරන ආකාරය: එම Zip ෆයිල් එක Extract (Unzip) කර, ඔබගේ Video Player එකට Add කරගෙන උපසිරැසි සමඟින් රසවිඳින්න.

2. Telegram හරහා Direct ලබාගැනීමට:
මෙහි ඇති Telegram Download Button එක ක්ලික් කරන්න.

එවිට අපගේ Telegram Bot මඟින් අදාළ Subtitle ෆයිල් එක සහ ඒ හා සබැඳි Movie හෝ TV Series Episode එක සෘජුවම ඔබට ලබා දෙනු ඇත.

එතැනින් ඉතා පහසුවෙන් ඩවුන්ලෝඩ් කර නැරඹීමේ හැකියාව පවතී.

📌 අලුත්ම Updates ලබාගැනීමට:

චිත්‍රපට සහ ටෙලි කථා මාලාවල අලුත්ම Updates සහ Subtitles ක්ෂණිකව ලබාගැනීමට දැන්ම අපගේ Telegram Channel එකට සහ FB Page එකට Join වෙන්න! 🎬",8.5,2008,2,8,"<meta name=""keywords"" content=""Sons of Anarchy Season 2 Episode 8, Sons of Anarchy Sinhala Subtitles, Sons of Anarchy 2x8 sub, Watch Sons of Anarchy online, SAMCRO, Jax Teller, TV Series Sinhala Sub, Sons of anarchy download, [pixelpoplk]""> <meta name=""description"" content=""Sons of Anarchy Season 2 Episode 8 Sinhala Subtitles. Download Sons of Anarchy S02E08 Sinhala Sub online. #SonsofAnarchy #SinhalaSub #SonsOfAnarchyS02E08 #SAMCRO #pixelpoplk"">",https://telegram.me/Pixelpopnew_bot?start=_E8XvNCEomU,12
37,2026-07-14 11:59:44.37195+00,Sons of Anarchy,https://jgechrsxkejzizcrrvjc.supabase.co/storage/v1/object/public/Subtitles%20Zip/Sons%20Of%20anarchy/Season%202/Sons_Of_Anarchy_S02E09_2950.zip?download,https://image.tmdb.org/t/p/original/aIZ8Fze3sJHC0OWtYXIYVCKnpMr.jpg,"Action, Crime ,Drama, Tragedy","📥 Subtitles සහ Movies/TV Series පහසුවෙන්ම Download කරගන්නේ කෙසේද?

1. වෙබ් අඩවියෙන් Subtitles ලබාගැනීමට:

පියවර 01: මුලින්ම Dirrect Download Button එක ක්ලික් කරන්න.

පියවර 02: ඉන්පසු තත්පර 5ක් රැඳී සිට, නැවත Back වන්න (Navigate back).

පියවර 03: දැන් Start Download ක්ලික් කරන්න. එවිට Subtitle ෆයිල් එක Zip File එකක් ලෙස ඩවුන්ලෝඩ් වේවි.

භාවිතා කරන ආකාරය: එම Zip ෆයිල් එක Extract (Unzip) කර, ඔබගේ Video Player එකට Add කරගෙන උපසිරැසි සමඟින් රසවිඳින්න.

2. Telegram හරහා Direct ලබාගැනීමට:
මෙහි ඇති Telegram Download Button එක ක්ලික් කරන්න.

එවිට අපගේ Telegram Bot මඟින් අදාළ Subtitle ෆයිල් එක සහ ඒ හා සබැඳි Movie හෝ TV Series Episode එක සෘජුවම ඔබට ලබා දෙනු ඇත.

එතැනින් ඉතා පහසුවෙන් ඩවුන්ලෝඩ් කර නැරඹීමේ හැකියාව පවතී.

📌 අලුත්ම Updates ලබාගැනීමට:

චිත්‍රපට සහ ටෙලි කථා මාලාවල අලුත්ම Updates සහ Subtitles ක්ෂණිකව ලබාගැනීමට දැන්ම අපගේ Telegram Channel එකට සහ FB Page එකට Join වෙන්න! 🎬",8.5,2008,2,9,"<meta name=""keywords"" content=""Sons of Anarchy Season 2 Episode 9, Sons of Anarchy Sinhala Subtitles, Sons of Anarchy 2x9 sub, Watch Sons of Anarchy online, SAMCRO, Jax Teller, TV Series Sinhala Sub, Sons of anarchy download, [pixelpoplk]""> <meta name=""description"" content=""Sons of Anarchy Season 2 Episode 9 Sinhala Subtitles. Download Sons of Anarchy S02E09 Sinhala Sub online. #SonsofAnarchy #SinhalaSub #SonsOfAnarchyS02E09 #SAMCRO #pixelpoplk"">",https://telegram.me/Pixelpopnew_bot?start=IF7-4W1JVvI,12
38,2026-07-14 11:59:44.37195+00,Sons of Anarchy,https://jgechrsxkejzizcrrvjc.supabase.co/storage/v1/object/public/Subtitles%20Zip/Sons%20Of%20anarchy/Season%202/Sons_Of_Anarchy_S02E10_4053.zip?download,https://image.tmdb.org/t/p/original/aIZ8Fze3sJHC0OWtYXIYVCKnpMr.jpg,"Action, Crime ,Drama, Tragedy","📥 Subtitles සහ Movies/TV Series පහසුවෙන්ම Download කරගන්නේ කෙසේද?

1. වෙබ් අඩවියෙන් Subtitles ලබාගැනීමට:

පියවර 01: මුලින්ම Dirrect Download Button එක ක්ලික් කරන්න.

පියවර 02: ඉන්පසු තත්පර 5ක් රැඳී සිට, නැවත Back වන්න (Navigate back).

පියවර 03: දැන් Start Download ක්ලික් කරන්න. එවිට Subtitle ෆයිල් එක Zip File එකක් ලෙස ඩවුන්ලෝඩ් වේවි.

භාවිතා කරන ආකාරය: එම Zip ෆයිල් එක Extract (Unzip) කර, ඔබගේ Video Player එකට Add කරගෙන උපසිරැසි සමඟින් රසවිඳින්න.

2. Telegram හරහා Direct ලබාගැනීමට:
මෙහි ඇති Telegram Download Button එක ක්ලික් කරන්න.

එවිට අපගේ Telegram Bot මඟින් අදාළ Subtitle ෆයිල් එක සහ ඒ හා සබැඳි Movie හෝ TV Series Episode එක සෘජුවම ඔබට ලබා දෙනු ඇත.

එතැනින් ඉතා පහසුවෙන් ඩවුන්ලෝඩ් කර නැරඹීමේ හැකියාව පවතී.

📌 අලුත්ම Updates ලබාගැනීමට:

චිත්‍රපට සහ ටෙලි කථා මාලාවල අලුත්ම Updates සහ Subtitles ක්ෂණිකව ලබාගැනීමට දැන්ම අපගේ Telegram Channel එකට සහ FB Page එකට Join වෙන්න! 🎬",8.5,2008,2,10,"<meta name=""keywords"" content=""Sons of Anarchy Season 2 Episode 10, Sons of Anarchy Sinhala Subtitles, Sons of Anarchy 2x10 sub, Watch Sons of Anarchy online, SAMCRO, Jax Teller, TV Series Sinhala Sub, Sons of anarchy download, [pixelpoplk]""> <meta name=""description"" content=""Sons of Anarchy Season 2 Episode 10 Sinhala Subtitles. Download Sons of Anarchy S02E10 Sinhala Sub online. #SonsofAnarchy #SinhalaSub #SonsOfAnarchyS02E10 #SAMCRO #pixelpoplk"">",https://telegram.me/Pixelpopnew_bot?start=AdomEMXm41g,11
39,2026-07-14 11:59:44.37195+00,Sons of Anarchy,https://jgechrsxkejzizcrrvjc.supabase.co/storage/v1/object/public/Subtitles%20Zip/Sons%20Of%20anarchy/Season%202/Sons_Of_Anarchy_S02E11_4099.zip?download,https://image.tmdb.org/t/p/original/aIZ8Fze3sJHC0OWtYXIYVCKnpMr.jpg,"Action, Crime ,Drama, Tragedy","📥 Subtitles සහ Movies/TV Series පහසුවෙන්ම Download කරගන්නේ කෙසේද?

1. වෙබ් අඩවියෙන් Subtitles ලබාගැනීමට:

පියවර 01: මුලින්ම Dirrect Download Button එක ක්ලික් කරන්න.

පියවර 02: ඉන්පසු තත්පර 5ක් රැඳී සිට, නැවත Back වන්න (Navigate back).

පියවර 03: දැන් Start Download ක්ලික් කරන්න. එවිට Subtitle ෆයිල් එක Zip File එකක් ලෙස ඩවුන්ලෝඩ් වේවි.

භාවිතා කරන ආකාරය: එම Zip ෆයිල් එක Extract (Unzip) කර, ඔබගේ Video Player එකට Add කරගෙන උපසිරැසි සමඟින් රසවිඳින්න.

2. Telegram හරහා Direct ලබාගැනීමට:
මෙහි ඇති Telegram Download Button එක ක්ලික් කරන්න.

එවිට අපගේ Telegram Bot මඟින් අදාළ Subtitle ෆයිල් එක සහ ඒ හා සබැඳි Movie හෝ TV Series Episode එක සෘජුවම ඔබට ලබා දෙනු ඇත.

එතැනින් ඉතා පහසුවෙන් ඩවුන්ලෝඩ් කර නැරඹීමේ හැකියාව පවතී.

📌 අලුත්ම Updates ලබාගැනීමට:

චිත්‍රපට සහ ටෙලි කථා මාලාවල අලුත්ම Updates සහ Subtitles ක්ෂණිකව ලබාගැනීමට දැන්ම අපගේ Telegram Channel එකට සහ FB Page එකට Join වෙන්න! 🎬",8.5,2008,2,11,"<meta name=""keywords"" content=""Sons of Anarchy Season 2 Episode 11, Sons of Anarchy Sinhala Subtitles, Sons of Anarchy 2x11 sub, Watch Sons of Anarchy online, SAMCRO, Jax Teller, TV Series Sinhala Sub, Sons of anarchy download, [pixelpoplk]""> <meta name=""description"" content=""Sons of Anarchy Season 2 Episode 11 Sinhala Subtitles. Download Sons of Anarchy S02E11 Sinhala Sub online. #SonsofAnarchy #SinhalaSub #SonsOfAnarchyS02E11 #SAMCRO #pixelpoplk"">",https://telegram.me/Pixelpopnew_bot?start=KbYzqf3-Xj4,10
40,2026-07-14 11:59:44.37195+00,Sons of Anarchy,https://jgechrsxkejzizcrrvjc.supabase.co/storage/v1/object/public/Subtitles%20Zip/Sons%20Of%20anarchy/Season%202/Sons_Of_Anarchy_S02E12_1658.zip?download,https://image.tmdb.org/t/p/original/aIZ8Fze3sJHC0OWtYXIYVCKnpMr.jpg,"Action, Crime ,Drama, Tragedy","📥 Subtitles සහ Movies/TV Series පහසුවෙන්ම Download කරගන්නේ කෙසේද?

1. වෙබ් අඩවියෙන් Subtitles ලබාගැනීමට:

පියවර 01: මුලින්ම Dirrect Download Button එක ක්ලික් කරන්න.

පියවර 02: ඉන්පසු තත්පර 5ක් රැඳී සිට, නැවත Back වන්න (Navigate back).

පියවර 03: දැන් Start Download ක්ලික් කරන්න. එවිට Subtitle ෆයිල් එක Zip File එකක් ලෙස ඩවුන්ලෝඩ් වේවි.

භාවිතා කරන ආකාරය: එම Zip ෆයිල් එක Extract (Unzip) කර, ඔබගේ Video Player එකට Add කරගෙන උපසිරැසි සමඟින් රසවිඳින්න.

2. Telegram හරහා Direct ලබාගැනීමට:
මෙහි ඇති Telegram Download Button එක ක්ලික් කරන්න.

එවිට අපගේ Telegram Bot මඟින් අදාළ Subtitle ෆයිල් එක සහ ඒ හා සබැඳි Movie හෝ TV Series Episode එක සෘජුවම ඔබට ලබා දෙනු ඇත.

එතැනින් ඉතා පහසුවෙන් ඩවුන්ලෝඩ් කර නැරඹීමේ හැකියාව පවතී.

📌 අලුත්ම Updates ලබාගැනීමට:

චිත්‍රපට සහ ටෙලි කථා මාලාවල අලුත්ම Updates සහ Subtitles ක්ෂණිකව ලබාගැනීමට දැන්ම අපගේ Telegram Channel එකට සහ FB Page එකට Join වෙන්න! 🎬",8.5,2008,2,12,"<meta name=""keywords"" content=""Sons of Anarchy Season 2 Episode 12, Sons of Anarchy Sinhala Subtitles, Sons of Anarchy 2x12 sub, Watch Sons of Anarchy online, SAMCRO, Jax Teller, TV Series Sinhala Sub, Sons of anarchy download, [pixelpoplk]""> <meta name=""description"" content=""Sons of Anarchy Season 2 Episode 12 Sinhala Subtitles. Download Sons of Anarchy S02E12 Sinhala Sub online. #SonsofAnarchy #SinhalaSub #SonsOfAnarchyS02E12 #SAMCRO #pixelpoplk"">",https://telegram.me/Pixelpopnew_bot?start=Us5MJCmH9uU,11
41,2026-07-14 11:59:44.37195+00,Sons of Anarchy,https://jgechrsxkejzizcrrvjc.supabase.co/storage/v1/object/public/Subtitles%20Zip/Sons%20Of%20anarchy/Season%202/Sons_Of_Anarchy_S02E13_7779.zip?download,https://image.tmdb.org/t/p/original/aIZ8Fze3sJHC0OWtYXIYVCKnpMr.jpg,"Action, Crime ,Drama, Tragedy","📥 Subtitles සහ Movies/TV Series පහසුවෙන්ම Download කරගන්නේ කෙසේද?

1. වෙබ් අඩවියෙන් Subtitles ලබාගැනීමට:

පියවර 01: මුලින්ම Dirrect Download Button එක ක්ලික් කරන්න.

පියවර 02: ඉන්පසු තත්පර 5ක් රැඳී සිට, නැවත Back වන්න (Navigate back).

පියවර 03: දැන් Start Download ක්ලික් කරන්න. එවිට Subtitle ෆයිල් එක Zip File එකක් ලෙස ඩවුන්ලෝඩ් වේවි.

භාවිතා කරන ආකාරය: එම Zip ෆයිල් එක Extract (Unzip) කර, ඔබගේ Video Player එකට Add කරගෙන උපසිරැසි සමඟින් රසවිඳින්න.

2. Telegram හරහා Direct ලබාගැනීමට:
මෙහි ඇති Telegram Download Button එක ක්ලික් කරන්න.

එවිට අපගේ Telegram Bot මඟින් අදාළ Subtitle ෆයිල් එක සහ ඒ හා සබැඳි Movie හෝ TV Series Episode එක සෘජුවම ඔබට ලබා දෙනු ඇත.

එතැනින් ඉතා පහසුවෙන් ඩවුන්ලෝඩ් කර නැරඹීමේ හැකියාව පවතී.

📌 අලුත්ම Updates ලබාගැනීමට:

චිත්‍රපට සහ ටෙලි කථා මාලාවල අලුත්ම Updates සහ Subtitles ක්ෂණිකව ලබාගැනීමට දැන්ම අපගේ Telegram Channel එකට සහ FB Page එකට Join වෙන්න! 🎬",8.5,2008,2,13,"<meta name=""keywords"" content=""Sons of Anarchy Season 2 Episode 13, Sons of Anarchy Sinhala Subtitles, Sons of Anarchy 2x13 sub, Watch Sons of Anarchy online, SAMCRO, Jax Teller, TV Series Sinhala Sub, Sons of anarchy download, [pixelpoplk]""> <meta name=""description"" content=""Sons of Anarchy Season 2 Episode 13 Sinhala Subtitles. Download Sons of Anarchy S02E13 Sinhala Sub online. #SonsofAnarchy #SinhalaSub #SonsOfAnarchyS02E13 #SAMCRO #pixelpoplk"">",https://telegram.me/Pixelpopnew_bot?start=5DSSmuf-tWA,12
42,2026-07-16 15:21:01.297081+00,Sons of Anarchy,https://jgechrsxkejzizcrrvjc.supabase.co/storage/v1/object/public/Subtitles%20Zip/Sons%20Of%20anarchy/Season%203/Sons_Of_Anarchy_S03E01_580550.zip,https://image.tmdb.org/t/p/original/tOdDvDXyRbKU0GIIlKxcjaN0SDN.jpg,"Action, Crime ,Drama, Tragedy","📥 Subtitles සහ Movies/TV Series පහසුවෙන්ම Download කරගන්නේ කෙසේද?

1. වෙබ් අඩවියෙන් Subtitles ලබාගැනීමට:

පියවර 01: මුලින්ම Dirrect Download Button එක ක්ලික් කරන්න.

පියවර 02: ඉන්පසු තත්පර 5ක් රැඳී සිට, නැවත Back වන්න (Navigate back).

පියවර 03: දැන් Start Download ක්ලික් කරන්න. එවිට Subtitle ෆයිල් එක Zip File එකක් ලෙස ඩවුන්ලෝඩ් වේවි.

භාවිතා කරන ආකාරය: එම Zip ෆයිල් එක Extract (Unzip) කර, ඔබගේ Video Player එකට Add කරගෙන උපසිරැසි සමඟින් රසවිඳින්න.

2. Telegram හරහා Direct ලබාගැනීමට:
මෙහි ඇති Telegram Download Button එක ක්ලික් කරන්න.

එවිට අපගේ Telegram Bot මඟින් අදාළ Subtitle ෆයිල් එක සහ ඒ හා සබැඳි Movie හෝ TV Series Episode එක සෘජුවම ඔබට ලබා දෙනු ඇත.

එතැනින් ඉතා පහසුවෙන් ඩවුන්ලෝඩ් කර නැරඹීමේ හැකියාව පවතී.

📌 අලුත්ම Updates ලබාගැනීමට:

චිත්‍රපට සහ ටෙලි කථා මාලාවල අලුත්ම Updates සහ Subtitles ක්ෂණිකව ලබාගැනීමට දැන්ම අපගේ Telegram Channel එකට සහ FB Page එකට Join වෙන්න! 🎬",8.5,2008,3,1,"<meta name=""keywords"" content=""Sons of Anarchy Season 3 Episode 1, Sons of Anarchy Sinhala Subtitles, Sons of Anarchy 3x1 sub, Watch Sons of Anarchy online, SAMCRO, Jax Teller, TV Series Sinhala Sub, Sons of anarchy download, pixelpoplk""> <meta name=""description"" content=""Sons of Anarchy Season 3 Episode 1 Sinhala Subtitles. Download Sons of Anarchy S03E01 Sinhala Sub online from pixelpoplk."">",https://t.me/Pixelpopnew_bot?start=Nj1jum1zo8Y,11
43,2026-07-16 15:21:01.297081+00,Sons of Anarchy,https://jgechrsxkejzizcrrvjc.supabase.co/storage/v1/object/public/Subtitles%20Zip/Sons%20Of%20anarchy/Season%203/Sons_Of_Anarchy_S03E02_115537.zip,https://image.tmdb.org/t/p/original/tOdDvDXyRbKU0GIIlKxcjaN0SDN.jpg,"Action, Crime ,Drama, Tragedy","📥 Subtitles සහ Movies/TV Series පහසුවෙන්ම Download කරගන්නේ කෙසේද?

1. වෙබ් අඩවියෙන් Subtitles ලබාගැනීමට:

පියවර 01: මුලින්ම Dirrect Download Button එක ක්ලික් කරන්න.

පියවර 02: ඉන්පසු තත්පර 5ක් රැඳී සිට, නැවත Back වන්න (Navigate back).

පියවර 03: දැන් Start Download ක්ලික් කරන්න. එවිට Subtitle ෆයිල් එක Zip File එකක් ලෙස ඩවුන්ලෝඩ් වේවි.

භාවිතා කරන ආකාරය: එම Zip ෆයිල් එක Extract (Unzip) කර, ඔබගේ Video Player එකට Add කරගෙන උපසිරැසි සමඟින් රසවිඳින්න.

2. Telegram හරහා Direct ලබාගැනීමට:
මෙහි ඇති Telegram Download Button එක ක්ලික් කරන්න.

එවිට අපගේ Telegram Bot මඟින් අදාළ Subtitle ෆයිල් එක සහ ඒ හා සබැඳි Movie හෝ TV Series Episode එක සෘජුවම ඔබට ලබා දෙනු ඇත.

එතැනින් ඉතා පහසුවෙන් ඩවුන්ලෝඩ් කර නැරඹීමේ හැකියාව පවතී.

📌 අලුත්ම Updates ලබාගැනීමට:

චිත්‍රපට සහ ටෙලි කථා මාලාවල අලුත්ම Updates සහ Subtitles ක්ෂණිකව ලබාගැනීමට දැන්ම අපගේ Telegram Channel එකට සහ FB Page එකට Join වෙන්න! 🎬",8.5,2008,3,2,"<meta name=""keywords"" content=""Sons of Anarchy Season 3 Episode 2, Sons of Anarchy Sinhala Subtitles, Sons of Anarchy 3x2 sub, Watch Sons of Anarchy online, SAMCRO, Jax Teller, TV Series Sinhala Sub, Sons of anarchy download, pixelpoplk""> <meta name=""description"" content=""Sons of Anarchy Season 3 Episode 2 Sinhala Subtitles. Download Sons of Anarchy S03E02 Sinhala Sub online from pixelpoplk."">",https://t.me/Pixelpopnew_bot?start=ctyEt5nRX4w,10
44,2026-07-16 15:21:01.297081+00,Sons of Anarchy,https://jgechrsxkejzizcrrvjc.supabase.co/storage/v1/object/public/Subtitles%20Zip/Sons%20Of%20anarchy/Season%203/Sons_Of_Anarchy_S03E03_148829.zip,https://image.tmdb.org/t/p/original/tOdDvDXyRbKU0GIIlKxcjaN0SDN.jpg,"Action, Crime ,Drama, Tragedy","📥 Subtitles සහ Movies/TV Series පහසුවෙන්ම Download කරගන්නේ කෙසේද?

1. වෙබ් අඩවියෙන් Subtitles ලබාගැනීමට:

පියවර 01: මුලින්ම Dirrect Download Button එක ක්ලික් කරන්න.

පියවර 02: ඉන්පසු තත්පර 5ක් රැඳී සිට, නැවත Back වන්න (Navigate back).

පියවර 03: දැන් Start Download ක්ලික් කරන්න. එවිට Subtitle ෆයිල් එක Zip File එකක් ලෙස ඩවුන්ලෝඩ් වේවි.

භාවිතා කරන ආකාරය: එම Zip ෆයිල් එක Extract (Unzip) කර, ඔබගේ Video Player එකට Add කරගෙන උපසිරැසි සමඟින් රසවිඳින්න.

2. Telegram හරහා Direct ලබාගැනීමට:
මෙහි ඇති Telegram Download Button එක ක්ලික් කරන්න.

එවිට අපගේ Telegram Bot මඟින් අදාළ Subtitle ෆයිල් එක සහ ඒ හා සබැඳි Movie හෝ TV Series Episode එක සෘජුවම ඔබට ලබා දෙනු ඇත.

එතැනින් ඉතා පහසුවෙන් ඩවුන්ලෝඩ් කර නැරඹීමේ හැකියාව පවතී.

📌 අලුත්ම Updates ලබාගැනීමට:

චිත්‍රපට සහ ටෙලි කථා මාලාවල අලුත්ම Updates සහ Subtitles ක්ෂණිකව ලබාගැනීමට දැන්ම අපගේ Telegram Channel එකට සහ FB Page එකට Join වෙන්න! 🎬",8.5,2008,3,3,"<meta name=""keywords"" content=""Sons of Anarchy Season 3 Episode 3, Sons of Anarchy Sinhala Subtitles, Sons of Anarchy 3x3 sub, Watch Sons of Anarchy online, SAMCRO, Jax Teller, TV Series Sinhala Sub, Sons of anarchy download, pixelpoplk""> <meta name=""description"" content=""Sons of Anarchy Season 3 Episode 3 Sinhala Subtitles. Download Sons of Anarchy S03E03 Sinhala Sub online from pixelpoplk."">",https://t.me/Pixelpopnew_bot?start=ffye6Opt8Fc,12
45,2026-07-16 15:21:01.297081+00,Sons of Anarchy,https://jgechrsxkejzizcrrvjc.supabase.co/storage/v1/object/public/Subtitles%20Zip/Sons%20Of%20anarchy/Season%203/Sons_Of_Anarchy_S03E04_789789.zip,https://image.tmdb.org/t/p/original/tOdDvDXyRbKU0GIIlKxcjaN0SDN.jpg,"Action, Crime ,Drama, Tragedy","📥 Subtitles සහ Movies/TV Series පහසුවෙන්ම Download කරගන්නේ කෙසේද?

1. වෙබ් අඩවියෙන් Subtitles ලබාගැනීමට:

පියවර 01: මුලින්ම Dirrect Download Button එක ක්ලික් කරන්න.

පියවර 02: ඉන්පසු තත්පර 5ක් රැඳී සිට, නැවත Back වන්න (Navigate back).

පියවර 03: දැන් Start Download ක්ලික් කරන්න. එවිට Subtitle ෆයිල් එක Zip File එකක් ලෙස ඩවුන්ලෝඩ් වේවි.

භාවිතා කරන ආකාරය: එම Zip ෆයිල් එක Extract (Unzip) කර, ඔබගේ Video Player එකට Add කරගෙන උපසිරැසි සමඟින් රසවිඳින්න.

2. Telegram හරහා Direct ලබාගැනීමට:
මෙහි ඇති Telegram Download Button එක ක්ලික් කරන්න.

එවිට අපගේ Telegram Bot මඟින් අදාළ Subtitle ෆයිල් එක සහ ඒ හා සබැඳි Movie හෝ TV Series Episode එක සෘජුවම ඔබට ලබා දෙනු ඇත.

එතැනින් ඉතා පහසුවෙන් ඩවුන්ලෝඩ් කර නැරඹීමේ හැකියාව පවතී.

📌 අලුත්ම Updates ලබාගැනීමට:

චිත්‍රපට සහ ටෙලි කථා මාලාවල අලුත්ම Updates සහ Subtitles ක්ෂණිකව ලබාගැනීමට දැන්ම අපගේ Telegram Channel එකට සහ FB Page එකට Join වෙන්න! 🎬",8.5,2008,3,4,"<meta name=""keywords"" content=""Sons of Anarchy Season 3 Episode 4, Sons of Anarchy Sinhala Subtitles, Sons of Anarchy 3x4 sub, Watch Sons of Anarchy online, SAMCRO, Jax Teller, TV Series Sinhala Sub, Sons of anarchy download, pixelpoplk""> <meta name=""description"" content=""Sons of Anarchy Season 3 Episode 4 Sinhala Subtitles. Download Sons of Anarchy S03E04 Sinhala Sub online from pixelpoplk."">",https://t.me/Pixelpopnew_bot?start=t-q8BmS57c4,12
46,2026-07-16 15:21:01.297081+00,Sons of Anarchy,https://jgechrsxkejzizcrrvjc.supabase.co/storage/v1/object/public/Subtitles%20Zip/Sons%20Of%20anarchy/Season%203/Sons_Of_Anarchy_S03E05_586816.zip,https://image.tmdb.org/t/p/original/tOdDvDXyRbKU0GIIlKxcjaN0SDN.jpg,"Action, Crime ,Drama, Tragedy","📥 Subtitles සහ Movies/TV Series පහසුවෙන්ම Download කරගන්නේ කෙසේද?

1. වෙබ් අඩවියෙන් Subtitles ලබාගැනීමට:

පියවර 01: මුලින්ම Dirrect Download Button එක ක්ලික් කරන්න.

පියවර 02: ඉන්පසු තත්පර 5ක් රැඳී සිට, නැවත Back වන්න (Navigate back).

පියවර 03: දැන් Start Download ක්ලික් කරන්න. එවිට Subtitle ෆයිල් එක Zip File එකක් ලෙස ඩවුන්ලෝඩ් වේවි.

භාවිතා කරන ආකාරය: එම Zip ෆයිල් එක Extract (Unzip) කර, ඔබගේ Video Player එකට Add කරගෙන උපසිරැසි සමඟින් රසවිඳින්න.

2. Telegram හරහා Direct ලබාගැනීමට:
මෙහි ඇති Telegram Download Button එක ක්ලික් කරන්න.

එවිට අපගේ Telegram Bot මඟින් අදාළ Subtitle ෆයිල් එක සහ ඒ හා සබැඳි Movie හෝ TV Series Episode එක සෘජුවම ඔබට ලබා දෙනු ඇත.

එතැනින් ඉතා පහසුවෙන් ඩවුන්ලෝඩ් කර නැරඹීමේ හැකියාව පවතී.

📌 අලුත්ම Updates ලබාගැනීමට:

චිත්‍රපට සහ ටෙලි කථා මාලාවල අලුත්ම Updates සහ Subtitles ක්ෂණිකව ලබාගැනීමට දැන්ම අපගේ Telegram Channel එකට සහ FB Page එකට Join වෙන්න! 🎬",8.5,2008,3,5,"<meta name=""keywords"" content=""Sons of Anarchy Season 3 Episode 5, Sons of Anarchy Sinhala Subtitles, Sons of Anarchy 3x5 sub, Watch Sons of Anarchy online, SAMCRO, Jax Teller, TV Series Sinhala Sub, Sons of anarchy download, pixelpoplk""> <meta name=""description"" content=""Sons of Anarchy Season 3 Episode 5 Sinhala Subtitles. Download Sons of Anarchy S03E05 Sinhala Sub online from pixelpoplk."">",https://t.me/Pixelpopnew_bot?start=Xdoh5cdJPcQ,17
47,2026-07-17 13:58:47.835069+00,Sons of Anarchy,https://jgechrsxkejzizcrrvjc.supabase.co/storage/v1/object/public/Subtitles%20Zip/Sons%20Of%20anarchy/Season%203/Sons_Of_Anarchy_S03E06_7243.zip?download,https://image.tmdb.org/t/p/original/tOdDvDXyRbKU0GIIlKxcjaN0SDN.jpg,"Action, Crime ,Drama, Tragedy","📥 Subtitles සහ Movies/TV Series පහසුවෙන්ම Download කරගන්නේ කෙසේද?

1. වෙබ් අඩවියෙන් Subtitles ලබාගැනීමට:

පියවර 01: මුලින්ම Dirrect Download Button එක ක්ලික් කරන්න.

පියවර 02: ඉන්පසු තත්පර 5ක් රැඳී සිට, නැවත Back වන්න (Navigate back).

පියවර 03: දැන් Start Download ක්ලික් කරන්න. එවිට Subtitle ෆයිල් එක Zip File එකක් ලෙස ඩවුන්ලෝඩ් වේවි.

භාවිතා කරන ආකාරය: එම Zip ෆයිල් එක Extract (Unzip) කර, ඔබගේ Video Player එකට Add කරගෙන උපසිරැසි සමඟින් රසවිඳින්න.

2. Telegram හරහා Direct ලබාගැනීමට:
මෙහි ඇති Telegram Download Button එක ක්ලික් කරන්න.

එවිට අපගේ Telegram Bot මඟින් අදාළ Subtitle ෆයිල් එක සහ ඒ හා සබැඳි Movie හෝ TV Series Episode එක සෘජුවම ඔබට ලබා දෙනු ඇත.

එතැනින් ඉතා පහසුවෙන් ඩවුන්ලෝඩ් කර නැරඹීමේ හැකියාව පවතී.

📌 අලුත්ම Updates ලබාගැනීමට:

චිත්‍රපට සහ ටෙලි කථා මාලාවල අලුත්ම Updates සහ Subtitles ක්ෂණිකව ලබාගැනීමට දැන්ම අපගේ Telegram Channel එකට සහ FB Page එකට Join වෙන්න! 🎬",8.5,2008,3,6,"<meta name=""keywords"" content=""Sons of Anarchy Season 3 Episode 6, Sons of Anarchy Sinhala Subtitles, Sons of Anarchy 3x6 sub, Watch Sons of Anarchy online, SAMCRO, Jax Teller, TV Series Sinhala Sub, Sons of anarchy download, pixelpoplk""> <meta name=""description"" content=""Sons of Anarchy Season 3 Episode 6 Sinhala Subtitles. Download Sons of Anarchy S03E06 Sinhala Sub online from pixelpoplk."">",https://t.me/Pixelpopnew_bot?start=_We7V_I4Djo,14
48,2026-07-17 13:58:47.835069+00,Sons of Anarchy,https://jgechrsxkejzizcrrvjc.supabase.co/storage/v1/object/public/Subtitles%20Zip/Sons%20Of%20anarchy/Season%203/Sons_Of_Anarchy_S03E07_6877.zip?download,https://image.tmdb.org/t/p/original/tOdDvDXyRbKU0GIIlKxcjaN0SDN.jpg,"Action, Crime ,Drama, Tragedy","📥 Subtitles සහ Movies/TV Series පහසුවෙන්ම Download කරගන්නේ කෙසේද?

1. වෙබ් අඩවියෙන් Subtitles ලබාගැනීමට:

පියවර 01: මුලින්ම Dirrect Download Button එක ක්ලික් කරන්න.

පියවර 02: ඉන්පසු තත්පර 5ක් රැඳී සිට, නැවත Back වන්න (Navigate back).

පියවර 03: දැන් Start Download ක්ලික් කරන්න. එවිට Subtitle ෆයිල් එක Zip File එකක් ලෙස ඩවුන්ලෝඩ් වේවි.

භාවිතා කරන ආකාරය: එම Zip ෆයිල් එක Extract (Unzip) කර, ඔබගේ Video Player එකට Add කරගෙන උපසිරැසි සමඟින් රසවිඳින්න.

2. Telegram හරහා Direct ලබාගැනීමට:
මෙහි ඇති Telegram Download Button එක ක්ලික් කරන්න.

එවිට අපගේ Telegram Bot මඟින් අදාළ Subtitle ෆයිල් එක සහ ඒ හා සබැඳි Movie හෝ TV Series Episode එක සෘජුවම ඔබට ලබා දෙනු ඇත.

එතැනින් ඉතා පහසුවෙන් ඩවුන්ලෝඩ් කර නැරඹීමේ හැකියාව පවතී.

📌 අලුත්ම Updates ලබාගැනීමට:

චිත්‍රපට සහ ටෙලි කථා මාලාවල අලුත්ම Updates සහ Subtitles ක්ෂණිකව ලබාගැනීමට දැන්ම අපගේ Telegram Channel එකට සහ FB Page එකට Join වෙන්න! 🎬",8.5,2008,3,7,"<meta name=""keywords"" content=""Sons of Anarchy Season 3 Episode 7, Sons of Anarchy Sinhala Subtitles, Sons of Anarchy 3x7 sub, Watch Sons of Anarchy online, SAMCRO, Jax Teller, TV Series Sinhala Sub, Sons of anarchy download, pixelpoplk""> <meta name=""description"" content=""Sons of Anarchy Season 3 Episode 7 Sinhala Subtitles. Download Sons of Anarchy S03E07 Sinhala Sub online from pixelpoplk."">",https://t.me/Pixelpopnew_bot?start=db0aM82iT14,15
49,2026-07-17 13:58:47.835069+00,Sons of Anarchy,https://jgechrsxkejzizcrrvjc.supabase.co/storage/v1/object/public/Subtitles%20Zip/Sons%20Of%20anarchy/Season%203/Sons_Of_Anarchy_S03E08_1329.zip?download,https://image.tmdb.org/t/p/original/tOdDvDXyRbKU0GIIlKxcjaN0SDN.jpg,"Action, Crime ,Drama, Tragedy","📥 Subtitles සහ Movies/TV Series පහසුවෙන්ම Download කරගන්නේ කෙසේද?

1. වෙබ් අඩවියෙන් Subtitles ලබාගැනීමට:

පියවර 01: මුලින්ම Dirrect Download Button එක ක්ලික් කරන්න.

පියවර 02: ඉන්පසු තත්පර 5ක් රැඳී සිට, නැවත Back වන්න (Navigate back).

පියවර 03: දැන් Start Download ක්ලික් කරන්න. එවිට Subtitle ෆයිල් එක Zip File එකක් ලෙස ඩවුන්ලෝඩ් වේවි.

භාවිතා කරන ආකාරය: එම Zip ෆයිල් එක Extract (Unzip) කර, ඔබගේ Video Player එකට Add කරගෙන උපසිරැසි සමඟින් රසවිඳින්න.

2. Telegram හරහා Direct ලබාගැනීමට:
මෙහි ඇති Telegram Download Button එක ක්ලික් කරන්න.

එවිට අපගේ Telegram Bot මඟින් අදාළ Subtitle ෆයිල් එක සහ ඒ හා සබැඳි Movie හෝ TV Series Episode එක සෘජුවම ඔබට ලබා දෙනු ඇත.

එතැනින් ඉතා පහසුවෙන් ඩවුන්ලෝඩ් කර නැරඹීමේ හැකියාව පවතී.

📌 අලුත්ම Updates ලබාගැනීමට:

චිත්‍රපට සහ ටෙලි කථා මාලාවල අලුත්ම Updates සහ Subtitles ක්ෂණිකව ලබාගැනීමට දැන්ම අපගේ Telegram Channel එකට සහ FB Page එකට Join වෙන්න! 🎬",8.5,2008,3,8,"<meta name=""keywords"" content=""Sons of Anarchy Season 3 Episode 8, Sons of Anarchy Sinhala Subtitles, Sons of Anarchy 3x8 sub, Watch Sons of Anarchy online, SAMCRO, Jax Teller, TV Series Sinhala Sub, Sons of anarchy download, pixelpoplk""> <meta name=""description"" content=""Sons of Anarchy Season 3 Episode 8 Sinhala Subtitles. Download Sons of Anarchy S03E08 Sinhala Sub online from pixelpoplk."">",https://t.me/Pixelpopnew_bot?start=wvrsZR5C0Wc,15
50,2026-07-17 13:58:47.835069+00,Sons of Anarchy,https://jgechrsxkejzizcrrvjc.supabase.co/storage/v1/object/public/Subtitles%20Zip/Sons%20Of%20anarchy/Season%203/Sons_Of_Anarchy_S03E09_5879.zip?download,https://image.tmdb.org/t/p/original/tOdDvDXyRbKU0GIIlKxcjaN0SDN.jpg,"Action, Crime ,Drama, Tragedy","📥 Subtitles සහ Movies/TV Series පහසුවෙන්ම Download කරගන්නේ කෙසේද?

1. වෙබ් අඩවියෙන් Subtitles ලබාගැනීමට:

පියවර 01: මුලින්ම Dirrect Download Button එක ක්ලික් කරන්න.

පියවර 02: ඉන්පසු තත්පර 5ක් රැඳී සිට, නැවත Back වන්න (Navigate back).

පියවර 03: දැන් Start Download ක්ලික් කරන්න. එවිට Subtitle ෆයිල් එක Zip File එකක් ලෙස ඩවුන්ලෝඩ් වේවි.

භාවිතා කරන ආකාරය: එම Zip ෆයිල් එක Extract (Unzip) කර, ඔබගේ Video Player එකට Add කරගෙන උපසිරැසි සමඟින් රසවිඳින්න.

2. Telegram හරහා Direct ලබාගැනීමට:
මෙහි ඇති Telegram Download Button එක ක්ලික් කරන්න.

එවිට අපගේ Telegram Bot මඟින් අදාළ Subtitle ෆයිල් එක සහ ඒ හා සබැඳි Movie හෝ TV Series Episode එක සෘජුවම ඔබට ලබා දෙනු ඇත.

එතැනින් ඉතා පහසුවෙන් ඩවුන්ලෝඩ් කර නැරඹීමේ හැකියාව පවතී.

📌 අලුත්ම Updates ලබාගැනීමට:

චිත්‍රපට සහ ටෙලි කථා මාලාවල අලුත්ම Updates සහ Subtitles ක්ෂණිකව ලබාගැනීමට දැන්ම අපගේ Telegram Channel එකට සහ FB Page එකට Join වෙන්න! 🎬",8.5,2008,3,9,"<meta name=""keywords"" content=""Sons of Anarchy Season 3 Episode 9, Sons of Anarchy Sinhala Subtitles, Sons of Anarchy 3x9 sub, Watch Sons of Anarchy online, SAMCRO, Jax Teller, TV Series Sinhala Sub, Sons of anarchy download, pixelpoplk""> <meta name=""description"" content=""Sons of Anarchy Season 3 Episode 9 Sinhala Subtitles. Download Sons of Anarchy S03E09 Sinhala Sub online from pixelpoplk."">",https://t.me/Pixelpopnew_bot?start=gZoo5fAVeGs,31
51,2026-07-17 13:58:47.835069+00,Sons of Anarchy,https://jgechrsxkejzizcrrvjc.supabase.co/storage/v1/object/public/Subtitles%20Zip/Sons%20Of%20anarchy/Season%203/Sons_Of_Anarchy_S03E10_3995.zip?download,https://image.tmdb.org/t/p/original/tOdDvDXyRbKU0GIIlKxcjaN0SDN.jpg,"Action, Crime ,Drama, Tragedy","📥 Subtitles සහ Movies/TV Series පහසුවෙන්ම Download කරගන්නේ කෙසේද?

1. වෙබ් අඩවියෙන් Subtitles ලබාගැනීමට:

පියවර 01: මුලින්ම Dirrect Download Button එක ක්ලික් කරන්න.

පියවර 02: ඉන්පසු තත්පර 5ක් රැඳී සිට, නැවත Back වන්න (Navigate back).

පියවර 03: දැන් Start Download ක්ලික් කරන්න. එවිට Subtitle ෆයිල් එක Zip File එකක් ලෙස ඩවුන්ලෝඩ් වේවි.

භාවිතා කරන ආකාරය: එම Zip ෆයිල් එක Extract (Unzip) කර, ඔබගේ Video Player එකට Add කරගෙන උපසිරැසි සමඟින් රසවිඳින්න.

2. Telegram හරහා Direct ලබාගැනීමට:
මෙහි ඇති Telegram Download Button එක ක්ලික් කරන්න.

එවිට අපගේ Telegram Bot මඟින් අදාළ Subtitle ෆයිල් එක සහ ඒ හා සබැඳි Movie හෝ TV Series Episode එක සෘජුවම ඔබට ලබා දෙනු ඇත.

එතැනින් ඉතා පහසුවෙන් ඩවුන්ලෝඩ් කර නැරඹීමේ හැකියාව පවතී.

📌 අලුත්ම Updates ලබාගැනීමට:

චිත්‍රපට සහ ටෙලි කථා මාලාවල අලුත්ම Updates සහ Subtitles ක්ෂණිකව ලබාගැනීමට දැන්ම අපගේ Telegram Channel එකට සහ FB Page එකට Join වෙන්න! 🎬",8.5,2008,3,10,"<meta name=""keywords"" content=""Sons of Anarchy Season 3 Episode 10, Sons of Anarchy Sinhala Subtitles, Sons of Anarchy 3x10 sub, Watch Sons of Anarchy online, SAMCRO, Jax Teller, TV Series Sinhala Sub, Sons of anarchy download, pixelpoplk""> <meta name=""description"" content=""Sons of Anarchy Season 3 Episode 10 Sinhala Subtitles. Download Sons of Anarchy S03E10 Sinhala Sub online from pixelpoplk."">",https://t.me/Pixelpopnew_bot?start=SHnUyOO_Qus,18
52,2026-07-17 13:58:47.835069+00,Sons of Anarchy,https://jgechrsxkejzizcrrvjc.supabase.co/storage/v1/object/public/Subtitles%20Zip/Sons%20Of%20anarchy/Season%203/Sons_Of_Anarchy_S03E11_5255.zip?download,https://image.tmdb.org/t/p/original/tOdDvDXyRbKU0GIIlKxcjaN0SDN.jpg,"Action, Crime ,Drama, Tragedy","📥 Subtitles සහ Movies/TV Series පහසුවෙන්ම Download කරගන්නේ කෙසේද?

1. වෙබ් අඩවියෙන් Subtitles ලබාගැනීමට:

පියවර 01: මුලින්ම Dirrect Download Button එක ක්ලික් කරන්න.

පියවර 02: ඉන්පසු තත්පර 5ක් රැඳී සිට, නැවත Back වන්න (Navigate back).

පියවර 03: දැන් Start Download ක්ලික් කරන්න. එවිට Subtitle ෆයිල් එක Zip File එකක් ලෙස ඩවුන්ලෝඩ් වේවි.

භාවිතා කරන ආකාරය: එම Zip ෆයිල් එක Extract (Unzip) කර, ඔබගේ Video Player එකට Add කරගෙන උපසිරැසි සමඟින් රසවිඳින්න.

2. Telegram හරහා Direct ලබාගැනීමට:
මෙහි ඇති Telegram Download Button එක ක්ලික් කරන්න.

එවිට අපගේ Telegram Bot මඟින් අදාළ Subtitle ෆයිල් එක සහ ඒ හා සබැඳි Movie හෝ TV Series Episode එක සෘජුවම ඔබට ලබා දෙනු ඇත.

එතැනින් ඉතා පහසුවෙන් ඩවුන්ලෝඩ් කර නැරඹීමේ හැකියාව පවතී.

📌 අලුත්ම Updates ලබාගැනීමට:

චිත්‍රපට සහ ටෙලි කථා මාලාවල අලුත්ම Updates සහ Subtitles ක්ෂණිකව ලබාගැනීමට දැන්ම අපගේ Telegram Channel එකට සහ FB Page එකට Join වෙන්න! 🎬",8.5,2008,3,11,"<meta name=""keywords"" content=""Sons of Anarchy Season 3 Episode 11, Sons of Anarchy Sinhala Subtitles, Sons of Anarchy 3x11 sub, Watch Sons of Anarchy online, SAMCRO, Jax Teller, TV Series Sinhala Sub, Sons of anarchy download, pixelpoplk""> <meta name=""description"" content=""Sons of Anarchy Season 3 Episode 11 Sinhala Subtitles. Download Sons of Anarchy S03E11 Sinhala Sub online from pixelpoplk."">",https://t.me/Pixelpopnew_bot?start=TYB9eVLhTkM,14
53,2026-07-17 13:58:47.835069+00,Sons of Anarchy,https://jgechrsxkejzizcrrvjc.supabase.co/storage/v1/object/public/Subtitles%20Zip/Sons%20Of%20anarchy/Season%203/Sons_Of_Anarchy_S03E12_2901.zip?download,https://image.tmdb.org/t/p/original/tOdDvDXyRbKU0GIIlKxcjaN0SDN.jpg,"Action, Crime ,Drama, Tragedy","📥 Subtitles සහ Movies/TV Series පහසුවෙන්ම Download කරගන්නේ කෙසේද?

1. වෙබ් අඩවියෙන් Subtitles ලබාගැනීමට:

පියවර 01: මුලින්ම Dirrect Download Button එක ක්ලික් කරන්න.

පියවර 02: ඉන්පසු තත්පර 5ක් රැඳී සිට, නැවත Back වන්න (Navigate back).

පියවර 03: දැන් Start Download ක්ලික් කරන්න. එවිට Subtitle ෆයිල් එක Zip File එකක් ලෙස ඩවුන්ලෝඩ් වේවි.

භාවිතා කරන ආකාරය: එම Zip ෆයිල් එක Extract (Unzip) කර, ඔබගේ Video Player එකට Add කරගෙන උපසිරැසි සමඟින් රසවිඳින්න.

2. Telegram හරහා Direct ලබාගැනීමට:
මෙහි ඇති Telegram Download Button එක ක්ලික් කරන්න.

එවිට අපගේ Telegram Bot මඟින් අදාළ Subtitle ෆයිල් එක සහ ඒ හා සබැඳි Movie හෝ TV Series Episode එක සෘජුවම ඔබට ලබා දෙනු ඇත.

එතැනින් ඉතා පහසුවෙන් ඩවුන්ලෝඩ් කර නැරඹීමේ හැකියාව පවතී.

📌 අලුත්ම Updates ලබාගැනීමට:

චිත්‍රපට සහ ටෙලි කථා මාලාවල අලුත්ම Updates සහ Subtitles ක්ෂණිකව ලබාගැනීමට දැන්ම අපගේ Telegram Channel එකට සහ FB Page එකට Join වෙන්න! 🎬",8.5,2008,3,12,"<meta name=""keywords"" content=""Sons of Anarchy Season 3 Episode 12, Sons of Anarchy Sinhala Subtitles, Sons of Anarchy 3x12 sub, Watch Sons of Anarchy online, SAMCRO, Jax Teller, TV Series Sinhala Sub, Sons of anarchy download, pixelpoplk""> <meta name=""description"" content=""Sons of Anarchy Season 3 Episode 12 Sinhala Subtitles. Download Sons of Anarchy S03E12 Sinhala Sub online from pixelpoplk."">",https://t.me/Pixelpopnew_bot?start=v1-7amMjLhs,16
54,2026-07-17 13:58:47.835069+00,Sons of Anarchy,https://jgechrsxkejzizcrrvjc.supabase.co/storage/v1/object/public/Subtitles%20Zip/Sons%20Of%20anarchy/Season%203/Sons_Of_Anarchy_S03E13_3764.zip?download,https://image.tmdb.org/t/p/original/tOdDvDXyRbKU0GIIlKxcjaN0SDN.jpg,"Action, Crime ,Drama, Tragedy","📥 Subtitles සහ Movies/TV Series පහසුවෙන්ම Download කරගන්නේ කෙසේද?

1. වෙබ් අඩවියෙන් Subtitles ලබාගැනීමට:

පියවර 01: මුලින්ම Dirrect Download Button එක ක්ලික් කරන්න.

පියවර 02: ඉන්පසු තත්පර 5ක් රැඳී සිට, නැවත Back වන්න (Navigate back).

පියවර 03: දැන් Start Download ක්ලික් කරන්න. එවිට Subtitle ෆයිල් එක Zip File එකක් ලෙස ඩවුන්ලෝඩ් වේවි.

භාවිතා කරන ආකාරය: එම Zip ෆයිල් එක Extract (Unzip) කර, ඔබගේ Video Player එකට Add කරගෙන උපසිරැසි සමඟින් රසවිඳින්න.

2. Telegram හරහා Direct ලබාගැනීමට:
මෙහි ඇති Telegram Download Button එක ක්ලික් කරන්න.

එවිට අපගේ Telegram Bot මඟින් අදාළ Subtitle ෆයිල් එක සහ ඒ හා සබැඳි Movie හෝ TV Series Episode එක සෘජුවම ඔබට ලබා දෙනු ඇත.

එතැනින් ඉතා පහසුවෙන් ඩවුන්ලෝඩ් කර නැරඹීමේ හැකියාව පවතී.

📌 අලුත්ම Updates ලබාගැනීමට:

චිත්‍රපට සහ ටෙලි කථා මාලාවල අලුත්ම Updates සහ Subtitles ක්ෂණිකව ලබාගැනීමට දැන්ම අපගේ Telegram Channel එකට සහ FB Page එකට Join වෙන්න! 🎬",8.5,2008,3,13,"<meta name=""keywords"" content=""Sons of Anarchy Season 3 Episode 13, Sons of Anarchy Sinhala Subtitles, Sons of Anarchy 3x13 sub, Watch Sons of Anarchy online, SAMCRO, Jax Teller, TV Series Sinhala Sub, Sons of anarchy download, pixelpoplk""> <meta name=""description"" content=""Sons of Anarchy Season 3 Episode 13 Sinhala Subtitles. Download Sons of Anarchy S03E13 Sinhala Sub online from pixelpoplk."">",https://t.me/Pixelpopnew_bot?start=F-0GG-6qGoI,14
55,2026-07-18 06:07:52.262353+00,The East Palace (2026),https://jgechrsxkejzizcrrvjc.supabase.co/storage/v1/object/public/Subtitles%20Zip/The%20east%20palace%202026/Season%201/The.East.Palace.2026.S01E01.NF.WEB-DL_Sinhala.17637.zip?download,https://image.tmdb.org/t/p/original/yfYohBszGqoAW8oM0qydOtJ4kPh.jpg,"horror, dark fantasy, historical, thriller, action, mystery, fantasy, kdrama","Netflix එකෙන් ගෙනාපු අලුත්ම Horror / Dark Fantasy කතාව - The East Palace (Donggung)! 🎬🔥

Kingdom, The Guest වගේ කතාවලට ආස අයට වගේම, හොල්මන්, අද්භූත Monsters ලා ඉන්න Action Thriller කතා පිස්සුවෙන් වගේ බලන අයට මේක සුපිරි භාණ්ඩයක්. 👻⚔️

කතාව යන්නේ ජොසොන් යුගයේ අභිරහස් සාපයකට ලක්වුණු රජ මාලිගාවක් ගැන. මාලිගාවේ පොකුණක ඉන්න භයානක භූතයෙක් නිසා රජ පවුලේ කුමාරවරු එකින් එක මැරෙනවා. මේක නවත්තන්න හොල්මන් සහ යක්ෂයෝ දඩයම් කරන අකීකරු කඩුවැල්කරුවෙකුයි (Nam Joo-hyuk), මළගිය අයගේ සද්ද ඇහෙන මාලිගාවේ සේවිකාවකුයි (Roh Yoon-seo) එකතු වෙලා ගේමක් ගහනවා.
VFX, පට්ට Action සහ ලේ වැගිරීම් එහෙම උපරිමයටම තියෙනවා. ඒ වගේම මේක Nam Joo-hyuk හමුදාවෙන් ආවට පස්සෙ කරන පලවෙනි කතාව නිසා මාර Hype එකක් තියෙන්නේ.

🔥 මේකේ තවත් විශේෂ කතාවක් තියෙනවා!
මේ කතා මාලාවේ ෂූටින් කරගෙන යන අතරතුර සෙට් එකේ ලොකු ගින්නක් ඇතිවෙලා මුළු ස්ටූඩියෝ එකම විනාශ වුණා. වාසනාවකට කාටවත් අනතුරක් වුණේ නැහැ. ඒ හැම බාධකයක්ම මැදින් තමයි මේ සුපිරි නිර්මාණය ඔයාලට බලන්න ඇවිත් තියෙන්නේ!

මේ පට්ටම Horror සීරිස් එක තව සුළු මොහොතකින් අපේ Telegram Channel එක සහ Website එක හරහා සිංහල උපසිරැසි (Sinhala Sub) සමඟින්ම ඔයාලට නරඹන්න පුළුවන්! 🥳🎉",7.6,2026,1,1,"<meta name=""description"" content=""The East Palace Ep 01 Sinhala Subtitles & The East Palace Sinhala Sub. The East Palace උපසිරැසි (East Palace Sinhala Sub) Pixelpoplk Subtitles වෙතින් දැන්ම බාගත කරගන්න!"">",https://t.me/Pixelpopnew_bot?start=_aUcpqo3YPI,0
56,2026-07-18 06:09:35.713148+00,The East Palace (2026),https://jgechrsxkejzizcrrvjc.supabase.co/storage/v1/object/public/Subtitles%20Zip/The%20east%20palace%202026/Season%201/The.East.Palace.2026.S01E02.NF.WEB-DL_Sinhala.573636.zip?download,https://image.tmdb.org/t/p/original/yfYohBszGqoAW8oM0qydOtJ4kPh.jpg,"horror, dark fantasy, historical, thriller, action, mystery, fantasy, kdrama","Netflix එකෙන් ගෙනාපු අලුත්ම Horror / Dark Fantasy කතාව - The East Palace (Donggung)! 🎬🔥

Kingdom, The Guest වගේ කතාවලට ආස අයට වගේම, හොල්මන්, අද්භූත Monsters ලා ඉන්න Action Thriller කතා පිස්සුවෙන් වගේ බලන අයට මේක සුපිරි භාණ්ඩයක්. 👻⚔️

කතාව යන්නේ ජොසොන් යුගයේ අභිරහස් සාපයකට ලක්වුණු රජ මාලිගාවක් ගැන. මාලිගාවේ පොකුණක ඉන්න භයානක භූතයෙක් නිසා රජ පවුලේ කුමාරවරු එකින් එක මැරෙනවා. මේක නවත්තන්න හොල්මන් සහ යක්ෂයෝ දඩයම් කරන අකීකරු කඩුවැල්කරුවෙකුයි (Nam Joo-hyuk), මළගිය අයගේ සද්ද ඇහෙන මාලිගාවේ සේවිකාවකුයි (Roh Yoon-seo) එකතු වෙලා ගේමක් ගහනවා.
VFX, පට්ට Action සහ ලේ වැගිරීම් එහෙම උපරිමයටම තියෙනවා. ඒ වගේම මේක Nam Joo-hyuk හමුදාවෙන් ආවට පස්සෙ කරන පලවෙනි කතාව නිසා මාර Hype එකක් තියෙන්නේ.

🔥 මේකේ තවත් විශේෂ කතාවක් තියෙනවා!

මේ කතා මාලාවේ ෂූටින් කරගෙන යන අතරතුර සෙට් එකේ ලොකු ගින්නක් ඇතිවෙලා මුළු ස්ටූඩියෝ එකම විනාශ වුණා. වාසනාවකට කාටවත් අනතුරක් වුණේ නැහැ. ඒ හැම බාධකයක්ම මැදින් තමයි මේ සුපිරි නිර්මාණය ඔයාලට බලන්න ඇවිත් තියෙන්නේ!

මේ පට්ටම Horror සීරිස් එක තව සුළු මොහොතකින් අපේ Telegram Channel එක සහ Website එක හරහා සිංහල උපසිරැසි (Sinhala Sub) සමඟින්ම ඔයාලට නරඹන්න පුළුවන්! 🥳🎉",7.6,2026,1,2,"<meta name=""description"" content=""The East Palace Ep 02: The East Palace Sinhala Subtitles & The East Palace Sinhala Sub. හොඳම East Palace Sinhala Sub සහ The East Palace උපසිරැසි Pixelpoplk Subtitles වෙතින්!"">",https://t.me/Pixelpopnew_bot?start=XlsNCjz8mcs,0
57,2026-07-18 17:41:59.995576+00,The East Palace (2026),https://jgechrsxkejzizcrrvjc.supabase.co/storage/v1/object/public/Subtitles%20Zip/The%20east%20palace%202026/Season%201/The_East_Palace_2026_S01E03_825657.zip?download,https://image.tmdb.org/t/p/original/yfYohBszGqoAW8oM0qydOtJ4kPh.jpg,"horror, dark fantasy, historical, thriller, action, mystery, fantasy, kdrama","📥 Subtitles සහ Movies/TV Series පහසුවෙන්ම Download කරගන්නේ කෙසේද?

1. වෙබ් අඩවියෙන් Subtitles ලබාගැනීමට:

පියවර 01: මුලින්ම Dirrect Download Button එක ක්ලික් කරන්න.

පියවර 02: ඉන්පසු තත්පර 5ක් රැඳී සිට, නැවත Back වන්න (Navigate back).

පියවර 03: දැන් Start Download ක්ලික් කරන්න. එවිට Subtitle ෆයිල් එක Zip File එකක් ලෙස ඩවුන්ලෝඩ් වේවි.

භාවිතා කරන ආකාරය: එම Zip ෆයිල් එක Extract (Unzip) කර, ඔබගේ Video Player එකට Add කරගෙන උපසිරැසි සමඟින් රසවිඳින්න.

2. Telegram හරහා Direct ලබාගැනීමට:
මෙහි ඇති Telegram Download Button එක ක්ලික් කරන්න.

එවිට අපගේ Telegram Bot මඟින් අදාළ Subtitle ෆයිල් එක සහ ඒ හා සබැඳි Movie හෝ TV Series Episode එක සෘජුවම ඔබට ලබා දෙනු ඇත.

එතැනින් ඉතා පහසුවෙන් ඩවුන්ලෝඩ් කර නැරඹීමේ හැකියාව පවතී.

📌 අලුත්ම Updates ලබාගැනීමට:

චිත්‍රපට සහ ටෙලි කථා මාලාවල අලුත්ම Updates සහ Subtitles ක්ෂණිකව ලබාගැනීමට දැන්ම අපගේ Telegram Channel එකට සහ FB Page එකට Join වෙන්න! 🎬",7.6,2026,1,3,"<meta name=""keywords"" content=""The East Palace Episode 3, The East Palace Sinhala Subtitles, The East Palace S01E03 Sinhala Sub, The East Palace 1x3 sub, Kdrama Sinhala Sub, pixelpoplk""> <meta name=""description"" content=""The East Palace Ep 03: The East Palace Sinhala Subtitles & The East Palace Sinhala Sub. හොඳම East Palace Sinhala Sub සහ The East Palace උපසිරැසි Pixelpoplk Subtitles වෙතින්!"">",https://t.me/Pixelpopnew_bot?start=SDnkstXheBg,0
58,2026-07-18 17:41:59.995576+00,The East Palace (2026),https://jgechrsxkejzizcrrvjc.supabase.co/storage/v1/object/public/Subtitles%20Zip/The%20east%20palace%202026/Season%201/The_East_Palace_2026_S01E04_855866.zip?download,https://image.tmdb.org/t/p/original/yfYohBszGqoAW8oM0qydOtJ4kPh.jpg,"horror, dark fantasy, historical, thriller, action, mystery, fantasy, kdrama","📥 Subtitles සහ Movies/TV Series පහසුවෙන්ම Download කරගන්නේ කෙසේද?

1. වෙබ් අඩවියෙන් Subtitles ලබාගැනීමට:

පියවර 01: මුලින්ම Dirrect Download Button එක ක්ලික් කරන්න.

පියවර 02: ඉන්පසු තත්පර 5ක් රැඳී සිට, නැවත Back වන්න (Navigate back).

පියවර 03: දැන් Start Download ක්ලික් කරන්න. එවිට Subtitle ෆයිල් එක Zip File එකක් ලෙස ඩවුන්ලෝඩ් වේවි.

භාවිතා කරන ආකාරය: එම Zip ෆයිල් එක Extract (Unzip) කර, ඔබගේ Video Player එකට Add කරගෙන උපසිරැසි සමඟින් රසවිඳින්න.

2. Telegram හරහා Direct ලබාගැනීමට:
මෙහි ඇති Telegram Download Button එක ක්ලික් කරන්න.

එවිට අපගේ Telegram Bot මඟින් අදාළ Subtitle ෆයිල් එක සහ ඒ හා සබැඳි Movie හෝ TV Series Episode එක සෘජුවම ඔබට ලබා දෙනු ඇත.

එතැනින් ඉතා පහසුවෙන් ඩවුන්ලෝඩ් කර නැරඹීමේ හැකියාව පවතී.

📌 අලුත්ම Updates ලබාගැනීමට:

චිත්‍රපට සහ ටෙලි කථා මාලාවල අලුත්ම Updates සහ Subtitles ක්ෂණිකව ලබාගැනීමට දැන්ම අපගේ Telegram Channel එකට සහ FB Page එකට Join වෙන්න! 🎬",7.6,2026,1,4,"<meta name=""keywords"" content=""The East Palace Episode 4, The East Palace Sinhala Subtitles, The East Palace S01E04 Sinhala Sub, The East Palace 1x4 sub, Kdrama Sinhala Sub, pixelpoplk""> <meta name=""description"" content=""The East Palace Ep 04: The East Palace Sinhala Subtitles & The East Palace Sinhala Sub. හොඳම East Palace Sinhala Sub සහ The East Palace උපසිරැසි Pixelpoplk Subtitles වෙතින්!"">",https://t.me/Pixelpopnew_bot?start=6w9Dk8VNhrE,0
59,2026-07-18 17:41:59.995576+00,The East Palace (2026),https://jgechrsxkejzizcrrvjc.supabase.co/storage/v1/object/public/Subtitles%20Zip/The%20east%20palace%202026/Season%201/The_East_Palace_2026_S01E05_465698.zip?download,https://image.tmdb.org/t/p/original/yfYohBszGqoAW8oM0qydOtJ4kPh.jpg,"horror, dark fantasy, historical, thriller, action, mystery, fantasy, kdrama","📥 Subtitles සහ Movies/TV Series පහසුවෙන්ම Download කරගන්නේ කෙසේද?

1. වෙබ් අඩවියෙන් Subtitles ලබාගැනීමට:

පියවර 01: මුලින්ම Dirrect Download Button එක ක්ලික් කරන්න.

පියවර 02: ඉන්පසු තත්පර 5ක් රැඳී සිට, නැවත Back වන්න (Navigate back).

පියවර 03: දැන් Start Download ක්ලික් කරන්න. එවිට Subtitle ෆයිල් එක Zip File එකක් ලෙස ඩවුන්ලෝඩ් වේවි.

භාවිතා කරන ආකාරය: එම Zip ෆයිල් එක Extract (Unzip) කර, ඔබගේ Video Player එකට Add කරගෙන උපසිරැසි සමඟින් රසවිඳින්න.

2. Telegram හරහා Direct ලබාගැනීමට:
මෙහි ඇති Telegram Download Button එක ක්ලික් කරන්න.

එවිට අපගේ Telegram Bot මඟින් අදාළ Subtitle ෆයිල් එක සහ ඒ හා සබැඳි Movie හෝ TV Series Episode එක සෘජුවම ඔබට ලබා දෙනු ඇත.

එතැනින් ඉතා පහසුවෙන් ඩවුන්ලෝඩ් කර නැරඹීමේ හැකියාව පවතී.

📌 අලුත්ම Updates ලබාගැනීමට:

චිත්‍රපට සහ ටෙලි කථා මාලාවල අලුත්ම Updates සහ Subtitles ක්ෂණිකව ලබාගැනීමට දැන්ම අපගේ Telegram Channel එකට සහ FB Page එකට Join වෙන්න! 🎬",7.6,2026,1,5,"<meta name=""keywords"" content=""The East Palace Episode 5, The East Palace Sinhala Subtitles, The East Palace S01E05 Sinhala Sub, The East Palace 1x5 sub, Kdrama Sinhala Sub, pixelpoplk""> <meta name=""description"" content=""The East Palace Ep 05: The East Palace Sinhala Subtitles & The East Palace Sinhala Sub. හොඳම East Palace Sinhala Sub සහ The East Palace උපසිරැසි Pixelpoplk Subtitles වෙතින්!"">",https://t.me/Pixelpopnew_bot?start=RgSSdU9Tg3Q,0
60,2026-07-18 17:41:59.995576+00,The East Palace (2026),https://jgechrsxkejzizcrrvjc.supabase.co/storage/v1/object/public/Subtitles%20Zip/The%20east%20palace%202026/Season%201/The_East_Palace_2026_S01E06_248056.zip?download,https://image.tmdb.org/t/p/original/yfYohBszGqoAW8oM0qydOtJ4kPh.jpg,"horror, dark fantasy, historical, thriller, action, mystery, fantasy, kdrama","📥 Subtitles සහ Movies/TV Series පහසුවෙන්ම Download කරගන්නේ කෙසේද?

1. වෙබ් අඩවියෙන් Subtitles ලබාගැනීමට:

පියවර 01: මුලින්ම Dirrect Download Button එක ක්ලික් කරන්න.

පියවර 02: ඉන්පසු තත්පර 5ක් රැඳී සිට, නැවත Back වන්න (Navigate back).

පියවර 03: දැන් Start Download ක්ලික් කරන්න. එවිට Subtitle ෆයිල් එක Zip File එකක් ලෙස ඩවුන්ලෝඩ් වේවි.

භාවිතා කරන ආකාරය: එම Zip ෆයිල් එක Extract (Unzip) කර, ඔබගේ Video Player එකට Add කරගෙන උපසිරැසි සමඟින් රසවිඳින්න.

2. Telegram හරහා Direct ලබාගැනීමට:
මෙහි ඇති Telegram Download Button එක ක්ලික් කරන්න.

එවිට අපගේ Telegram Bot මඟින් අදාළ Subtitle ෆයිල් එක සහ ඒ හා සබැඳි Movie හෝ TV Series Episode එක සෘජුවම ඔබට ලබා දෙනු ඇත.

එතැනින් ඉතා පහසුවෙන් ඩවුන්ලෝඩ් කර නැරඹීමේ හැකියාව පවතී.

📌 අලුත්ම Updates ලබාගැනීමට:

චිත්‍රපට සහ ටෙලි කථා මාලාවල අලුත්ම Updates සහ Subtitles ක්ෂණිකව ලබාගැනීමට දැන්ම අපගේ Telegram Channel එකට සහ FB Page එකට Join වෙන්න! 🎬",7.6,2026,1,6,"<meta name=""keywords"" content=""The East Palace Episode 6, The East Palace Sinhala Subtitles, The East Palace S01E06 Sinhala Sub, The East Palace 1x6 sub, Kdrama Sinhala Sub, pixelpoplk""> <meta name=""description"" content=""The East Palace Ep 06: The East Palace Sinhala Subtitles & The East Palace Sinhala Sub. හොඳම East Palace Sinhala Sub සහ The East Palace උපසිරැසි Pixelpoplk Subtitles වෙතින්!"">",https://t.me/Pixelpopnew_bot?start=0ZF18F5WoCs,0
61,2026-07-18 17:41:59.995576+00,The East Palace (2026),https://jgechrsxkejzizcrrvjc.supabase.co/storage/v1/object/public/Subtitles%20Zip/The%20east%20palace%202026/Season%201/The_East_Palace_2026_S01E07_286656.zip?download,https://image.tmdb.org/t/p/original/yfYohBszGqoAW8oM0qydOtJ4kPh.jpg,"horror, dark fantasy, historical, thriller, action, mystery, fantasy, kdrama","📥 Subtitles සහ Movies/TV Series පහසුවෙන්ම Download කරගන්නේ කෙසේද?

1. වෙබ් අඩවියෙන් Subtitles ලබාගැනීමට:

පියවර 01: මුලින්ම Dirrect Download Button එක ක්ලික් කරන්න.

පියවර 02: ඉන්පසු තත්පර 5ක් රැඳී සිට, නැවත Back වන්න (Navigate back).

පියවර 03: දැන් Start Download ක්ලික් කරන්න. එවිට Subtitle ෆයිල් එක Zip File එකක් ලෙස ඩවුන්ලෝඩ් වේවි.

භාවිතා කරන ආකාරය: එම Zip ෆයිල් එක Extract (Unzip) කර, ඔබගේ Video Player එකට Add කරගෙන උපසිරැසි සමඟින් රසවිඳින්න.

2. Telegram හරහා Direct ලබාගැනීමට:
මෙහි ඇති Telegram Download Button එක ක්ලික් කරන්න.

එවිට අපගේ Telegram Bot මඟින් අදාළ Subtitle ෆයිල් එක සහ ඒ හා සබැඳි Movie හෝ TV Series Episode එක සෘජුවම ඔබට ලබා දෙනු ඇත.

එතැනින් ඉතා පහසුවෙන් ඩවුන්ලෝඩ් කර නැරඹීමේ හැකියාව පවතී.

📌 අලුත්ම Updates ලබාගැනීමට:

චිත්‍රපට සහ ටෙලි කථා මාලාවල අලුත්ම Updates සහ Subtitles ක්ෂණිකව ලබාගැනීමට දැන්ම අපගේ Telegram Channel එකට සහ FB Page එකට Join වෙන්න! 🎬",7.6,2026,1,7,"<meta name=""keywords"" content=""The East Palace Episode 7, The East Palace Sinhala Subtitles, The East Palace S01E07 Sinhala Sub, The East Palace 1x7 sub, Kdrama Sinhala Sub, pixelpoplk""> <meta name=""description"" content=""The East Palace Ep 07: The East Palace Sinhala Subtitles & The East Palace Sinhala Sub. හොඳම East Palace Sinhala Sub සහ The East Palace උපසිරැසි Pixelpoplk Subtitles වෙතින්!"">",https://t.me/Pixelpopnew_bot?start=qYF_IcYwgCM,0
62,2026-07-18 17:41:59.995576+00,The East Palace (2026),https://jgechrsxkejzizcrrvjc.supabase.co/storage/v1/object/public/Subtitles%20Zip/The%20east%20palace%202026/Season%201/The_East_Palace_2026_S01E08_769245.zip?download,https://image.tmdb.org/t/p/original/yfYohBszGqoAW8oM0qydOtJ4kPh.jpg,"horror, dark fantasy, historical, thriller, action, mystery, fantasy, kdrama","📥 Subtitles සහ Movies/TV Series පහසුවෙන්ම Download කරගන්නේ කෙසේද?

1. වෙබ් අඩවියෙන් Subtitles ලබාගැනීමට:

පියවර 01: මුලින්ම Dirrect Download Button එක ක්ලික් කරන්න.

පියවර 02: ඉන්පසු තත්පර 5ක් රැඳී සිට, නැවත Back වන්න (Navigate back).

පියවර 03: දැන් Start Download ක්ලික් කරන්න. එවිට Subtitle ෆයිල් එක Zip File එකක් ලෙස ඩවුන්ලෝඩ් වේවි.

භාවිතා කරන ආකාරය: එම Zip ෆයිල් එක Extract (Unzip) කර, ඔබගේ Video Player එකට Add කරගෙන උපසිරැසි සමඟින් රසවිඳින්න.

2. Telegram හරහා Direct ලබාගැනීමට:
මෙහි ඇති Telegram Download Button එක ක්ලික් කරන්න.

එවිට අපගේ Telegram Bot මඟින් අදාළ Subtitle ෆයිල් එක සහ ඒ හා සබැඳි Movie හෝ TV Series Episode එක සෘජුවම ඔබට ලබා දෙනු ඇත.

එතැනින් ඉතා පහසුවෙන් ඩවුන්ලෝඩ් කර නැරඹීමේ හැකියාව පවතී.

📌 අලුත්ම Updates ලබාගැනීමට:

චිත්‍රපට සහ ටෙලි කථා මාලාවල අලුත්ම Updates සහ Subtitles ක්ෂණිකව ලබාගැනීමට දැන්ම අපගේ Telegram Channel එකට සහ FB Page එකට Join වෙන්න! 🎬",7.6,2026,1,8,"<meta name=""keywords"" content=""The East Palace Episode 8, The East Palace Sinhala Subtitles, The East Palace S01E08 Sinhala Sub, The East Palace 1x8 sub, Kdrama Sinhala Sub, pixelpoplk""> <meta name=""description"" content=""The East Palace Ep 08: The East Palace Sinhala Subtitles & The East Palace Sinhala Sub. හොඳම East Palace Sinhala Sub සහ The East Palace උපසිරැසි Pixelpoplk Subtitles වෙතින්!"">",https://t.me/Pixelpopnew_bot?start=d__-ZYvsyM4,0
63,2026-07-18 18:03:31.96276+00,House of The Dragon,https://jgechrsxkejzizcrrvjc.supabase.co/storage/v1/object/public/Subtitles%20Zip/Hotd/House_of_the_Dragon_S03E01_WEBRip_PSA_Sinhala.srt?download,https://image.tmdb.org/t/p/original/wSvDQN6tZR4VzDDZD3MUPIghVjC.jpg,"series,drama,fantasy,adventure,action",,8.3,2026,3,2,"<meta name=""description"" content=""House of the Dragon Season 3 Episode 2 Sinhala Subtitle. Telegram එකෙන් 720p, 1080p, 4K WEB-DL පිටපත් සහ සිංහල උපසිරැසි සෘජුවම බාගත කරගන්න.""> <meta name=""keywords"" content=""House of the Dragon S03E02 Sinhala Sub, HOTD Season 3 Episode 2 Sinhala Subtitle, House of the Dragon Telegram, HOTD S3E02 WEB-DL, Sinhala Subtitles"">",https://t.me/PixelPopLk_bot?start=497ab715-57ac-4a68-b482-61f84bd17159,13
64,2026-07-18 18:05:34.87458+00,House of The Dragon,https://jgechrsxkejzizcrrvjc.supabase.co/storage/v1/object/public/Subtitles%20Zip/Hotd/House_of_the_Dragon_S03E01_WEBRip_PSA_Sinhala.srt,https://image.tmdb.org/t/p/original/wSvDQN6tZR4VzDDZD3MUPIghVjC.jpg,"series,drama,fantasy,adventure,action",,8.3,2026,3,1,"<meta name=""description"" content=""House of the Dragon Season 3 Episode 1 Sinhala Subtitle. Telegram එකෙන් 720p, 1080p, 4K WEB-DL පිටපත් සහ සිංහල උපසිරැසි සෘජුවම බාගත කරගන්න.""> <meta name=""keywords"" content=""House of the Dragon S03E01 Sinhala Sub, HOTD Season 3 Episode 1 Sinhala Subtitle, House of the Dragon Telegram, HOTD S3E01 WEB-DL, Sinhala Subtitles"">",https://t.me/PixelPopLk_bot?start=810c4d64-4c91-42a5-9ae3-3124e18bb189,24
65,2026-07-19 18:04:00.986472+00,Sons of Anarchy,https://frdgyadvbdpacwfoqybw.supabase.co/storage/v1/object/public/subtitles/Sons%20of%20Anarchy%20S04e01%203180767/Sons_of_Anarchy_S04E01_3180767.zip?download,https://image.tmdb.org/t/p/original/kiy8BHtIHAslh81rvFcZ4wbNGdY.jpg,"Action, Crime ,Drama, Tragedy","📥 Subtitles සහ Movies/TV Series පහසුවෙන්ම Download කරගන්නේ කෙසේද?

1. වෙබ් අඩවියෙන් Subtitles ලබාගැනීමට:

පියවර 01: මුලින්ම Dirrect Download Button එක ක්ලික් කරන්න.

පියවර 02: ඉන්පසු තත්පර 5ක් රැඳී සිට, නැවත Back වන්න (Navigate back).

පියවර 03: දැන් Start Download ක්ලික් කරන්න. එවිට Subtitle ෆයිල් එක Zip File එකක් ලෙස ඩවුන්ලෝඩ් වේවි.

භාවිතා කරන ආකාරය: එම Zip ෆයිල් එක Extract (Unzip) කර, ඔබගේ Video Player එකට Add කරගෙන උපසිරැසි සමඟින් රසවිඳින්න.

2. Telegram හරහා Direct ලබාගැනීමට:
මෙහි ඇති Telegram Download Button එක ක්ලික් කරන්න.

එවිට අපගේ Telegram Bot මඟින් අදාළ Subtitle ෆයිල් එක සහ ඒ හා සබැඳි Movie හෝ TV Series Episode එක සෘජුවම ඔබට ලබා දෙනු ඇත.

එතැනින් ඉතා පහසුවෙන් ඩවුන්ලෝඩ් කර නැරඹීමේ හැකියාව පවතී.

📌 අලුත්ම Updates ලබාගැනීමට:

චිත්‍රපට සහ ටෙලි කථා මාලාවල අලුත්ම Updates සහ Subtitles ක්ෂණිකව ලබාගැනීමට දැන්ම අපගේ Telegram Channel එකට සහ FB Page එකට Join වෙන්න! 🎬",8.5,2008,4,1,"<meta name=""keywords"" content=""Sons of Anarchy Season 4 Episode 1, Sons of Anarchy Sinhala Subtitles, Sons of Anarchy S04E01 Sinhala Sub, Sons of Anarchy 4x1 Sinhala Sub, SAMCRO, Jax Teller, TV Series Sinhala Sub, Sons of anarchy download, pixelpoplk""> <meta name=""description"" content=""Sons of Anarchy Season 4 Episode 1 Sinhala Subtitles. Download Sons of Anarchy S04E01 Sinhala Sub online from pixelpoplk."">",https://t.me/Pixelpopnew_bot?start=8NEJwzLMMMk,11
66,2026-07-19 18:04:00.986472+00,Sons of Anarchy,https://frdgyadvbdpacwfoqybw.supabase.co/storage/v1/object/public/subtitles/Sons%20of%20Anarchy%20S04e02%206308576/Sons_of_Anarchy_S04E02_6308576.zip?download,https://image.tmdb.org/t/p/original/kiy8BHtIHAslh81rvFcZ4wbNGdY.jpg,"Action, Crime ,Drama, Tragedy","📥 Subtitles සහ Movies/TV Series පහසුවෙන්ම Download කරගන්නේ කෙසේද?

1. වෙබ් අඩවියෙන් Subtitles ලබාගැනීමට:

පියවර 01: මුලින්ම Dirrect Download Button එක ක්ලික් කරන්න.

පියවර 02: ඉන්පසු තත්පර 5ක් රැඳී සිට, නැවත Back වන්න (Navigate back).

පියවර 03: දැන් Start Download ක්ලික් කරන්න. එවිට Subtitle ෆයිල් එක Zip File එකක් ලෙස ඩවුන්ලෝඩ් වේවි.

භාවිතා කරන ආකාරය: එම Zip ෆයිල් එක Extract (Unzip) කර, ඔබගේ Video Player එකට Add කරගෙන උපසිරැසි සමඟින් රසවිඳින්න.

2. Telegram හරහා Direct ලබාගැනීමට:
මෙහි ඇති Telegram Download Button එක ක්ලික් කරන්න.

එවිට අපගේ Telegram Bot මඟින් අදාළ Subtitle ෆයිල් එක සහ ඒ හා සබැඳි Movie හෝ TV Series Episode එක සෘජුවම ඔබට ලබා දෙනු ඇත.

එතැනින් ඉතා පහසුවෙන් ඩවුන්ලෝඩ් කර නැරඹීමේ හැකියාව පවතී.

📌 අලුත්ම Updates ලබාගැනීමට:

චිත්‍රපට සහ ටෙලි කථා මාලාවල අලුත්ම Updates සහ Subtitles ක්ෂණිකව ලබාගැනීමට දැන්ම අපගේ Telegram Channel එකට සහ FB Page එකට Join වෙන්න! 🎬",8.5,2008,4,2,"<meta name=""keywords"" content=""Sons of Anarchy Season 4 Episode 2, Sons of Anarchy Sinhala Subtitles, Sons of Anarchy S04E02 Sinhala Sub, Sons of Anarchy 4x2 Sinhala Sub, SAMCRO, Jax Teller, TV Series Sinhala Sub, Sons of anarchy download, pixelpoplk""> <meta name=""description"" content=""Sons of Anarchy Season 4 Episode 2 Sinhala Subtitles. Download Sons of Anarchy S04E02 Sinhala Sub online from pixelpoplk."">",https://t.me/Pixelpopnew_bot?start=EKDdwz2kDnI,12
67,2026-07-19 18:04:00.986472+00,Sons of Anarchy,https://frdgyadvbdpacwfoqybw.supabase.co/storage/v1/object/public/subtitles/Sons%20of%20Anarchy%20S04e03%205399575/Sons_of_Anarchy_S04E03_5399575.zip?download,https://image.tmdb.org/t/p/original/kiy8BHtIHAslh81rvFcZ4wbNGdY.jpg,"Action, Crime ,Drama, Tragedy","📥 Subtitles සහ Movies/TV Series පහසුවෙන්ම Download කරගන්නේ කෙසේද?

1. වෙබ් අඩවියෙන් Subtitles ලබාගැනීමට:

පියවර 01: මුලින්ම Dirrect Download Button එක ක්ලික් කරන්න.

පියවර 02: ඉන්පසු තත්පර 5ක් රැඳී සිට, නැවත Back වන්න (Navigate back).

පියවර 03: දැන් Start Download ක්ලික් කරන්න. එවිට Subtitle ෆයිල් එක Zip File එකක් ලෙස ඩවුන්ලෝඩ් වේවි.

භාවිතා කරන ආකාරය: එම Zip ෆයිල් එක Extract (Unzip) කර, ඔබගේ Video Player එකට Add කරගෙන උපසිරැසි සමඟින් රසවිඳින්න.

2. Telegram හරහා Direct ලබාගැනීමට:
මෙහි ඇති Telegram Download Button එක ක්ලික් කරන්න.

එවිට අපගේ Telegram Bot මඟින් අදාළ Subtitle ෆයිල් එක සහ ඒ හා සබැඳි Movie හෝ TV Series Episode එක සෘජුවම ඔබට ලබා දෙනු ඇත.

එතැනින් ඉතා පහසුවෙන් ඩවුන්ලෝඩ් කර නැරඹීමේ හැකියාව පවතී.

📌 අලුත්ම Updates ලබාගැනීමට:

චිත්‍රපට සහ ටෙලි කථා මාලාවල අලුත්ම Updates සහ Subtitles ක්ෂණිකව ලබාගැනීමට දැන්ම අපගේ Telegram Channel එකට සහ FB Page එකට Join වෙන්න! 🎬",8.5,2008,4,3,"<meta name=""keywords"" content=""Sons of Anarchy Season 4 Episode 3, Sons of Anarchy Sinhala Subtitles, Sons of Anarchy S04E03 Sinhala Sub, Sons of Anarchy 4x3 Sinhala Sub, SAMCRO, Jax Teller, TV Series Sinhala Sub, Sons of anarchy download, pixelpoplk""> <meta name=""description"" content=""Sons of Anarchy Season 4 Episode 3 Sinhala Subtitles. Download Sons of Anarchy S04E03 Sinhala Sub online from pixelpoplk."">",https://t.me/Pixelpopnew_bot?start=5cEwOHO6gXE,17
68,2026-07-19 18:04:00.986472+00,Sons of Anarchy,https://frdgyadvbdpacwfoqybw.supabase.co/storage/v1/object/public/subtitles/Sons%20of%20Anarchy%20S04e04%208766464/Sons_of_Anarchy_S04E04_8766464.zip?download,https://image.tmdb.org/t/p/original/kiy8BHtIHAslh81rvFcZ4wbNGdY.jpg,"Action, Crime ,Drama, Tragedy","📥 Subtitles සහ Movies/TV Series පහසුවෙන්ම Download කරගන්නේ කෙසේද?

1. වෙබ් අඩවියෙන් Subtitles ලබාගැනීමට:

පියවර 01: මුලින්ම Dirrect Download Button එක ක්ලික් කරන්න.

පියවර 02: ඉන්පසු තත්පර 5ක් රැඳී සිට, නැවත Back වන්න (Navigate back).

පියවර 03: දැන් Start Download ක්ලික් කරන්න. එවිට Subtitle ෆයිල් එක Zip File එකක් ලෙස ඩවුන්ලෝඩ් වේවි.

භාවිතා කරන ආකාරය: එම Zip ෆයිල් එක Extract (Unzip) කර, ඔබගේ Video Player එකට Add කරගෙන උපසිරැසි සමඟින් රසවිඳින්න.

2. Telegram හරහා Direct ලබාගැනීමට:
මෙහි ඇති Telegram Download Button එක ක්ලික් කරන්න.

එවිට අපගේ Telegram Bot මඟින් අදාළ Subtitle ෆයිල් එක සහ ඒ හා සබැඳි Movie හෝ TV Series Episode එක සෘජුවම ඔබට ලබා දෙනු ඇත.

එතැනින් ඉතා පහසුවෙන් ඩවුන්ලෝඩ් කර නැරඹීමේ හැකියාව පවතී.

📌 අලුත්ම Updates ලබාගැනීමට:

චිත්‍රපට සහ ටෙලි කථා මාලාවල අලුත්ම Updates සහ Subtitles ක්ෂණිකව ලබාගැනීමට දැන්ම අපගේ Telegram Channel එකට සහ FB Page එකට Join වෙන්න! 🎬",8.5,2008,4,4,"<meta name=""keywords"" content=""Sons of Anarchy Season 4 Episode 4, Sons of Anarchy Sinhala Subtitles, Sons of Anarchy S04E04 Sinhala Sub, Sons of Anarchy 4x4 Sinhala Sub, SAMCRO, Jax Teller, TV Series Sinhala Sub, Sons of anarchy download, pixelpoplk""> <meta name=""description"" content=""Sons of Anarchy Season 4 Episode 4 Sinhala Subtitles. Download Sons of Anarchy S04E04 Sinhala Sub online from pixelpoplk."">",https://t.me/Pixelpopnew_bot?start=0QWzapTw4CE,15
69,2026-07-19 18:04:00.986472+00,Sons of Anarchy,https://frdgyadvbdpacwfoqybw.supabase.co/storage/v1/object/public/subtitles/Sons%20of%20Anarchy%20S04e05%203204565/Sons_of_Anarchy_S04E05_3204565.zip?download,https://image.tmdb.org/t/p/original/kiy8BHtIHAslh81rvFcZ4wbNGdY.jpg,"Action, Crime ,Drama, Tragedy","📥 Subtitles සහ Movies/TV Series පහසුවෙන්ම Download කරගන්නේ කෙසේද?

1. වෙබ් අඩවියෙන් Subtitles ලබාගැනීමට:

පියවර 01: මුලින්ම Dirrect Download Button එක ක්ලික් කරන්න.

පියවර 02: ඉන්පසු තත්පර 5ක් රැඳී සිට, නැවත Back වන්න (Navigate back).

පියවර 03: දැන් Start Download ක්ලික් කරන්න. එවිට Subtitle ෆයිල් එක Zip File එකක් ලෙස ඩවුන්ලෝඩ් වේවි.

භාවිතා කරන ආකාරය: එම Zip ෆයිල් එක Extract (Unzip) කර, ඔබගේ Video Player එකට Add කරගෙන උපසිරැසි සමඟින් රසවිඳින්න.

2. Telegram හරහා Direct ලබාගැනීමට:
මෙහි ඇති Telegram Download Button එක ක්ලික් කරන්න.

එවිට අපගේ Telegram Bot මඟින් අදාළ Subtitle ෆයිල් එක සහ ඒ හා සබැඳි Movie හෝ TV Series Episode එක සෘජුවම ඔබට ලබා දෙනු ඇත.

එතැනින් ඉතා පහසුවෙන් ඩවුන්ලෝඩ් කර නැරඹීමේ හැකියාව පවතී.

📌 අලුත්ම Updates ලබාගැනීමට:

චිත්‍රපට සහ ටෙලි කථා මාලාවල අලුත්ම Updates සහ Subtitles ක්ෂණිකව ලබාගැනීමට දැන්ම අපගේ Telegram Channel එකට සහ FB Page එකට Join වෙන්න! 🎬",8.5,2008,4,5,"<meta name=""keywords"" content=""Sons of Anarchy Season 4 Episode 5, Sons of Anarchy Sinhala Subtitles, Sons of Anarchy S04E05 Sinhala Sub, Sons of Anarchy 4x5 Sinhala Sub, SAMCRO, Jax Teller, TV Series Sinhala Sub, Sons of anarchy download, pixelpoplk""> <meta name=""description"" content=""Sons of Anarchy Season 4 Episode 5 Sinhala Subtitles. Download Sons of Anarchy S04E05 Sinhala Sub online from pixelpoplk."">",https://t.me/Pixelpopnew_bot?start=hgX23awWEhc,15
70,2026-07-19 18:04:00.986472+00,Sons of Anarchy,https://frdgyadvbdpacwfoqybw.supabase.co/storage/v1/object/public/subtitles/Sons%20of%20Anarchy%20S04e06%206948575/Sons_of_Anarchy_S04E06_6948575.zip?download,https://image.tmdb.org/t/p/original/kiy8BHtIHAslh81rvFcZ4wbNGdY.jpg,"Action, Crime ,Drama, Tragedy","📥 Subtitles සහ Movies/TV Series පහසුවෙන්ම Download කරගන්නේ කෙසේද?

1. වෙබ් අඩවියෙන් Subtitles ලබාගැනීමට:

පියවර 01: මුලින්ම Dirrect Download Button එක ක්ලික් කරන්න.

පියවර 02: ඉන්පසු තත්පර 5ක් රැඳී සිට, නැවත Back වන්න (Navigate back).

පියවර 03: දැන් Start Download ක්ලික් කරන්න. එවිට Subtitle ෆයිල් එක Zip File එකක් ලෙස ඩවුන්ලෝඩ් වේවි.

භාවිතා කරන ආකාරය: එම Zip ෆයිල් එක Extract (Unzip) කර, ඔබගේ Video Player එකට Add කරගෙන උපසිරැසි සමඟින් රසවිඳින්න.

2. Telegram හරහා Direct ලබාගැනීමට:
මෙහි ඇති Telegram Download Button එක ක්ලික් කරන්න.

එවිට අපගේ Telegram Bot මඟින් අදාළ Subtitle ෆයිල් එක සහ ඒ හා සබැඳි Movie හෝ TV Series Episode එක සෘජුවම ඔබට ලබා දෙනු ඇත.

එතැනින් ඉතා පහසුවෙන් ඩවුන්ලෝඩ් කර නැරඹීමේ හැකියාව පවතී.

📌 අලුත්ම Updates ලබාගැනීමට:

චිත්‍රපට සහ ටෙලි කථා මාලාවල අලුත්ම Updates සහ Subtitles ක්ෂණිකව ලබාගැනීමට දැන්ම අපගේ Telegram Channel එකට සහ FB Page එකට Join වෙන්න! 🎬",8.5,2008,4,6,"<meta name=""keywords"" content=""Sons of Anarchy Season 4 Episode 6, Sons of Anarchy Sinhala Subtitles, Sons of Anarchy S04E06 Sinhala Sub, Sons of Anarchy 4x6 Sinhala Sub, SAMCRO, Jax Teller, TV Series Sinhala Sub, Sons of anarchy download, pixelpoplk""> <meta name=""description"" content=""Sons of Anarchy Season 4 Episode 6 Sinhala Subtitles. Download Sons of Anarchy S04E06 Sinhala Sub online from pixelpoplk."">",https://t.me/Pixelpopnew_bot?start=yQo2hMHgRa8,11
71,2026-07-20 02:26:00.42846+00,House of The Dragon,https://frdgyadvbdpacwfoqybw.supabase.co/storage/v1/object/public/subtitles/House%20of%20the%20Dragon%20S03e05%202819756%20(/House_of_the_Dragon_S03E05_2819756%20(1).zip?download,https://image.tmdb.org/t/p/original/wSvDQN6tZR4VzDDZD3MUPIghVjC.jpg,"series,drama,fantasy,adventure,action","🐉 House of the Dragon [Season 03 : Episode 04] - සිංහල උපසිරැසි 🎬

පසුගිය කොටස්වලින් කතාවේ ලොකු වෙනස්කම් සිද්ධ වුණා. 👑 Rhaenyra විසින් ජනතාව අතර ආහාර සහ ද්‍රව්‍ය බෙදා දෙමින් King's Landing වල තමන්ගේ බලය තියාගන්න උත්සාහ කළත්, ඇයට එරෙහිව මඩ ප්‍රචාර යන්න පටන් ගන්නවා. 🐉 Ulf White මේ ගැන Rhaenyra ට දැනුම් දුන්නත්, ඔහුව කාසල් එකට හිර කිරීමට ඇය පියවර ගන්නවා. 

අනෙක් පසින් Daemon විසින් The Vale හිදී Sheepstealer ව ක්ලේම් කරගත් Rhaena ව ආරක්ෂා කිරීමට එඬේරෙකුගේ හිස ගෙනැවිත් Rhaenyra ට ලබා දුන්නත්, Mysaria හට ඒ ගැන සැක මතු වෙනවා. ⚔️ මේ අතර Harrenhal හිදී Aemond සහ Vhagar අතුරුදන් වීම Criston Cole ට ලොකු ප්‍රශ්නයක් වෙනවා. Tumbleton නගරය දෙසට Ormund Hightower ගේ හමුදාව පැමිණෙද්දී, Rhaenyra විසින් Winter Wolves සහ Riverlords හමුදාව එතැනට යොමු කරනවා. 

එමෙන්ම, රහසිගතව Rook's Rest වෙත යන Aegon II හට Sunfyre තවමත් ජීවතුන් අතර සිටින බව හැඟී යන අතර, Helaena ගැබිනියක් බවට පත්වීමත් සමඟ Green කල්ලියේ අනාගත රාජකීය උරුමය ගැන අලුත් පෙරළියක් ඇති වෙනවා. 🧐

📥 වීඩියෝ පිටපත් සහ උපසිරැසි ලබාගන්නා ආකාරය:

📄 Direct Subtitle Download: කිසිදු බාධාවකින් තොරව සිංහල උපසිරැසි ගොනුව (SRT) සෘජුවම බාගත කරගත හැක.

✈️ Telegram පිටපත්: වීඩියෝව සමඟ උපසිරැසි නැරඹීමට කැමති අය සඳහා 720p, 1080p සහ 4K උසස් තත්ත්වයේ WEB-DL වීඩියෝ පිටපත් සහ උපසිරැසි සියල්ලම ටෙලිග්‍රෑම් චැනලය හරහා ලබාගත හැක.",8.5,2026,3,5,"<meta name=""description"" content=""House of the Dragon Season 3 Episode 5 Sinhala Subtitle. Telegram එකෙන් 720p, 1080p, 4K WEB-DL පිටපත් සහ සිංහල උපසිරැසි සෘජුවම බාගත කරගන්න.""> <meta name=""keywords"" content=""House of the Dragon S03E05 Sinhala Sub, HOTD Season 3 Episode 5 Sinhala Subtitle, House of the Dragon Telegram, HOTD S3E05 WEB-DL, Sinhala Subtitles"">",https://t.me/Pixelpopnew_bot?start=jcPBAK9DK_g,18
72,2026-07-21 08:01:41.770922+00,Disclosure Day 2026,https://frdgyadvbdpacwfoqybw.supabase.co/storage/v1/object/public/subtitles/Disclosure%20Day/Disclosure.Day.2026.WEBRip.@pixelpoplk.6464646.zip?download,https://image.tmdb.org/t/p/original/3o5YPjDGDTcTDL5ftDA9NwN9dLd.jpg,"Sci-Fi ,Mystery,Thriller,Drama,Adventure","🎬 The Disclosure Day - සිංහල උපසිරැසි 🎬

The Disclosure Day is a high-stakes sci-fi thriller exploring the dramatic fallout of humanity's greatest secret being exposed.
As governments struggle to maintain control, ordinary people are pushed to their limits in a race to survive the global unraveling. Featuring intense suspense and unexpected twists, this film keeps viewers hooked from the opening scene to the final climax.
Download high quality WEB-DL video files in 720p, 1080p resolution along with direct Sinhala subtitle files.
Get fast, seamless access to watch or download The Disclosure Day with official Sinhala subs on Telegram and direct servers.

🔰ලෝකයෙන් වසන් කරගෙන හිටපු ලොකුම රහසක් හෙළිවන දවස ගැන තමයි මේ ෆිල්ම් එකෙන් කියවෙන්නේ. රජයන් සහ බලවත් සංවිධාන විසින් සාමාන්‍ය ජනතාවගෙන් හංගගෙන හිටපු මේ රහස එකපාරටම ලෝකෙට එළිවෙනකොට, මුළු ලෝකයම ලොකු අවුලකට පත්වෙනවා. මේ සිදුවීම් දාමය අස්සේ ප්‍රධාන චරිත මේ තත්ත්වයට මුහුණ දෙන විදිහ සහ තමන්ගේ පවුලේ අයව ආරක්ෂා කරගන්න ගන්නා උත්සාහය කතාව පුරාම බලාගන්න පුළුවන්.👈

කතාව ගැන වැඩිය කියන්නේ නැතුව කිව්වොත්, ආරම්භයේ ඉඳන් අවසානය වෙනකම්ම කුතුහලයෙන් බලන්න පුළුවන් ත්‍රාසජනක ෆිල්ම් එකක් විදිහට මේක හඳුන්වන්න පුළුවන්.💯

📥 වීඩියෝ පිටපත් සහ උපසිරැසි ලබාගන්නා ආකාරය:

📄 Direct Subtitle Download: කිසිදු බාධාවකින් තොරව සිංහල උපසිරැසි ගොනුව (SRT) සෘජුවම බාගත කරගත හැක.

✈️ Telegram පිටපත්: වීඩියෝව සමඟ උපසිරැසි නැරඹීමට කැමති අය සඳහා 720p, 1080p  උසස් තත්ත්වයේ WEB-DL වීඩියෝ පිටපත් සහ උපසිරැසි සියල්ලම ටෙලිග්‍රෑම් චැනලය හරහා ලබාගත හැක.",6.7,2026,,,"<!-- Meta Keywords --> <meta name=""keywords"" content=""The Disclosure Day Sinhala Subtitles, The Disclosure Day Sinhala Sub, Download The Disclosure Day Sinhala Subtitle, The Disclosure Day Telegram Download, Web-DL 1080p 720p 4K, The Disclosure Day සිංහල උපසිරැසි, The Disclosure Day Movie Sinhala Sub"">",https://t.me/PixelPopLk_bot?start=a0795f91-288e-48c9-8e87-257726a3cae5,1
73,2026-07-21 11:40:15.630722+00,Sons of Anarchy,https://frdgyadvbdpacwfoqybw.supabase.co/storage/v1/object/public/subtitles/Sons%20of%20Anarchy%20S04e07%205251/Sons_of_Anarchy_S04E07_5251.zip?download,https://image.tmdb.org/t/p/original/kiy8BHtIHAslh81rvFcZ4wbNGdY.jpg,"Action, Crime ,Drama, Tragedy","📥 Subtitles සහ Movies/TV Series පහසුවෙන්ම Download කරගන්නේ කෙසේද?

1. වෙබ් අඩවියෙන් Subtitles ලබාගැනීමට:

පියවර 01: මුලින්ම Dirrect Download Button එක ක්ලික් කරන්න.

පියවර 02: ඉන්පසු තත්පර 5ක් රැඳී සිට, නැවත Back වන්න (Navigate back).

පියවර 03: දැන් Start Download ක්ලික් කරන්න. එවිට Subtitle ෆයිල් එක Zip File එකක් ලෙස ඩවුන්ලෝඩ් වේවි.

භාවිතා කරන ආකාරය: එම Zip ෆයිල් එක Extract (Unzip) කර, ඔබගේ Video Player එකට Add කරගෙන උපසිරැසි සමඟින් රසවිඳින්න.

2. Telegram හරහා Direct ලබාගැනීමට:
මෙහි ඇති Telegram Download Button එක ක්ලික් කරන්න.

එවිට අපගේ Telegram Bot මඟින් අදාළ Subtitle ෆයිල් එක සහ ඒ හා සබැඳි Movie හෝ TV Series Episode එක සෘජුවම ඔබට ලබා දෙනු ඇත.

එතැනින් ඉතා පහසුවෙන් ඩවුන්ලෝඩ් කර නැරඹීමේ හැකියාව පවතී.

📌 අලුත්ම Updates ලබාගැනීමට:

චිත්‍රපට සහ ටෙලි කථා මාලාවල අලුත්ම Updates සහ Subtitles ක්ෂණිකව ලබාගැනීමට දැන්ම අපගේ Telegram Channel එකට සහ FB Page එකට Join වෙන්න! 🎬",8.5,2008,4,7,"<meta name=""keywords"" content=""Sons of Anarchy Season 4 Episode 7, Sons of Anarchy Sinhala Subtitles, Sons of Anarchy S04E07 Sinhala Sub, Sons of Anarchy 4x7 Sinhala Sub, SAMCRO, Jax Teller, TV Series Sinhala Sub, Sons of anarchy download, pixelpoplk""> <meta name=""description"" content=""Sons of Anarchy Season 4 Episode 7 Sinhala Subtitles. Download Sons of Anarchy S04E07 Sinhala Sub online from pixelpoplk."">",https://t.me/Pixelpopnew_bot?start=KtkDN-42odc,10
74,2026-07-21 11:40:15.630722+00,Sons of Anarchy,https://frdgyadvbdpacwfoqybw.supabase.co/storage/v1/object/public/subtitles/Sons%20of%20Anarchy%20S04e08%206510/Sons_of_Anarchy_S04E08_6510.zip?download,https://image.tmdb.org/t/p/original/kiy8BHtIHAslh81rvFcZ4wbNGdY.jpg,"Action, Crime ,Drama, Tragedy","📥 Subtitles සහ Movies/TV Series පහසුවෙන්ම Download කරගන්නේ කෙසේද?

1. වෙබ් අඩවියෙන් Subtitles ලබාගැනීමට:

පියවර 01: මුලින්ම Dirrect Download Button එක ක්ලික් කරන්න.

පියවර 02: ඉන්පසු තත්පර 5ක් රැඳී සිට, නැවත Back වන්න (Navigate back).

පියවර 03: දැන් Start Download ක්ලික් කරන්න. එවිට Subtitle ෆයිල් එක Zip File එකක් ලෙස ඩවුන්ලෝඩ් වේවි.

භාවිතා කරන ආකාරය: එම Zip ෆයිල් එක Extract (Unzip) කර, ඔබගේ Video Player එකට Add කරගෙන උපසිරැසි සමඟින් රසවිඳින්න.

2. Telegram හරහා Direct ලබාගැනීමට:
මෙහි ඇති Telegram Download Button එක ක්يك කරන්න.

එවිට අපගේ Telegram Bot මඟින් අදාළ Subtitle ෆයිල් එක සහ ඒ හා සබැඳි Movie හෝ TV Series Episode එක සෘජුවම ඔබට ලබා දෙනු ඇත.

එතැනින් ඉතා පහසුවෙන් ඩවුන්ලෝඩ් කර නැරඹීමේ හැකියාව පවතී.

📌 අලුත්ම Updates ලබාගැනීමට:

චිත්‍රපට සහ ටෙලි කථා මාලාවල අලුත්ම Updates සහ Subtitles ක්ෂණිකව ලබාගැනීමට දැන්ම අපගේ Telegram Channel එකට සහ FB Page එකට Join වෙන්න! 🎬",8.5,2008,4,8,"<meta name=""keywords"" content=""Sons of Anarchy Season 4 Episode 8, Sons of Anarchy Sinhala Subtitles, Sons of Anarchy S04E08 Sinhala Sub, Sons of Anarchy 4x8 Sinhala Sub, SAMCRO, Jax Teller, TV Series Sinhala Sub, Sons of anarchy download, pixelpoplk""> <meta name=""description"" content=""Sons of Anarchy Season 4 Episode 8 Sinhala Subtitles. Download Sons of Anarchy S04E08 Sinhala Sub online from pixelpoplk."">",https://t.me/Pixelpopnew_bot?start=8fDnjFpoY0Y,11
75,2026-07-21 11:40:15.630722+00,Sons of Anarchy,https://frdgyadvbdpacwfoqybw.supabase.co/storage/v1/object/public/subtitles/Sons%20of%20Anarchy%20S04e09%204320/Sons_of_Anarchy_S04E09_4320.zip?download,https://image.tmdb.org/t/p/original/kiy8BHtIHAslh81rvFcZ4wbNGdY.jpg,"Action, Crime ,Drama, Tragedy","📥 Subtitles සහ Movies/TV Series පහසුවෙන්ම Download කරගන්නේ කෙසේද?

1. වෙබ් අඩවියෙන් Subtitles ලබාගැනීමට:

පියවර 01: මුලින්ම Dirrect Download Button එක ක්ලික් කරන්න.

පියවර 02: ඉන්පසු තත්පර 5ක් රැඳී සිට, නැවත Back වන්න (Navigate back).

පියවර 03: දැන් Start Download ක්ලික් කරන්න. එවිට Subtitle ෆයිල් එක Zip File එකක් ලෙස ඩවුන්ලෝඩ් වේවි.

භාවිතා කරන ආකාරය: එම Zip ෆයිල් එක Extract (Unzip) කර, ඔබගේ Video Player එකට Add කරගෙන උපසිරැසි සමඟින් රසවිඳින්න.

2. Telegram හරහා Direct ලබාගැනීමට:
මෙහි ඇති Telegram Download Button එක ක්ලික් කරන්න.

එවිට අපගේ Telegram Bot මඟින් අදාළ Subtitle ෆයිල් එක සහ ඒ හා සබැඳි Movie හෝ TV Series Episode එක සෘජුවම ඔබට ලබා දෙනු ඇත.

එතැනින් ඉතා පහසුවෙන් ඩවුන්ලෝඩ් කර නැරඹීමේ හැකියාව පවතී.

📌 අලුත්ම Updates ලබාගැනීමට:

චිත්‍රපට සහ ටෙලි කථා මාලාවල අලුත්ම Updates සහ Subtitles ක්ෂණිකව ලබාගැනීමට දැන්ම අපගේ Telegram Channel එකට සහ FB Page එකට Join වෙන්න! 🎬",8.5,2008,4,9,"<meta name=""keywords"" content=""Sons of Anarchy Season 4 Episode 9, Sons of Anarchy Sinhala Subtitles, Sons of Anarchy S04E09 Sinhala Sub, Sons of Anarchy 4x9 Sinhala Sub, SAMCRO, Jax Teller, TV Series Sinhala Sub, Sons of anarchy download, pixelpoplk""> <meta name=""description"" content=""Sons of Anarchy Season 4 Episode 9 Sinhala Subtitles. Download Sons of Anarchy S04E09 Sinhala Sub online from pixelpoplk."">",https://t.me/Pixelpopnew_bot?start=UfFdUVG6RFE,10
76,2026-07-21 11:40:15.630722+00,Sons of Anarchy,https://frdgyadvbdpacwfoqybw.supabase.co/storage/v1/object/public/subtitles/Sons%20of%20Anarchy%20S04e10%207286/Sons_of_Anarchy_S04E10_7286.zip?download,https://image.tmdb.org/t/p/original/kiy8BHtIHAslh81rvFcZ4wbNGdY.jpg,"Action, Crime ,Drama, Tragedy","📥 Subtitles සහ Movies/TV Series පහසුවෙන්ම Download කරගන්නේ කෙසේද?

1. වෙබ් අඩවියෙන් Subtitles ලබාගැනීමට:

පියවර 01: මුලින්ම Dirrect Download Button එක ක්ලික් කරන්න.

පියවර 02: ඉන්පසු තත්පර 5ක් රැඳී සිට, නැවත Back වන්න (Navigate back).

පියවර 03: දැන් Start Download ක්ලික් කරන්න. එවිට Subtitle ෆයිල් එක Zip File එකක් ලෙස ඩවුන්ලෝඩ් වේවි.

භාවිතා කරන ආකාරය: එම Zip ෆයිල් එක Extract (Unzip) කර, ඔබගේ Video Player එකට Add කරගෙන උපසිරැසි සමඟින් රසවිඳින්න.

2. Telegram හරහා Direct ලබාගැනීමට:
මෙහි ඇති Telegram Download Button එක ක්ලික් කරන්න.

එවිට අපගේ Telegram Bot මඟින් අදාළ Subtitle ෆයිල් එක සහ ඒ හා සබැඳි Movie හෝ TV Series Episode එක සෘජුවම ඔබට ලබා දෙනු ඇත.

එතැනින් ඉතා පහසුවෙන් ඩවුන්ලෝඩ් කර නැරඹීමේ හැකියාව පවතී.

📌 අලුත්ම Updates ලබාගැනීමට:

චිත්‍රපට සහ ටෙලි කථා මාලාවල අලුත්ම Updates සහ Subtitles ක්ෂණිකව ලබාගැනීමට දැන්ම අපගේ Telegram Channel එකට සහ FB Page එකට Join වෙන්න! 🎬",8.5,2008,4,10,"<meta name=""keywords"" content=""Sons of Anarchy Season 4 Episode 10, Sons of Anarchy Sinhala Subtitles, Sons of Anarchy S04E10 Sinhala Sub, Sons of Anarchy 4x10 Sinhala Sub, SAMCRO, Jax Teller, TV Series Sinhala Sub, Sons of anarchy download, pixelpoplk""> <meta name=""description"" content=""Sons of Anarchy Season 4 Episode 10 Sinhala Subtitles. Download Sons of Anarchy S04E10 Sinhala Sub online from pixelpoplk."">",https://t.me/Pixelpopnew_bot?start=3cEG-0FdiAU,11
77,2026-07-21 11:40:15.630722+00,Sons of Anarchy,https://frdgyadvbdpacwfoqybw.supabase.co/storage/v1/object/public/subtitles/Sons%20of%20Anarchy%20S04e11%209798/Sons_of_Anarchy_S04E11_9798.zip?download,https://image.tmdb.org/t/p/original/kiy8BHtIHAslh81rvFcZ4wbNGdY.jpg,"Action, Crime ,Drama, Tragedy","📥 Subtitles සහ Movies/TV Series පහසුවෙන්ම Download කරගන්නේ කෙසේද?

1. වෙබ් අඩවියෙන් Subtitles ලබාගැනීමට:

පියවර 01: මුලින්ම Dirrect Download Button එක ක්ලික් කරන්න.

පියවර 02: ඉන්පසු තත්පර 5ක් රැඳී සිට, නැවත Back වන්න (Navigate back).

පියවර 03: දැන් Start Download ක්ලික් කරන්න. එවිට Subtitle ෆයිල් එක Zip File එකක් ලෙස ඩවුන්ලෝඩ් වේවි.

භාවිතා කරන ආකාරය: එම Zip ෆයිල් එක Extract (Unzip) කර, ඔබගේ Video Player එකට Add කරගෙන උපසිරැසි සමඟින් රසවිඳින්න.

2. Telegram හරහා Direct ලබාගැනීමට:
මෙහි ඇති Telegram Download Button එක ක්ලික් කරන්න.

එවිට අපගේ Telegram Bot මඟින් අදාළ Subtitle ෆයිල් එක සහ ඒ හා සබැඳි Movie හෝ TV Series Episode එක සෘජුවම ඔබට ලබා දෙනු ඇත.

එතැනින් ඉතා පහසුවෙන් ඩවුන්ලෝඩ් කර නැරඹීමේ හැකියාව පවතී.

📌 අලුත්ම Updates ලබාගැනීමට:

චිත්‍රපට සහ ටෙලි කථා මාලාවල අලුත්ම Updates සහ Subtitles ක්ෂණිකව ලබාගැනීමට දැන්ම අපගේ Telegram Channel එකට සහ FB Page එකට Join වෙන්න! 🎬",8.5,2008,4,11,"<meta name=""keywords"" content=""Sons of Anarchy Season 4 Episode 11, Sons of Anarchy Sinhala Subtitles, Sons of Anarchy S04E11 Sinhala Sub, Sons of Anarchy 4x11 Sinhala Sub, SAMCRO, Jax Teller, TV Series Sinhala Sub, Sons of anarchy download, pixelpoplk""> <meta name=""description"" content=""Sons of Anarchy Season 4 Episode 11 Sinhala Subtitles. Download Sons of Anarchy S04E11 Sinhala Sub online from pixelpoplk."">",https://t.me/Pixelpopnew_bot?start=SIgmPxUPMp4,9
78,2026-07-21 11:40:15.630722+00,Sons of Anarchy,https://frdgyadvbdpacwfoqybw.supabase.co/storage/v1/object/public/subtitles/Sons%20of%20Anarchy%20S04e12%201909/Sons_of_Anarchy_S04E12_1909.zip?download,https://image.tmdb.org/t/p/original/kiy8BHtIHAslh81rvFcZ4wbNGdY.jpg,"Action, Crime ,Drama, Tragedy","📥 Subtitles සහ Movies/TV Series පහසුවෙන්ම Download කරගන්නේ කෙසේද?

1. වෙබ් අඩවියෙන් Subtitles ලබාගැනීමට:

පියවර 01: මුලින්ම Dirrect Download Button එක ක්ලික් කරන්න.

පියවර 02: ඉන්පසු තත්පර 5ක් රැඳී සිට, නැවත Back වන්න (Navigate back).

පියවර 03: දැන් Start Download ක්ලික් කරන්න. එවිට Subtitle ෆයිල් එක Zip File එකක් ලෙස ඩවුන්ලෝඩ් වේවි.

භාවිතා කරන ආකාරය: එම Zip ෆයිල් එක Extract (Unzip) කර, ඔබගේ Video Player එකට Add කරගෙන උපසිරැසි සමඟින් රසවිඳින්න.

2. Telegram හරහා Direct ලබාගැනීමට:
මෙහි ඇති Telegram Download Button එක ක්ලික් කරන්න.

එවිට අපගේ Telegram Bot මඟින් අදාළ Subtitle ෆයිල් එක සහ ඒ හා සබැඳි Movie හෝ TV Series Episode එක සෘජුවම ඔබට ලබා දෙනු ඇත.

එතැනින් ඉතා පහසුවෙන් ඩවුන්ලෝඩ් කර නැරඹීමේ හැකියාව පවතී.

📌 අලුත්ම Updates ලබාගැනීමට:

චිත්‍රපට සහ ටෙලි කථා මාලාවල අලුත්ම Updates සහ Subtitles ක්ෂණිකව ලබාගැනීමට දැන්ම අපගේ Telegram Channel එකට සහ FB Page එකට Join වෙන්න! 🎬",8.5,2008,4,12,"<meta name=""keywords"" content=""Sons of Anarchy Season 4 Episode 12, Sons of Anarchy Sinhala Subtitles, Sons of Anarchy S04E12 Sinhala Sub, Sons of Anarchy 4x12 Sinhala Sub, SAMCRO, Jax Teller, TV Series Sinhala Sub, Sons of anarchy download, pixelpoplk""> <meta name=""description"" content=""Sons of Anarchy Season 4 Episode 12 Sinhala Subtitles. Download Sons of Anarchy S04E12 Sinhala Sub online from pixelpoplk."">",https://t.me/Pixelpopnew_bot?start=dzLuyeorNsg,8
79,2026-07-21 11:40:15.630722+00,Sons of Anarchy,https://frdgyadvbdpacwfoqybw.supabase.co/storage/v1/object/public/subtitles/Sons%20of%20Anarchy%20S04e13%202358/Sons_of_Anarchy_S04E13_2358.zip?download,https://image.tmdb.org/t/p/original/kiy8BHtIHAslh81rvFcZ4wbNGdY.jpg,"Action, Crime ,Drama, Tragedy","📥 Subtitles සහ Movies/TV Series පහසුවෙන්ම Download කරගන්නේ කෙසේද?

1. වෙබ් අඩවියෙන් Subtitles ලබාගැනීමට:

පියවර 01: මුලින්ම Dirrect Download Button එක ක්ලික් කරන්න.

පියවර 02: ඉන්පසු තත්පර 5ක් රැඳී සිට, නැවත Back වන්න (Navigate back).

පියවර 03: දැන් Start Download ක්ලික් කරන්න. එවිට Subtitle ෆයිල් එක Zip File එකක් ලෙස ඩවුන්ලෝඩ් වේවි.

භාවිතා කරන ආකාරය: එම Zip ෆයිල් එක Extract (Unzip) කර, ඔබගේ Video Player එකට Add කරගෙන උපසිරැසි සමඟින් රසවිඳින්න.

2. Telegram හරහා Direct ලබාගැනීමට:
මෙහි ඇති Telegram Download Button එක ක්ලික් කරන්න.

එවිට අපගේ Telegram Bot මඟින් අදාළ Subtitle ෆයිල් එක සහ ඒ හා සබැඳි Movie හෝ TV Series Episode එක සෘජුවම ඔබට ලබා දෙනු ඇත.

එතැනින් ඉතා පහසුවෙන් ඩවුන්ලෝඩ් කර නැරඹීමේ හැකියාව පවතී.

📌 අලුත්ම Updates ලබාගැනීමට:

චිත්‍රපට සහ ටෙලි කථා මාලාවල අලුත්ම Updates සහ Subtitles ක්ෂණිකව ලබාගැනීමට දැන්ම අපගේ Telegram Channel එකට සහ FB Page එකට Join වෙන්න! 🎬",8.5,2008,4,13,"<meta name=""keywords"" content=""Sons of Anarchy Season 4 Episode 13, Sons of Anarchy Sinhala Subtitles, Sons of Anarchy S04E13 Sinhala Sub, Sons of Anarchy 4x13 Sinhala Sub, SAMCRO, Jax Teller, TV Series Sinhala Sub, Sons of anarchy download, pixelpoplk""> <meta name=""description"" content=""Sons of Anarchy Season 4 Episode 13 Sinhala Subtitles. Download Sons of Anarchy S04E13 Sinhala Sub online from pixelpoplk."">",https://t.me/Pixelpopnew_bot?start=V0GgpWU7F84,8
80,2026-07-21 11:40:15.630722+00,Sons of Anarchy,https://frdgyadvbdpacwfoqybw.supabase.co/storage/v1/object/public/subtitles/Sons%20of%20Anarchy%20S04e14%207267/Sons_of_Anarchy_S04E14_7267.zip?download,https://image.tmdb.org/t/p/original/kiy8BHtIHAslh81rvFcZ4wbNGdY.jpg,"Action, Crime ,Drama, Tragedy","📥 Subtitles සහ Movies/TV Series පහසුවෙන්ම Download කරගන්නේ කෙසේද?

1. වෙබ් අඩවියෙන් Subtitles ලබාගැනීමට:

පියවර 01: මුලින්ම Dirrect Download Button එක ක්ලික් කරන්න.

පියවර 02: ඉන්පසු තත්පර 5ක් රැඳී සිට, නැවත Back වන්න (Navigate back).

පියවර 03: දැන් Start Download ක්ලික් කරන්න. එවිට Subtitle ෆයිල් එක Zip File එකක් ලෙස ඩවුන්ලෝඩ් වේවි.

භාවිතා කරන ආකාරය: එම Zip ෆයිල් එක Extract (Unzip) කර, ඔබගේ Video Player එකට Add කරගෙන උපසිරැසි සමඟින් රසවිඳින්න.

2. Telegram හරහා Direct ලබාගැනීමට:
මෙහි ඇති Telegram Download Button එක ක්ලික් කරන්න.

එවිට අපගේ Telegram Bot මඟින් අදාළ Subtitle ෆයිල් එක සහ ඒ හා සබැඳි Movie හෝ TV Series Episode එක සෘජුවම ඔබට ලබා දෙනු ඇත.

එතැනින් ඉතා පහසුවෙන් ඩවුන්ලෝඩ් කර නැරඹීමේ හැකියාව පවතී.

📌 අලුත්ම Updates ලබාගැනීමට:

චිත්‍රපට සහ ටෙලි කථා මාලාවල අලුත්ම Updates සහ Subtitles ක්ෂණිකව ලබාගැනීමට දැන්ම අපගේ Telegram Channel එකට සහ FB Page එකට Join වෙන්න! 🎬",8.5,2008,4,14,"<meta name=""keywords"" content=""Sons of Anarchy Season 4 Episode 14, Sons of Anarchy Sinhala Subtitles, Sons of Anarchy S04E14 Sinhala Sub, Sons of Anarchy 4x14 Sinhala Sub, SAMCRO, Jax Teller, TV Series Sinhala Sub, Sons of anarchy download, pixelpoplk""> <meta name=""description"" content=""Sons of Anarchy Season 4 Episode 14 Sinhala Subtitles. Download Sons of Anarchy S04E14 Sinhala Sub online from pixelpoplk."">",https://t.me/Pixelpopnew_bot?start=vmPMRGqvj-Y,9
81,2026-07-21 11:40:57.426392+00,Dune: Prophecy,https://frdgyadvbdpacwfoqybw.supabase.co/storage/v1/object/public/subtitles/Dune%20Prophecy%20S01e01%207379/Dune_Prophecy_S01E01_7379.zip?download,https://image.tmdb.org/t/p/original/5B8Cxz8ZZXp3w2WmmdKTXpkS24e.jpg,"Fantasy,Action,Political,Philosophical,Drama,Sci-Fi","🪐 Dune: Prophecy (2024-)  සිංහල උපසිරැසි 🎬

Dune: Prophecy is a sci-fi prequel set 10,000 years before Paul Atreides, following the Harkonnen sisters as they found the legendary Bene Gesserit. Download high-quality 720p WEB-DL video files with Sinhala subtitles on Telegram and direct servers.

Frank Herbert ගේ ලෝකප්‍රකට Dune විශ්වය ඇසුරෙන් නිර්මාණය වූ Dune: Prophecy කතා මාලාව දිගහැරෙන්නේ Paul Atreides ගේ ඉපදීමට සහ Arrakis ග්‍රහලෝකයේ සිදුවීම්වලට වසර 10,000 කට පෙර අතීත කාලවකවානුවකය. මනුෂ්‍ය වර්ගයා සිතන යන්ත්‍ර සහ කෘතිම බුද්ධිය (AI) සමඟ කළ මහා යුද්ධයෙන් (Thinking Machines Crisis) පසුව, තාක්ෂණය මත යැපීම තහනම් වූ යුගයක අනාගත මනුෂ්‍ය වර්ගයාගේ පැවැත්ම තීරණය කිරීමට සිදුවන්නේ මිනිස් මනසේ සහ ශරීරයේ උපරිම ශක්තිය මතය.

මෙම අභියෝගාත්මක වටපිටාව තුළ Harkonnen වංශයේ සහෝදරියන් වන Valya Harkonnen සහ Tula Harkonnen ප්‍රධාන චරිත බවට පත්වෙයි. තම වංශයට අහිමි වූ ගෞරවය නැවත ලබාගැනීමටත්, අනාගත රාජ්‍යයන්ගේ බලතුලනය තමන්ට අවශ්‍ය පරිදි මෙහෙයවීමටත් ඔවුන් කටයුතු කරයි. එහි ප්‍රතිඵලයක් ලෙස මනුෂ්‍ය වර්ගයාගේ අනාගතය වෙනස් කළ හැකි, දේශපාලන අධිරාජ්‍යයන් පවා පිටුපස සිට පාලනය කරන Bene Gesserit නම් අද්භූත සහ අතිශය බලවත් සහෝදරත්වය (Sisterhood) ආරම්භ වේ.

විශාල අධිරාජ්‍යයන් අතර පවතින රහසිගත සටන්, රාජකීය කුමන්ත්‍රණ, ආගමික සහ දාර්ශනික මතවාද මෙන්ම අභිරහස් අඳුරු බලවේගයන්ගෙන් පිරුණු මෙම නිර්මාණය Dune කතා මාලාවේ මූලාරම්භය ඉතා ගැඹුරින් හෙළි කරයි. Sci-Fi, Drama සහ Political Thriller ගණයට අයත් මෙම කතා මාලාව උසස්ම මට්ටමේ visual effects සහ පාලුවකින් තොරව එකදිගට නැරඹිය හැකි විශිෂ්ට කතා තේමාවකින් සමන්විත වේ.

📥 වීඩියෝ පිටපත් සහ උපසිරැසි ලබාගන්නා ආකාරය:
📄 Direct Subtitle Download: කිසිදු බාධාවකින් තොරව සිංහල උපසිරැසි ගොනුව (SRT) සෘජුවම බාගත කරගත හැක.
✈️ Telegram පිටපත්: වීඩියෝව සමඟ උපසිරැසි නැරඹීමට කැමති අය සඳහා 720p WEB-DL වීඩියෝ පිටපත් සහ උපසිරැසි සියල්ලම ටෙලිග්‍රෑම් චැනලය හරහා ලබාගත හැක.",7.3,2024,1,1,"<meta name=""keywords"" content=""Dune Prophecy Season 1 Episode 1, Dune Prophecy Sinhala Subtitles, Dune Prophecy S01E01 Sinhala Sub, Dune Prophecy 1x1 sub, Bene Gesserit, Valya Harkonnen, Dune prequel Sinhala Sub, pixelpoplk""> <meta name=""description"" content=""Dune Prophecy Season 1 Episode 1 Sinhala Subtitles. Download Dune Prophecy S01E01 Sinhala Sub online from pixelpoplk."">",https://t.me/Pixelpopnew_bot?start=0dXvvBaQSb4,0
82,2026-07-21 11:40:57.426392+00,Dune: Prophecy,https://frdgyadvbdpacwfoqybw.supabase.co/storage/v1/object/public/subtitles/Dune%20Prophecy%20S01e02%204146/Dune_Prophecy_S01E02_4146.zip?download,https://image.tmdb.org/t/p/original/5B8Cxz8ZZXp3w2WmmdKTXpkS24e.jpg,"Fantasy,Action,Political,Philosophical,Drama,Sci-Fi","🪐 Dune: Prophecy (2024-)  සිංහල උපසිරැසි 🎬

Dune: Prophecy is a sci-fi prequel set 10,000 years before Paul Atreides, following the Harkonnen sisters as they found the legendary Bene Gesserit. Download high-quality 720p WEB-DL video files with Sinhala subtitles on Telegram and direct servers.

Frank Herbert ගේ ලෝකප්‍රකට Dune විශ්වය ඇසුරෙන් නිර්මාණය වූ Dune: Prophecy කතා මාලාව දිගහැරෙන්නේ Paul Atreides ගේ ඉපදීමට සහ Arrakis ග්‍රහලෝකයේ සිදුවීම්වලට වසර 10,000 කට පෙර අතීත කාලවකවානුවකය. මනුෂ්‍ය වර්ගයා සිතන යන්ත්‍ර සහ කෘතිම බුද්ධිය (AI) සමඟ කළ මහා යුද්ධයෙන් (Thinking Machines Crisis) පසුව, තාක්ෂණය මත යැපීම තහනම් වූ යුගයක අනාගත මනුෂ්‍ය වර්ගයාගේ පැවැත්ම තීරණය කිරීමට සිදුවන්නේ මිනිස් මනසේ සහ ශරීරයේ උපරිම ශක්තිය මතය.

මෙම අභියෝගාත්මක වටපිටාව තුළ Harkonnen වංශයේ සහෝදරියන් වන Valya Harkonnen සහ Tula Harkonnen ප්‍රධාන චරිත බවට පත්වෙයි. තම වංශයට අහිමි වූ ගෞරවය නැවත ලබාගැනීමටත්, අනාගත රාජ්‍යයන්ගේ බලතුලනය තමන්ට අවශ්‍ය පරිදි මෙහෙයවීමටත් ඔවුන් කටයුතු කරයි. එහි ප්‍රතිඵලයක් ලෙස මනුෂ්‍ය වර්ගයාගේ අනාගතය වෙනස් කළ හැකි, දේශපාලන අධිරාජ්‍යයන් පවා පිටුපස සිට පාලනය කරන Bene Gesserit නම් අද්භූත සහ අතිශය බලවත් සහෝදරත්වය (Sisterhood) ආරම්භ වේ.

විශාල අධිරාජ්‍යයන් අතර පවතින රහසිගත සටන්, රාජකීය කුමන්ත්‍රණ, ආගමික සහ දාර්ශනික මතවාද මෙන්ම අභිරහස් අඳුරු බලවේගයන්ගෙන් පිරුණු මෙම නිර්මාණය Dune කතා මාලාවේ මූලාරම්භය ඉතා ගැඹුරින් හෙළි කරයි. Sci-Fi, Drama සහ Political Thriller ගණයට අයත් මෙම කතා මාලාව උසස්ම මට්ටමේ visual effects සහ පාලුවකින් තොරව එකදිගට නැරඹිය හැකි විශිෂ්ට කතා තේමාවකින් සමන්විත වේ.

📥 වීඩියෝ පිටපත් සහ උපසිරැසි ලබාගන්නා ආකාරය:
📄 Direct Subtitle Download: කිසිදු බාධාවකින් තොරව සිංහල උපසිරැසි ගොනුව (SRT) සෘජුවම බාගත කරගත හැක.
✈️ Telegram පිටපත්: වීඩියෝව සමඟ උපසිරැසි නැරඹීමට කැමති අය සඳහා 720p WEB-DL වීඩියෝ පිටපත් සහ උපසිරැසි සියල්ලම ටෙලිග්‍රෑම් චැනලය හරහා ලබාගත හැක.",7.3,2024,1,2,"<meta name=""keywords"" content=""Dune Prophecy Season 1 Episode 2, Dune Prophecy Sinhala Subtitles, Dune Prophecy S01E02 Sinhala Sub, Dune Prophecy 1x2 sub, Bene Gesserit, Valya Harkonnen, Dune prequel Sinhala Sub, pixelpoplk""> <meta name=""description"" content=""Dune Prophecy Season 1 Episode 2 Sinhala Subtitles. Download Dune Prophecy S01E02 Sinhala Sub online from pixelpoplk."">",https://t.me/Pixelpopnew_bot?start=3glZV3fPr7M,0
83,2026-07-21 11:40:57.426392+00,Dune: Prophecy,https://frdgyadvbdpacwfoqybw.supabase.co/storage/v1/object/public/subtitles/Dune%20Prophecy%20S01e03%203381/Dune_Prophecy_S01E03_3381.zip?download,https://image.tmdb.org/t/p/original/5B8Cxz8ZZXp3w2WmmdKTXpkS24e.jpg,"Fantasy,Action,Political,Philosophical,Drama,Sci-Fi","🪐 Dune: Prophecy (2024-)  සිංහල උපසිරැසි 🎬

Dune: Prophecy is a sci-fi prequel set 10,000 years before Paul Atreides, following the Harkonnen sisters as they found the legendary Bene Gesserit. Download high-quality 720p WEB-DL video files with Sinhala subtitles on Telegram and direct servers.

Frank Herbert ගේ ලෝකප්‍රකට Dune විශ්වය ඇසුරෙන් නිර්මාණය වූ Dune: Prophecy කතා මාලාව දිගහැරෙන්නේ Paul Atreides ගේ ඉපදීමට සහ Arrakis ග්‍රහලෝකයේ සිදුවීම්වලට වසර 10,000 කට පෙර අතීත කාලවකවානුවකය. මනුෂ්‍ය වර්ගයා සිතන යන්ත්‍ර සහ කෘතිම බුද්ධිය (AI) සමඟ කළ මහා යුද්ධයෙන් (Thinking Machines Crisis) පසුව, තාක්ෂණය මත යැපීම තහනම් වූ යුගයක අනාගත මනුෂ්‍ය වර්ගයාගේ පැවැත්ම තීරණය කිරීමට සිදුවන්නේ මිනිස් මනසේ සහ ශරීරයේ උපරිම ශක්තිය මතය.

මෙම අභියෝගාත්මක වටපිටාව තුළ Harkonnen වංශයේ සහෝදරියන් වන Valya Harkonnen සහ Tula Harkonnen ප්‍රධාන චරිත බවට පත්වෙයි. තම වංශයට අහිමි වූ ගෞරවය නැවත ලබාගැනීමටත්, අනාගත රාජ්‍යයන්ගේ බලතුලනය තමන්ට අවශ්‍ය පරිදි මෙහෙයවීමටත් ඔවුන් කටයුතු කරයි. එහි ප්‍රතිඵලයක් ලෙස මනුෂ්‍ය වර්ගයාගේ අනාගතය වෙනස් කළ හැකි, දේශපාලන අධිරාජ්‍යයන් පවා පිටුපස සිට පාලනය කරන Bene Gesserit නම් අද්භූත සහ අතිශය බලවත් සහෝදරත්වය (Sisterhood) ආරම්භ වේ.

විශාල අධිරාජ්‍යයන් අතර පවතින රහසිගත සටන්, රාජකීය කුමන්ත්‍රණ, ආගමික සහ දාර්ශනික මතවාද මෙන්ම අභිරහස් අඳුරු බලවේගයන්ගෙන් පිරුණු මෙම නිර්මාණය Dune කතා මාලාවේ මූලාරම්භය ඉතා ගැඹුරින් හෙළි කරයි. Sci-Fi, Drama සහ Political Thriller ගණයට අයත් මෙම කතා මාලාව උසස්ම මට්ටමේ visual effects සහ පාලුවකින් තොරව එකදිගට නැරඹිය හැකි විශිෂ්ට කතා තේමාවකින් සමන්විත වේ.

📥 වීඩියෝ පිටපත් සහ උපසිරැසි ලබාගන්නා ආකාරය:
📄 Direct Subtitle Download: කිසිදු බාධාවකින් තොරව සිංහල උපසිරැසි ගොනුව (SRT) සෘජුවම බාගත කරගත හැක.
✈️ Telegram පිටපත්: වීඩියෝව සමඟ උපසිරැසි නැරඹීමට කැමති අය සඳහා 720p WEB-DL වීඩියෝ පිටපත් සහ උපසිරැසි සියල්ලම ටෙලිග්‍රෑම් චැනලය හරහා ලබාගත හැක.",7.3,2024,1,3,"<meta name=""keywords"" content=""Dune Prophecy Season 1 Episode 3, Dune Prophecy Sinhala Subtitles, Dune Prophecy S01E03 Sinhala Sub, Dune Prophecy 1x3 sub, Bene Gesserit, Valya Harkonnen, Dune prequel Sinhala Sub, pixelpoplk""> <meta name=""description"" content=""Dune Prophecy Season 1 Episode 3 Sinhala Subtitles. Download Dune Prophecy S01E03 Sinhala Sub online from pixelpoplk."">",https://t.me/Pixelpopnew_bot?start=4zHu9uNt7k8,0
84,2026-07-21 11:40:57.426392+00,Dune: Prophecy,https://frdgyadvbdpacwfoqybw.supabase.co/storage/v1/object/public/subtitles/Dune%20Prophecy%20S01e04%206817/Dune_Prophecy_S01E04_6817.zip?download,https://image.tmdb.org/t/p/original/5B8Cxz8ZZXp3w2WmmdKTXpkS24e.jpg,"Fantasy,Action,Political,Philosophical,Drama,Sci-Fi","🪐 Dune: Prophecy (2024-)  සිංහල උපසිරැසි 🎬

Dune: Prophecy is a sci-fi prequel set 10,000 years before Paul Atreides, following the Harkonnen sisters as they found the legendary Bene Gesserit. Download high-quality 720p WEB-DL video files with Sinhala subtitles on Telegram and direct servers.

Frank Herbert ගේ ලෝකප්‍රකට Dune විශ්වය ඇසුරෙන් නිර්මාණය වූ Dune: Prophecy කතා මාලාව දිගහැරෙන්නේ Paul Atreides ගේ ඉපදීමට සහ Arrakis ග්‍රහලෝකයේ සිදුවීම්වලට වසර 10,000 කට පෙර අතීත කාලවකවානුවකය. මනුෂ්‍ය වර්ගයා සිතන යන්ත්‍ර සහ කෘතිම බුද්ධිය (AI) සමඟ කළ මහා යුද්ධයෙන් (Thinking Machines Crisis) පසුව, තාක්ෂණය මත යැපීම තහනම් වූ යුගයක අනාගත මනුෂ්‍ය වර්ගයාගේ පැවැත්ම තීරණය කිරීමට සිදුවන්නේ මිනිස් මනසේ සහ ශරීරයේ උපරිම ශක්තිය මතය.

මෙම අභියෝගාත්මක වටපිටාව තුළ Harkonnen වංශයේ සහෝදරියන් වන Valya Harkonnen සහ Tula Harkonnen ප්‍රධාන චරිත බවට පත්වෙයි. තම වංශයට අහිමි වූ ගෞරවය නැවත ලබාගැනීමටත්, අනාගත රාජ්‍යයන්ගේ බලතුලනය තමන්ට අවශ්‍ය පරිදි මෙහෙයවීමටත් ඔවුන් කටයුතු කරයි. එහි ප්‍රතිඵලයක් ලෙස මනුෂ්‍ය වර්ගයාගේ අනාගතය වෙනස් කළ හැකි, දේශපාලන අධිරාජ්‍යයන් පවා පිටුපස සිට පාලනය කරන Bene Gesserit නම් අද්භූත සහ අතිශය බලවත් සහෝදරත්වය (Sisterhood) ආරම්භ වේ.

විශාල අධිරාජ්‍යයන් අතර පවතින රහසිගත සටන්, රාජකීය කුමන්ත්‍රණ, ආගමික සහ දාර්ශනික මතවාද මෙන්ම අභිරහස් අඳුරු බලවේගයන්ගෙන් පිරුණු මෙම නිර්මාණය Dune කතා මාලාවේ මූලාරම්භය ඉතා ගැඹුරින් හෙළි කරයි. Sci-Fi, Drama සහ Political Thriller ගණයට අයත් මෙම කතා මාලාව උසස්ම මට්ටමේ visual effects සහ පාලුවකින් තොරව එකදිගට නැරඹිය හැකි විශිෂ්ට කතා තේමාවකින් සමන්විත වේ.

📥 වීඩියෝ පිටපත් සහ උපසිරැසි ලබාගන්නා ආකාරය:
📄 Direct Subtitle Download: කිසිදු බාධාවකින් තොරව සිංහල උපසිරැසි ගොනුව (SRT) සෘජුවම බාගත කරගත හැක.
✈️ Telegram පිටපත්: වීඩියෝව සමඟ උපසිරැසි නැරඹීමට කැමති අය සඳහා 720p WEB-DL වීඩියෝ පිටපත් සහ උපසිරැසි සියල්ලම ටෙලිග්‍රෑම් චැනලය හරහා ලබාගත හැක.",7.3,2024,1,4,"<meta name=""keywords"" content=""Dune Prophecy Season 1 Episode 4, Dune Prophecy Sinhala Subtitles, Dune Prophecy S01E04 Sinhala Sub, Dune Prophecy 1x4 sub, Bene Gesserit, Valya Harkonnen, Dune prequel Sinhala Sub, pixelpoplk""> <meta name=""description"" content=""Dune Prophecy Season 1 Episode 4 Sinhala Subtitles. Download Dune Prophecy S01E04 Sinhala Sub online from pixelpoplk."">",https://t.me/Pixelpopnew_bot?start=IDYDagRDWRc,0
85,2026-07-21 11:40:57.426392+00,Dune: Prophecy,https://frdgyadvbdpacwfoqybw.supabase.co/storage/v1/object/public/subtitles/Dune%20Prophecy%20S01e05%207821/Dune_Prophecy_S01E05_7821.zip?download,https://image.tmdb.org/t/p/original/5B8Cxz8ZZXp3w2WmmdKTXpkS24e.jpg,"Fantasy,Action,Political,Philosophical,Drama,Sci-Fi","🪐 Dune: Prophecy (2024-)  සිංහල උපසිරැසි 🎬

Dune: Prophecy is a sci-fi prequel set 10,000 years before Paul Atreides, following the Harkonnen sisters as they found the legendary Bene Gesserit. Download high-quality 720p WEB-DL video files with Sinhala subtitles on Telegram and direct servers.

Frank Herbert ගේ ලෝකප්‍රකට Dune විශ්වය ඇසුරෙන් නිර්මාණය වූ Dune: Prophecy කතා මාලාව දිගහැරෙන්නේ Paul Atreides ගේ ඉපදීමට සහ Arrakis ග්‍රහලෝකයේ සිදුවීම්වලට වසර 10,000 කට පෙර අතීත කාලවකවානුවකය. මනුෂ්‍ය වර්ගයා සිතන යන්ත්‍ර සහ කෘතිම බුද්ධිය (AI) සමඟ කළ මහා යුද්ධයෙන් (Thinking Machines Crisis) පසුව, තාක්ෂණය මත යැපීම තහනම් වූ යුගයක අනාගත මනුෂ්‍ය වර්ගයාගේ පැවැත්ම තීරණය කිරීමට සිදුවන්නේ මිනිස් මනසේ සහ ශරීරයේ උපරිම ශක්තිය මතය.

මෙම අභියෝගාත්මක වටපිටාව තුළ Harkonnen වංශයේ සහෝදරියන් වන Valya Harkonnen සහ Tula Harkonnen ප්‍රධාන චරිත බවට පත්වෙයි. තම වංශයට අහිමි වූ ගෞරවය නැවත ලබාගැනීමටත්, අනාගත රාජ්‍යයන්ගේ බලතුලනය තමන්ට අවශ්‍ය පරිදි මෙහෙයවීමටත් ඔවුන් කටයුතු කරයි. එහි ප්‍රතිඵලයක් ලෙස මනුෂ්‍ය වර්ගයාගේ අනාගතය වෙනස් කළ හැකි, දේශපාලන අධිරාජ්‍යයන් පවා පිටුපස සිට පාලනය කරන Bene Gesserit නම් අද්භූත සහ අතිශය බලවත් සහෝදරත්වය (Sisterhood) ආරම්භ වේ.

විශාල අධිරාජ්‍යයන් අතර පවතින රහසිගත සටන්, රාජකීය කුමන්ත්‍රණ, ආගමික සහ දාර්ශනික මතවාද මෙන්ම අභිරහස් අඳුරු බලවේගයන්ගෙන් පිරුණු මෙම නිර්මාණය Dune කතා මාලාවේ මූලාරම්භය ඉතා ගැඹුරින් හෙළි කරයි. Sci-Fi, Drama සහ Political Thriller ගණයට අයත් මෙම කතා මාලාව උසස්ම මට්ටමේ visual effects සහ පාලුවකින් තොරව එකදිගට නැරඹිය හැකි විශිෂ්ට කතා තේමාවකින් සමන්විත වේ.

📥 වීඩියෝ පිටපත් සහ උපසිරැසි ලබාගන්නා ආකාරය:
📄 Direct Subtitle Download: කිසිදු බාධාවකින් තොරව සිංහල උපසිරැසි ගොනුව (SRT) සෘජුවම බාගත කරගත හැක.
✈️ Telegram පිටපත්: වීඩියෝව සමඟ උපසිරැසි නැරඹීමට කැමති අය සඳහා 720p WEB-DL වීඩියෝ පිටපත් සහ උපසිරැසි සියල්ලම ටෙලිග්‍රෑම් චැනලය හරහා ලබාගත හැක.",7.3,2024,1,5,"<meta name=""keywords"" content=""Dune Prophecy Season 1 Episode 5, Dune Prophecy Sinhala Subtitles, Dune Prophecy S01E05 Sinhala Sub, Dune Prophecy 1x5 sub, Bene Gesserit, Valya Harkonnen, Dune prequel Sinhala Sub, pixelpoplk""> <meta name=""description"" content=""Dune Prophecy Season 1 Episode 5 Sinhala Subtitles. Download Dune Prophecy S01E05 Sinhala Sub online from pixelpoplk."">",https://t.me/Pixelpopnew_bot?start=5Vhp0WJ3nDQ,0
86,2026-07-21 11:40:57.426392+00,Dune: Prophecy,https://frdgyadvbdpacwfoqybw.supabase.co/storage/v1/object/public/subtitles/Dune%20Prophecy%20S01e06%206804/Dune_Prophecy_S01E06_6804.zip?download,https://image.tmdb.org/t/p/original/5B8Cxz8ZZXp3w2WmmdKTXpkS24e.jpg,"Fantasy,Action,Political,Philosophical,Drama,Sci-Fi","🪐 Dune: Prophecy (2024-)  සිංහල උපසිරැසි 🎬

Dune: Prophecy is a sci-fi prequel set 10,000 years before Paul Atreides, following the Harkonnen sisters as they found the legendary Bene Gesserit. Download high-quality 720p WEB-DL video files with Sinhala subtitles on Telegram and direct servers.

Frank Herbert ගේ ලෝකප්‍රකට Dune විශ්වය ඇසුරෙන් නිර්මාණය වූ Dune: Prophecy කතා මාලාව දිගහැරෙන්නේ Paul Atreides ගේ ඉපදීමට සහ Arrakis ග්‍රහලෝකයේ සිදුවීම්වලට වසර 10,000 කට පෙර අතීත කාලවකවානුවකය. මනුෂ්‍ය වර්ගයා සිතන යන්ත්‍ර සහ කෘතිම බුද්ධිය (AI) සමඟ කළ මහා යුද්ධයෙන් (Thinking Machines Crisis) පසුව, තාක්ෂණය මත යැපීම තහනම් වූ යුගයක අනාගත මනුෂ්‍ය වර්ගයාගේ පැවැත්ම තීරණය කිරීමට සිදුවන්නේ මිනිස් මනසේ සහ ශරීරයේ උපරිම ශක්තිය මතය.

මෙම අභියෝගාත්මක වටපිටාව තුළ Harkonnen වංශයේ සහෝදරියන් වන Valya Harkonnen සහ Tula Harkonnen ප්‍රධාන චරිත බවට පත්වෙයි. තම වංශයට අහිමි වූ ගෞරවය නැවත ලබාගැනීමටත්, අනාගත රාජ්‍යයන්ගේ බලතුලනය තමන්ට අවශ්‍ය පරිදි මෙහෙයවීමටත් ඔවුන් කටයුතු කරයි. එහි ප්‍රතිඵලයක් ලෙස මනුෂ්‍ය වර්ගයාගේ අනාගතය වෙනස් කළ හැකි, දේශපාලන අධිරාජ්‍යයන් පවා පිටුපස සිට පාලනය කරන Bene Gesserit නම් අද්භූත සහ අතිශය බලවත් සහෝදරත්වය (Sisterhood) ආරම්භ වේ.

විශාල අධිරාජ්‍යයන් අතර පවතින රහසිගත සටන්, රාජකීය කුමන්ත්‍රණ, ආගමික සහ දාර්ශනික මතවාද මෙන්ම අභිරහස් අඳුරු බලවේගයන්ගෙන් පිරුණු මෙම නිර්මාණය Dune කතා මාලාවේ මූලාරම්භය ඉතා ගැඹුරින් හෙළි කරයි. Sci-Fi, Drama සහ Political Thriller ගණයට අයත් මෙම කතා මාලාව උසස්ම මට්ටමේ visual effects සහ පාලුවකින් තොරව එකදිගට නැරඹිය හැකි විශිෂ්ට කතා තේමාවකින් සමන්විත වේ.

📥 වීඩියෝ පිටපත් සහ උපසිරැසි ලබාගන්නා ආකාරය:
📄 Direct Subtitle Download: කිසිදු බාධාවකින් තොරව සිංහල උපසිරැසි ගොනුව (SRT) සෘජුවම බාගත කරගත හැක.
✈️ Telegram පිටපත්: වීඩියෝව සමඟ උපසිරැසි නැරඹීමට කැමති අය සඳහා 720p WEB-DL වීඩියෝ පිටපත් සහ උපසිරැසි සියල්ලම ටෙලිග්‍රෑම් චැනලය හරහා ලබාගත හැක.",7.3,2024,1,6,"<meta name=""keywords"" content=""Dune Prophecy Season 1 Episode 6, Dune Prophecy Sinhala Subtitles, Dune Prophecy S01E06 Sinhala Sub, Dune Prophecy 1x6 sub, Bene Gesserit, Valya Harkonnen, Dune prequel Sinhala Sub, pixelpoplk""> <meta name=""description"" content=""Dune Prophecy Season 1 Episode 6 Sinhala Subtitles. Download Dune Prophecy S01E06 Sinhala Sub online from pixelpoplk."">",https://t.me/Pixelpopnew_bot?start=RPyqWmuqi8g,0
87,2026-07-22 15:20:11.306013+00,Sons of Anarchy,https://frdgyadvbdpacwfoqybw.supabase.co/storage/v1/object/public/subtitles/Sons%20of%20Anarchy%20S05e01@pixelpoplk%20697767/Sons_of_Anarchy_S05E01@pixelpoplk_697767.zip?download,https://image.tmdb.org/t/p/original/sW67RSH740Ogrp6LGDCgpgGaK1u.jpg,"Action, Crime ,Drama, Tragedy","📥 Subtitles සහ Movies/TV Series පහසුවෙන්ම Download කරගන්නේ කෙසේද?

1. වෙබ් අඩවියෙන් Subtitles ලබාගැනීමට:

පියවර 01: මුලින්ම Dirrect Download Button එක ක්ලික් කරන්න.

පියවර 02: ඉන්පසු තත්පර 5ක් රැඳී සිට, නැවත Back වන්න (Navigate back).

පියවර 03: දැන් Start Download ක්ලික් කරන්න. එවිට Subtitle ෆයිල් එක Zip File එකක් ලෙස ඩවුන්ලෝඩ් වේවි.

භාවිතා කරන ආකාරය: එම Zip ෆයිල් එක Extract (Unzip) කර, ඔබගේ Video Player එකට Add කරගෙන උපසිරැසි සමඟින් රසවිඳින්න.

2. Telegram හරහා Direct ලබාගැනීමට:
මෙහි ඇති Telegram Download Button එක ක්ලික් කරන්න.

එවිට අපගේ Telegram Bot මඟින් අදාළ Subtitle ෆයිල් එක සහ ඒ හා සබැඳි Movie හෝ TV Series Episode එක සෘජුවම ඔබට ලබා දෙනු ඇත.

එතැනින් ඉතා පහසුවෙන් ඩවුන්ලෝඩ් කර නැරඹීමේ හැකියාව පවතී.

📌 අලුත්ම Updates ලබාගැනීමට:

චිත්‍රපට සහ ටෙලි කථා මාලාවල අලුත්ම Updates සහ Subtitles ක්ෂණිකව ලබාගැනීමට දැන්ම අපගේ Telegram Channel එකට සහ FB Page එකට Join වෙන්න! 🎬",8.5,2008,5,1,"<meta name=""keywords"" content=""Sons of Anarchy Season 5 Episode 1, Sons of Anarchy Sinhala Subtitles, Sons of Anarchy S05E01 Sinhala Sub, Sons of Anarchy 5x1 Sinhala Sub, SAMCRO, Jax Teller, TV Series Sinhala Sub, Sons of anarchy download, pixelpoplk""> <meta name=""description"" content=""Sons of Anarchy Season 5 Episode 1 Sinhala Subtitles. Download Sons of Anarchy S05E01 Sinhala Sub online from pixelpoplk."">",https://t.me/Pixelpopnew_bot?start=_pC3ossCHzM,8
88,2026-07-22 15:20:11.306013+00,Sons of Anarchy,https://frdgyadvbdpacwfoqybw.supabase.co/storage/v1/object/public/subtitles/Sons%20of%20Anarchy%20S05e02@pixelpoplk%2012760/Sons_of_Anarchy_S05E02@pixelpoplk_12760.zip?download,https://image.tmdb.org/t/p/original/sW67RSH740Ogrp6LGDCgpgGaK1u.jpg,"Action, Crime ,Drama, Tragedy","📥 Subtitles සහ Movies/TV Series පහසුවෙන්ම Download කරගන්නේ කෙසේද?

1. වෙබ් අඩවියෙන් Subtitles ලබාගැනීමට:

පියවර 01: මුලින්ම Dirrect Download Button එක ක්ලික් කරන්න.

පියවර 02: ඉන්පසු තත්පර 5ක් රැඳී සිට, නැවත Back වන්න (Navigate back).

පියවර 03: දැන් Start Download ක්ලික් කරන්න. එවිට Subtitle ෆයිල් එක Zip File එකක් ලෙස ඩවුන්ලෝඩ් වේවි.

භාවිතා කරන ආකාරය: එම Zip ෆයිල් එක Extract (Unzip) කර, ඔබගේ Video Player එකට Add කරගෙන උපසිරැසි සමඟින් රසවිඳින්න.

2. Telegram හරහා Direct ලබාගැනීමට:
මෙහි ඇති Telegram Download Button එක ක්ලික් කරන්න.

එවිට අපගේ Telegram Bot මඟින් අදාළ Subtitle ෆයිල් එක සහ ඒ හා සබැඳි Movie හෝ TV Series Episode එක සෘජුවම ඔබට ලබා දෙනු ඇත.

එතැනින් ඉතා පහසුවෙන් ඩවුන්ලෝඩ් කර නැරඹීමේ හැකියාව පවතී.

📌 අලුත්ම Updates ලබාගැනීමට:

චිත්‍රපට සහ ටෙලි කථා මාලාවල අලුත්ම Updates සහ Subtitles ක්ෂණිකව ලබාගැනීමට දැන්ම අපගේ Telegram Channel එකට සහ FB Page එකට Join වෙන්න! 🎬",8.5,2008,5,2,"<meta name=""keywords"" content=""Sons of Anarchy Season 5 Episode 2, Sons of Anarchy Sinhala Subtitles, Sons of Anarchy S05E02 Sinhala Sub, Sons of Anarchy 5x2 Sinhala Sub, SAMCRO, Jax Teller, TV Series Sinhala Sub, Sons of anarchy download, pixelpoplk""> <meta name=""description"" content=""Sons of Anarchy Season 5 Episode 2 Sinhala Subtitles. Download Sons of Anarchy S05E02 Sinhala Sub online from pixelpoplk."">",https://t.me/Pixelpopnew_bot?start=QeDzBAr5sqA,8
89,2026-07-22 15:20:11.306013+00,Sons of Anarchy,https://frdgyadvbdpacwfoqybw.supabase.co/storage/v1/object/public/subtitles/Sons%20of%20Anarchy%20S05e03@pixelpoplk%2095787/Sons_of_Anarchy_S05E03@pixelpoplk_95787.zip?download,https://image.tmdb.org/t/p/original/sW67RSH740Ogrp6LGDCgpgGaK1u.jpg,"Action, Crime ,Drama, Tragedy","📥 Subtitles සහ Movies/TV Series පහසුවෙන්ම Download කරගන්නේ කෙසේද?

1. වෙබ් අඩවියෙන් Subtitles ලබාගැනීමට:

පියවර 01: මුලින්ම Dirrect Download Button එක ක්ලික් කරන්න.

පියවර 02: ඉන්පසු තත්පර 5ක් රැඳී සිට, නැවත Back වන්න (Navigate back).

පියවර 03: දැන් Start Download ක්ලික් කරන්න. එවිට Subtitle ෆයිල් එක Zip File එකක් ලෙස ඩවුන්ලෝඩ් වේවි.

භාවිතා කරන ආකාරය: එම Zip ෆයිල් එක Extract (Unzip) කර, ඔබගේ Video Player එකට Add කරගෙන උපසිරැසි සමඟින් රසවිඳින්න.

2. Telegram හරහා Direct ලබාගැනීමට:
මෙහි ඇති Telegram Download Button එක ක්ලික් කරන්න.

එවිට අපගේ Telegram Bot මඟින් අදාළ Subtitle ෆයිල් එක සහ ඒ හා සබැඳි Movie හෝ TV Series Episode එක සෘජුවම ඔබට ලබා දෙනු ඇත.

එතැනින් ඉතා පහසුවෙන් ඩවුන්ලෝඩ් කර නැරඹීමේ හැකියාව පවතී.

📌 අලුත්ම Updates ලබාගැනීමට:

චිත්‍රපට සහ ටෙලි කථා මාලාවල අලුත්ම Updates සහ Subtitles ක්ෂණිකව ලබාගැනීමට දැන්ම අපගේ Telegram Channel එකට සහ FB Page එකට Join වෙන්න! 🎬",8.5,2008,5,3,"<meta name=""keywords"" content=""Sons of Anarchy Season 5 Episode 3, Sons of Anarchy Sinhala Subtitles, Sons of Anarchy S05E03 Sinhala Sub, Sons of Anarchy 5x3 Sinhala Sub, SAMCRO, Jax Teller, TV Series Sinhala Sub, Sons of anarchy download, pixelpoplk""> <meta name=""description"" content=""Sons of Anarchy Season 5 Episode 3 Sinhala Subtitles. Download Sons of Anarchy S05E03 Sinhala Sub online from pixelpoplk."">",https://t.me/Pixelpopnew_bot?start=001N-5kET58,7
90,2026-07-22 15:20:11.306013+00,Sons of Anarchy,https://frdgyadvbdpacwfoqybw.supabase.co/storage/v1/object/public/subtitles/Sons%20of%20Anarchy%20S05e04@pixelpoplk%20126789/Sons_of_Anarchy_S05E04@pixelpoplk_126789.zip?download,https://image.tmdb.org/t/p/original/sW67RSH740Ogrp6LGDCgpgGaK1u.jpg,"Action, Crime ,Drama, Tragedy","📥 Subtitles සහ Movies/TV Series පහසුවෙන්ම Download කරගන්නේ කෙසේද?

1. වෙබ් අඩවියෙන් Subtitles ලබාගැනීමට:

පියවර 01: මුලින්ම Dirrect Download Button එක ක්ලික් කරන්න.

පියවර 02: ඉන්පසු තත්පර 5ක් රැඳී සිට, නැවත Back වන්න (Navigate back).

පියවර 03: දැන් Start Download ක්ලික් කරන්න. එවිට Subtitle ෆයිල් එක Zip File එකක් ලෙස ඩවුන්ලෝඩ් වේවි.

භාවිතා කරන ආකාරය: එම Zip ෆයිල් එක Extract (Unzip) කර, ඔබගේ Video Player එකට Add කරගෙන උපසිරැසි සමඟින් රසවිඳින්න.

2. Telegram හරහා Direct ලබාගැනීමට:
මෙහි ඇති Telegram Download Button එක ක්ලික් කරන්න.

එවිට අපගේ Telegram Bot මඟින් අදාළ Subtitle ෆයිල් එක සහ ඒ හා සබැඳි Movie හෝ TV Series Episode එක සෘජුවම ඔබට ලබා දෙනු ඇත.

එතැනින් ඉතා පහසුවෙන් ඩවුන්ලෝඩ් කර නැරඹීමේ හැකියාව පවතී.

📌 අලුත්ම Updates ලබාගැනීමට:

චිත්‍රපට සහ ටෙලි කථා මාලාවල අලුත්ම Updates සහ Subtitles ක්ෂණිකව ලබාගැනීමට දැන්ම අපගේ Telegram Channel එකට සහ FB Page එකට Join වෙන්න! 🎬",8.5,2008,5,4,"<meta name=""keywords"" content=""Sons of Anarchy Season 5 Episode 4, Sons of Anarchy Sinhala Subtitles, Sons of Anarchy S05E04 Sinhala Sub, Sons of Anarchy 5x4 Sinhala Sub, SAMCRO, Jax Teller, TV Series Sinhala Sub, Sons of anarchy download, pixelpoplk""> <meta name=""description"" content=""Sons of Anarchy Season 5 Episode 4 Sinhala Subtitles. Download Sons of Anarchy S05E04 Sinhala Sub online from pixelpoplk."">",https://t.me/Pixelpopnew_bot?start=eYot5P-7oSU,7
91,2026-07-22 15:20:11.306013+00,Sons of Anarchy,https://frdgyadvbdpacwfoqybw.supabase.co/storage/v1/object/public/subtitles/Sons%20of%20Anarchy%20S05e05@pixelpoplk%20305612/Sons_of_Anarchy_S05E05@pixelpoplk_305612.zip?download,https://image.tmdb.org/t/p/original/sW67RSH740Ogrp6LGDCgpgGaK1u.jpg,"Action, Crime ,Drama, Tragedy","📥 Subtitles සහ Movies/TV Series පහසුවෙන්ම Download කරගන්නේ කෙසේද?

1. වෙබ් අඩවියෙන් Subtitles ලබාගැනීමට:

පියවර 01: මුලින්ම Dirrect Download Button එක ක්ලික් කරන්න.

පියවර 02: ඉන්පසු තත්පර 5ක් රැඳී සිට, නැවත Back වන්න (Navigate back).

පියවර 03: දැන් Start Download ක්ලික් කරන්න. එවිට Subtitle ෆයිල් එක Zip File එකක් ලෙස ඩවුන්ලෝඩ් වේවි.

භාවිතා කරන ආකාරය: එම Zip ෆයිල් එක Extract (Unzip) කර, ඔබගේ Video Player එකට Add කරගෙන උපසිරැසි සමඟින් රසවිඳින්න.

2. Telegram හරහා Direct ලබාගැනීමට:
මෙහි ඇති Telegram Download Button එක ක්ලික් කරන්න.

එවිට අපගේ Telegram Bot මඟින් අදාළ Subtitle ෆයිල් එක සහ ඒ හා සබැඳි Movie හෝ TV Series Episode එක සෘජුවම ඔබට ලබා දෙනු ඇත.

එතැනින් ඉතා පහසුවෙන් ඩවුන්ලෝඩ් කර නැරඹීමේ හැකියාව පවතී.

📌 අලුත්ම Updates ලබාගැනීමට:

චිත්‍රපට සහ ටෙලි කථා මාලාවල අලුත්ම Updates සහ Subtitles ක්ෂණිකව ලබාගැනීමට දැන්ම අපගේ Telegram Channel එකට සහ FB Page එකට Join වෙන්න! 🎬",8.5,2008,5,5,"<meta name=""keywords"" content=""Sons of Anarchy Season 5 Episode 5, Sons of Anarchy Sinhala Subtitles, Sons of Anarchy S05E05 Sinhala Sub, Sons of Anarchy 5x5 Sinhala Sub, SAMCRO, Jax Teller, TV Series Sinhala Sub, Sons of anarchy download, pixelpoplk""> <meta name=""description"" content=""Sons of Anarchy Season 5 Episode 5 Sinhala Subtitles. Download Sons of Anarchy S05E05 Sinhala Sub online from pixelpoplk."">",https://t.me/Pixelpopnew_bot?start=uXcSz7_TwLg,7
100,2026-07-23 15:20:45.443248+00,Sons of Anarchy,https://frdgyadvbdpacwfoqybw.supabase.co/storage/v1/object/public/subtitles/Sons%20of%20Anarchy%20S05e06%20@pixelpoplk105756/Sons_of_Anarchy_S05E06_@pixelpoplk105756.zip?download,https://image.tmdb.org/t/p/original/sW67RSH740Ogrp6LGDCgpgGaK1u.jpg,"Action, Crime ,Drama, Tragedy","📥 Subtitles සහ Movies/TV Series පහසුවෙන්ම Download කරගන්නේ කෙසේද?

1. වෙබ් අඩවියෙන් Subtitles ලබාගැනීමට:

පියවර 01: මුලින්ම Dirrect Download Button එක ක්ලික් කරන්න.

පියවර 02: ඉන්පසු තත්පර 5ක් රැඳී සිට, නැවත Back වන්න (Navigate back).

පියවර 03: දැන් Start Download ක්ලික් කරන්න. එවිට Subtitle ෆයිල් එක Zip File එකක් ලෙස ඩවුන්ලෝඩ් වේවි.

භාවිතා කරන ආකාරය: එම Zip ෆයිල් එක Extract (Unzip) කර, ඔබගේ Video Player එකට Add කරගෙන උපසිරැසි සමඟින් රසවිඳින්න.

2. Telegram හරහා Direct ලබාගැනීමට:
මෙහි ඇති Telegram Download Button එක ක්ලික් කරන්න.

එවිට අපගේ Telegram Bot මඟින් අදාළ Subtitle ෆයිල් එක සහ ඒ හා සබැඳි Movie හෝ TV Series Episode එක සෘජුවම ඔබට ලබා දෙනු ඇත.

එතැනින් ඉතා පහසුවෙන් ඩවුන්ලෝඩ් කර නැරඹීමේ හැකියාව පවතී.

📌 අලුත්ම Updates ලබාගැනීමට:

චිත්‍රපට සහ ටෙලි කථා මාලාවල අලුත්ම Updates සහ Subtitles ක්ෂණිකව ලබාගැනීමට දැන්ම අපගේ Telegram Channel එකට සහ FB Page එකට Join වෙන්න! 🎬",8.5,2008,5,6,"<meta name=""keywords"" content=""Sons of Anarchy Season 5 Episode 6, Sons of Anarchy Sinhala Subtitles, Sons of Anarchy S05E06 Sinhala Sub, Sons of Anarchy 5x6 Sinhala Sub, SAMCRO, Jax Teller, TV Series Sinhala Sub, Sons of anarchy download, pixelpoplk""> <meta name=""description"" content=""Sons of Anarchy Season 5 Episode 6 Sinhala Subtitles. Download Sons of Anarchy S05E06 Sinhala Sub online from pixelpoplk."">",https://t.me/Pixelpopnew_bot?start=5Gz2t4qHCUk,8
101,2026-07-23 15:20:45.443248+00,Sons of Anarchy,https://frdgyadvbdpacwfoqybw.supabase.co/storage/v1/object/public/subtitles/Sons%20of%20Anarchy%20S05e07%20@pixelpoplk673141/Sons_of_Anarchy_S05E07_@pixelpoplk673141.zip?download,https://image.tmdb.org/t/p/original/sW67RSH740Ogrp6LGDCgpgGaK1u.jpg,"Action, Crime ,Drama, Tragedy","📥 Subtitles සහ Movies/TV Series පහසුවෙන්ම Download කරගන්නේ කෙසේද?

1. වෙබ් අඩවියෙන් Subtitles ලබාගැනීමට:

පියවර 01: මුලින්ම Dirrect Download Button එක ක්ලික් කරන්න.

පියවර 02: ඉන්පසු තත්පර 5ක් රැඳී සිට, නැවත Back වන්න (Navigate back).

පියවර 03: දැන් Start Download ක්ලික් කරන්න. එවිට Subtitle ෆයිල් එක Zip File එකක් ලෙස ඩවුන්ලෝඩ් වේවි.

භාවිතා කරන ආකාරය: එම Zip ෆයිල් එක Extract (Unzip) කර, ඔබගේ Video Player එකට Add කරගෙන උපසිරැසි සමඟින් රසවිඳින්න.

2. Telegram හරහා Direct ලබාගැනීමට:
මෙහි ඇති Telegram Download Button එක ක්ලික් කරන්න.

එවිට අපගේ Telegram Bot මඟින් අදාළ Subtitle ෆයිල් එක සහ ඒ හා සබැඳි Movie හෝ TV Series Episode එක සෘජුවම ඔබට ලබා දෙනු ඇත.

එතැනින් ඉතා පහසුවෙන් ඩවුන්ලෝඩ් කර නැරඹීමේ හැකියාව පවතී.

📌 අලුත්ම Updates ලබාගැනීමට:

චිත්‍රපට සහ ටෙලි කථා මාලාවල අලුත්ම Updates සහ Subtitles ක්ෂණිකව ලබාගැනීමට දැන්ම අපගේ Telegram Channel එකට සහ FB Page එකට Join වෙන්න! 🎬",8.5,2008,5,7,"<meta name=""keywords"" content=""Sons of Anarchy Season 5 Episode 7, Sons of Anarchy Sinhala Subtitles, Sons of Anarchy S05E07 Sinhala Sub, Sons of Anarchy 5x7 Sinhala Sub, SAMCRO, Jax Teller, TV Series Sinhala Sub, Sons of anarchy download, pixelpoplk""> <meta name=""description"" content=""Sons of Anarchy Season 5 Episode 7 Sinhala Subtitles. Download Sons of Anarchy S05E07 Sinhala Sub online from pixelpoplk."">",https://t.me/Pixelpopnew_bot?start=eDpR9igtdjc,6
102,2026-07-23 15:20:45.443248+00,Sons of Anarchy,https://frdgyadvbdpacwfoqybw.supabase.co/storage/v1/object/public/subtitles/Sons%20of%20Anarchy%20S05e08%20@pixelpoplk566086/Sons_of_Anarchy_S05E08_@pixelpoplk566086.zip?download,https://image.tmdb.org/t/p/original/sW67RSH740Ogrp6LGDCgpgGaK1u.jpg,"Action, Crime ,Drama, Tragedy","📥 Subtitles සහ Movies/TV Series පහසුවෙන්ම Download කරගන්නේ කෙසේද?

1. වෙබ් අඩවියෙන් Subtitles ලබාගැනීමට:

පියවර 01: මුලින්ම Dirrect Download Button එක ක්ලික් කරන්න.

පියවර 02: ඉන්පසු තත්පර 5ක් රැඳී සිට, නැවත Back වන්න (Navigate back).

පියවර 03: දැන් Start Download ක්ලික් කරන්න. එවිට Subtitle ෆයිල් එක Zip File එකක් ලෙස ඩවුන්ලෝඩ් වේවි.

භාවිතා කරන ආකාරය: එම Zip ෆයිල් එක Extract (Unzip) කර, ඔබගේ Video Player එකට Add කරගෙන උපසිරැසි සමඟින් රසවිඳින්න.

2. Telegram හරහා Direct ලබාගැනීමට:
මෙහි ඇති Telegram Download Button එක ක්ලික් කරන්න.

එවිට අපගේ Telegram Bot මඟින් අදාළ Subtitle ෆයිල් එක සහ ඒ හා සබැඳි Movie හෝ TV Series Episode එක සෘජුවම ඔබට ලබා දෙනු ඇත.

එතැනින් ඉතා පහසුවෙන් ඩවුන්ලෝඩ් කර නැරඹීමේ හැකියාව පවතී.

📌 අලුත්ම Updates ලබාගැනීමට:

චිත්‍රපට සහ ටෙලි කථා මාලාවල අලුත්ම Updates සහ Subtitles ක්ෂණිකව ලබාගැනීමට දැන්ම අපගේ Telegram Channel එකට සහ FB Page එකට Join වෙන්න! 🎬",8.5,2008,5,8,"<meta name=""keywords"" content=""Sons of Anarchy Season 5 Episode 8, Sons of Anarchy Sinhala Subtitles, Sons of Anarchy S05E08 Sinhala Sub, Sons of Anarchy 5x8 Sinhala Sub, SAMCRO, Jax Teller, TV Series Sinhala Sub, Sons of anarchy download, pixelpoplk""> <meta name=""description"" content=""Sons of Anarchy Season 5 Episode 8 Sinhala Subtitles. Download Sons of Anarchy S05E08 Sinhala Sub online from pixelpoplk."">",https://t.me/Pixelpopnew_bot?start=z-6eFCtY7Uw,7
103,2026-07-23 15:20:45.443248+00,Sons of Anarchy,https://frdgyadvbdpacwfoqybw.supabase.co/storage/v1/object/public/subtitles/Sons%20of%20Anarchy%20S05e09%20@pixelpoplk568727/Sons_of_Anarchy_S05E09_@pixelpoplk568727.zip?download,https://image.tmdb.org/t/p/original/sW67RSH740Ogrp6LGDCgpgGaK1u.jpg,"Action, Crime ,Drama, Tragedy","📥 Subtitles සහ Movies/TV Series පහසුවෙන්ම Download කරගන්නේ කෙසේද?

1. වෙබ් අඩවියෙන් Subtitles ලබාගැනීමට:

පියවර 01: මුලින්ම Dirrect Download Button එක ක්ලික් කරන්න.

පියවර 02: ඉන්පසු තත්පර 5ක් රැඳී සිට, නැවත Back වන්න (Navigate back).

පියවර 03: දැන් Start Download ක්ලික් කරන්න. එවිට Subtitle ෆයිල් එක Zip File එකක් ලෙස ඩවුන්ලෝඩ් වේවි.

භාවිතා කරන ආකාරය: එම Zip ෆයිල් එක Extract (Unzip) කර, ඔබගේ Video Player එකට Add කරගෙන උපසිරැසි සමඟින් රසවිඳින්න.

2. Telegram හරහා Direct ලබාගැනීමට:
මෙහි ඇති Telegram Download Button එක ක්ලික් කරන්න.

එවිට අපගේ Telegram Bot මඟින් අදාළ Subtitle ෆයිල් එක සහ ඒ හා සබැඳි Movie හෝ TV Series Episode එක සෘජුවම ඔබට ලබා දෙනු ඇත.

එතැනින් ඉතා පහසුවෙන් ඩවුන්ලෝඩ් කර නැරඹීමේ හැකියාව පවතී.

📌 අලුත්ම Updates ලබාගැනීමට:

චිත්‍රපට සහ ටෙලි කථා මාලාවල අලුත්ම Updates සහ Subtitles ක්ෂණිකව ලබාගැනීමට දැන්ම අපගේ Telegram Channel එකට සහ FB Page එකට Join වෙන්න! 🎬",8.5,2008,5,9,"<meta name=""keywords"" content=""Sons of Anarchy Season 5 Episode 9, Sons of Anarchy Sinhala Subtitles, Sons of Anarchy S05E09 Sinhala Sub, Sons of Anarchy 5x9 Sinhala Sub, SAMCRO, Jax Teller, TV Series Sinhala Sub, Sons of anarchy download, pixelpoplk""> <meta name=""description"" content=""Sons of Anarchy Season 5 Episode 9 Sinhala Subtitles. Download Sons of Anarchy S05E09 Sinhala Sub online from pixelpoplk."">",https://t.me/Pixelpopnew_bot?start=TuuXkPJL320,7
104,2026-07-23 15:20:45.443248+00,Sons of Anarchy,https://frdgyadvbdpacwfoqybw.supabase.co/storage/v1/object/public/subtitles/Sons%20of%20Anarchy%20S05e10%20@pixelpoplk568155/Sons_of_Anarchy_S05E10_@pixelpoplk568155.zip?download,https://image.tmdb.org/t/p/original/sW67RSH740Ogrp6LGDCgpgGaK1u.jpg,"Action, Crime ,Drama, Tragedy","📥 Subtitles සහ Movies/TV Series පහසුවෙන්ම Download කරගන්නේ කෙසේද?

1. වෙබ් අඩවියෙන් Subtitles ලබාගැනීමට:

පියවර 01: මුලින්ම Dirrect Download Button එක ක්ලික් කරන්න.

පියවර 02: ඉන්පසු තත්පර 5ක් රැඳී සිට, නැවත Back වන්න (Navigate back).

පියවර 03: දැන් Start Download ක්ලික් කරන්න. එවිට Subtitle ෆයිල් එක Zip File එකක් ලෙස ඩවුන්ලෝඩ් වේවි.

භාවිතා කරන ආකාරය: එම Zip ෆයිල් එක Extract (Unzip) කර, ඔබගේ Video Player එකට Add කරගෙන උපසිරැසි සමඟින් රසවිඳින්න.

2. Telegram හරහා Direct ලබාගැනීමට:
මෙහි ඇති Telegram Download Button එක ක්ලික් කරන්න.

එවිට අපගේ Telegram Bot මඟින් අදාළ Subtitle ෆයිල් එක සහ ඒ හා සබැඳි Movie හෝ TV Series Episode එක සෘජුවම ඔබට ලබා දෙනු ඇත.

එතැනින් ඉතා පහසුවෙන් ඩවුන්ලෝඩ් කර නැරඹීමේ හැකියාව පවතී.

📌 අලුත්ම Updates ලබාගැනීමට:

චිත්‍රපට සහ ටෙලි කථා මාලාවල අලුත්ම Updates සහ Subtitles ක්ෂණිකව ලබාගැනීමට දැන්ම අපගේ Telegram Channel එකට සහ FB Page එකට Join වෙන්න! 🎬",8.5,2008,5,10,"<meta name=""keywords"" content=""Sons of Anarchy Season 5 Episode 10, Sons of Anarchy Sinhala Subtitles, Sons of Anarchy S05E10 Sinhala Sub, Sons of Anarchy 5x10 Sinhala Sub, SAMCRO, Jax Teller, TV Series Sinhala Sub, Sons of anarchy download, pixelpoplk""> <meta name=""description"" content=""Sons of Anarchy Season 5 Episode 10 Sinhala Subtitles. Download Sons of Anarchy S05E10 Sinhala Sub online from pixelpoplk."">",https://t.me/Pixelpopnew_bot?start=GsRL_Cha5UU,7
105,2026-07-23 15:20:45.443248+00,Sons of Anarchy,https://frdgyadvbdpacwfoqybw.supabase.co/storage/v1/object/public/subtitles/Sons%20of%20Anarchy%20S05e11%20@pixelpoplk564166/Sons_of_Anarchy_S05E11_@pixelpoplk564166.zip?download,https://image.tmdb.org/t/p/original/sW67RSH740Ogrp6LGDCgpgGaK1u.jpg,"Action, Crime ,Drama, Tragedy","📥 Subtitles සහ Movies/TV Series පහසුවෙන්ම Download කරගන්නේ කෙසේද?

1. වෙබ් අඩවියෙන් Subtitles ලබාගැනීමට:

පියවර 01: මුලින්ම Dirrect Download Button එක ක්ලික් කරන්න.

පියවර 02: ඉන්පසු තත්පර 5ක් රැඳී සිට, නැවත Back වන්න (Navigate back).

පියවර 03: දැන් Start Download ක්ලික් කරන්න. එවිට Subtitle ෆයිල් එක Zip File එකක් ලෙස ඩවුන්ලෝඩ් වේවි.

භාවිතා කරන ආකාරය: එම Zip ෆයිල් එක Extract (Unzip) කර, ඔබගේ Video Player එකට Add කරගෙන උපසිරැසි සමඟින් රසවිඳින්න.

2. Telegram හරහා Direct ලබාගැනීමට:
මෙහි ඇති Telegram Download Button එක ක්ලික් කරන්න.

එවිට අපගේ Telegram Bot මඟින් අදාළ Subtitle ෆයිල් එක සහ ඒ හා සබැඳි Movie හෝ TV Series Episode එක සෘජුවම ඔබට ලබා දෙනු ඇත.

එතැනින් ඉතා පහසුවෙන් ඩවුන්ලෝඩ් කර නැරඹීමේ හැකියාව පවතී.

📌 අලුත්ම Updates ලබාගැනීමට:

චිත්‍රපට සහ ටෙලි කථා මාලාවල අලුත්ම Updates සහ Subtitles ක්ෂණිකව ලබාගැනීමට දැන්ම අපගේ Telegram Channel එකට සහ FB Page එකට Join වෙන්න! 🎬",8.5,2008,5,11,"<meta name=""keywords"" content=""Sons of Anarchy Season 5 Episode 11, Sons of Anarchy Sinhala Subtitles, Sons of Anarchy S05E11 Sinhala Sub, Sons of Anarchy 5x11 Sinhala Sub, SAMCRO, Jax Teller, TV Series Sinhala Sub, Sons of anarchy download, pixelpoplk""> <meta name=""description"" content=""Sons of Anarchy Season 5 Episode 11 Sinhala Subtitles. Download Sons of Anarchy S05E11 Sinhala Sub online from pixelpoplk."">",https://t.me/Pixelpopnew_bot?start=LQ1kcNDHDMo,7
106,2026-07-23 15:20:45.443248+00,Sons of Anarchy,https://frdgyadvbdpacwfoqybw.supabase.co/storage/v1/object/public/subtitles/Sons%20of%20Anarchy%20S05e12%20@pixelpoplk567449/Sons_of_Anarchy_S05E12_@pixelpoplk567449.zip?download,https://image.tmdb.org/t/p/original/sW67RSH740Ogrp6LGDCgpgGaK1u.jpg,"Action, Crime ,Drama, Tragedy","📥 Subtitles සහ Movies/TV Series පහසුවෙන්ම Download කරගන්නේ කෙසේද?

1. වෙබ් අඩවියෙන් Subtitles ලබාගැනීමට:

පියවර 01: මුලින්ම Dirrect Download Button එක ක්ලික් කරන්න.

පියවර 02: ඉන්පසු තත්පර 5ක් රැඳී සිට, නැවත Back වන්න (Navigate back).

පියවර 03: දැන් Start Download ක්ලික් කරන්න. එවිට Subtitle ෆයිල් එක Zip File එකක් ලෙස ඩවුන්ලෝඩ් වේවි.

භාවිතා කරන ආකාරය: එම Zip ෆයිල් එක Extract (Unzip) කර, ඔබගේ Video Player එකට Add කරගෙන උපසිරැසි සමඟින් රසවිඳින්න.

2. Telegram හරහා Direct ලබාගැනීමට:
මෙහි ඇති Telegram Download Button එක ක්ලික් කරන්න.

එවිට අපගේ Telegram Bot මඟින් අදාළ Subtitle ෆයිල් එක සහ ඒ හා සබැඳි Movie හෝ TV Series Episode එක සෘජුවම ඔබට ලබා දෙනු ඇත.

එතැනින් ඉතා පහසුවෙන් ඩවුන්ලෝඩ් කර නැරඹීමේ හැකියාව පවතී.

📌 අලුත්ම Updates ලබාගැනීමට:

චිත්‍රපට සහ ටෙලි කථා මාලාවල අලුත්ම Updates සහ Subtitles ක්ෂණිකව ලබාගැනීමට දැන්ම අපගේ Telegram Channel එකට සහ FB Page එකට Join වෙන්න! 🎬",8.5,2008,5,12,"<meta name=""keywords"" content=""Sons of Anarchy Season 5 Episode 12, Sons of Anarchy Sinhala Subtitles, Sons of Anarchy S05E12 Sinhala Sub, Sons of Anarchy 5x12 Sinhala Sub, SAMCRO, Jax Teller, TV Series Sinhala Sub, Sons of anarchy download, pixelpoplk""> <meta name=""description"" content=""Sons of Anarchy Season 5 Episode 12 Sinhala Subtitles. Download Sons of Anarchy S05E12 Sinhala Sub online from pixelpoplk."">",https://t.me/Pixelpopnew_bot?start=UhgiyvxRYu4,7
107,2026-07-23 15:20:45.443248+00,Sons of Anarchy,https://frdgyadvbdpacwfoqybw.supabase.co/storage/v1/object/public/subtitles/Sons%20of%20Anarchy%20S05e13%20@pixelpoplk567855/Sons_of_Anarchy_S05E13_@pixelpoplk567855.zip?download,https://image.tmdb.org/t/p/original/sW67RSH740Ogrp6LGDCgpgGaK1u.jpg,"Action, Crime ,Drama, Tragedy","📥 Subtitles සහ Movies/TV Series පහසුවෙන්ම Download කරගන්නේ කෙසේද?

1. වෙබ් අඩවියෙන් Subtitles ලබාගැනීමට:

පියවර 01: මුලින්ම Dirrect Download Button එක ක්ලික් කරන්න.

පියවර 02: ඉන්පසු තත්පර 5ක් රැඳී සිට, නැවත Back වන්න (Navigate back).

පියවර 03: දැන් Start Download ක්ලික් කරන්න. එවිට Subtitle ෆයිල් එක Zip File එකක් ලෙස ඩවුන්ලෝඩ් වේවි.

භාවිතා කරන ආකාරය: එම Zip ෆයිල් එක Extract (Unzip) කර, ඔබගේ Video Player එකට Add කරගෙන උපසිරැසි සමඟින් රසවිඳින්න.

2. Telegram හරහා Direct ලබාගැනීමට:
මෙහි ඇති Telegram Download Button එක ක්ලික් කරන්න.

එවිට අපගේ Telegram Bot මඟින් අදාළ Subtitle ෆයිල් එක සහ ඒ හා සබැඳි Movie හෝ TV Series Episode එක සෘජුවම ඔබට ලබා දෙනු ඇත.

එතැනින් ඉතා පහසුවෙන් ඩවුන්ලෝඩ් කර නැරඹීමේ හැකියාව පවතී.

📌 අලුත්ම Updates ලබාගැනීමට:

චිත්‍රපට සහ ටෙලි කථා මාලාවල අලුත්ම Updates සහ Subtitles ක්ෂණිකව ලබාගැනීමට දැන්ම අපගේ Telegram Channel එකට සහ FB Page එකට Join වෙන්න! 🎬",8.5,2008,5,13,"<meta name=""keywords"" content=""Sons of Anarchy Season 5 Episode 13, Sons of Anarchy Sinhala Subtitles, Sons of Anarchy S05E13 Sinhala Sub, Sons of Anarchy 5x13 Sinhala Sub, SAMCRO, Jax Teller, TV Series Sinhala Sub, Sons of anarchy download, pixelpoplk""> <meta name=""description"" content=""Sons of Anarchy Season 5 Episode 13 Sinhala Subtitles. Download Sons of Anarchy S05E13 Sinhala Sub online from pixelpoplk."">",https://t.me/Pixelpopnew_bot?start=jJiJ-GTU3c8,8
108,2026-07-23 19:35:18.298072+00,Colony 2026,https://frdgyadvbdpacwfoqybw.supabase.co/storage/v1/object/public/subtitles/Coiony%202026%20720p%20Web%20Dl%20Sinhala%20Pixelpoplk/CoIony_2026_720p_WEB-DL%20Sinhala.pixelpoplk.zip?download,https://m.media-amazon.com/images/M/MV5BMDgwNzhmMjItMDhlYi00ODdlLWI1NjUtZDgxZGMzMGU5MmM4XkEyXkFqcGc@._V1_.jpg,"Movie,Horror,Action,Triller","🎬 Colony (2026) - සිංහල උපසිරැසි 🎬

Colony is a 2026 Korean action horror thriller directed by Yeon Sang-ho (Train to Busan), starring Jun Ji-hyun, Koo Kyo-hwan, and Ji Chang-wook. Download high-quality 720p, 1080p, and 4K WEB-DL video files with Sinhala subtitles on Telegram and direct servers.

Train to Busan, Peninsula වැනි ලෝකප්‍රකට Horror නිර්මාණ ගෙන ආ Yeon Sang-ho අධ්‍යක්ෂවරයාගේ අලුත්ම දකුණු කොරියානු Action Horror Thriller චිත්‍රපටය වන Colony (2026) මුළු ලෝකයේම දැඩි අවධානයක් දිනාගත් නිර්මාණයකි. 

කතාව ආරම්භ වන්නේ ජෛව තාක්ෂණික (Biotech) සමුළුවක් අතරතුර සිදුවන නොසිතූ තාක්ෂණික සහ වෛරස් කාන්දුවක් මුල් කරගනිමින්. මෙම අතිශය භයානක වෛරසය පැතිරී යාමත් සමඟම බලධාරීන් විසින් සමුළුව පැවැත්වෙන මුළු ගොඩනැගිල්ලම පිටතින් සම්පූර්ණයෙන්ම වසා දමනු ලබනවා. එහි ඇතුළත සිරවෙන Se-jeong (Jun Ji-hyun) ඇතුළු පිරිසට මුහුණ දීමට සිදුවන්නේ සාමාන්‍ය වෛරස් ආසාදිතයන්ට නෙමෙයි. තත්පරයෙන් තත්පරය ශරීර වෙනස්කම්වලට ලක්වෙමින්, එකිනෙකා අතර සන්නිවේදනය කරමින් සංවිධානාත්මකව ප්‍රහාර එල්ල කරන අතිශය බුද්ධිමත් සහ භයානක ආසාදිතයන් පිරිසකටයි.

පිටතට යාමට කිසිදු මාර්ගයක් නොමැතිව, හුදකලා වූ ගොඩනැගිල්ල තුළ සිරවී තමන්ගේ ජීවිත බේරාගැනීමට කරන අතිශය ත්‍රාසජනක සටන සහ නොසිතන මොහොතක සිදුවන සිදුවීම් සමුදායක් මෙම චිත්‍රපටය පුරාම බලාගන්න පුළුවන්. Horror, Sci-Fi සහ Thriller ගණයට අයත් මෙම චිත්‍රපටය ආරම්භයේ සිට අවසානය දක්වාම කුතුහලයෙන් සහ භීතියෙන් පිරුණු විශිෂ්ට සිනමා අත්දැකීමක් ලබාදෙයි.

📥 වීඩියෝ පිටපත් සහ උපසිරැසි ලබාගන්නා ආකාරය:

🔰Link එක click කරලා තප්පර 5ක් විතර හිටියම Auto download වෙනවා. Auto Download උනේ නැත්නම්  කොලපාටින් popup වෙන download button එක ඔබන්න.

📄 Direct Subtitle Download: කිසිදු බාධාවකින් තොරව සිංහල උපසිරැසි ගොනුව සෘජුවම බාගත කරගත හැක.

✈️ Telegram පිටපත්: 720p, 1080p උසස් තත්ත්වයේ WEB-DL වීඩියෝ පිටපත් ටෙලිග්‍රෑම් චැනලය හරහා ලබාගත හැක.",6.9,2026,,,"Colony 2026 Sinhala Subtitles, Colony 2026 sinhala sub, Colony movie sinhala sub, Colony sinhala subtitle download, Colony 2026 sinhala sub pixelpoplk, Colony sinhala sub pixelpop.lk, pixelpoplk colony 2026, කොලනි 2026 සිංහල උපසිරැසි, Colony korean movie sinhala sub, Colony 2026 full movie sinhala subtitles download, Colony 2026 sinhala sub web-dl, Ji Chang-wook Colony movie sinhala subtitle, Yeon Sang-ho Colony movie sinhala sub, pixelpoplk sinhala subtitles, කොලනි ෆිල්ම් එකේ සිංහල සබ්",https://t.me/PixelPopLk_bot?start=690e9734-9a4a-41cb-9810-756ad318327c,6
109,2026-07-24 12:04:54.624116+00,Anomie 2026,https://frdgyadvbdpacwfoqybw.supabase.co/storage/v1/object/public/subtitles/Anomie/Anomie.2026.720p.AMZN.WEB-DL_sinhala%20(1).zip?download,https://image.tmdb.org/t/p/original/p9czhWmPhyMFp8eHNYO34Z9hOGA.jpg,"Movie,thriller,crime,mystery,Sci-Fi","🎬 Anomie: The Equation of Death (2026) - සිංහල උපසිරැසි 🎬

Anomie (2026) is a highly anticipated Malayalam psychological sci-fi thriller directed by Riyas Marath, starring Bhavana and Rahman in lead roles. Download high-quality 720p, 1080p  WEB-DL video files with Sinhala subtitles via direct links and Telegram.

මෑත කාලයේ මලයාලම් සිනමාවේ බිහිවූ වෙනස්ම ආකාරයේ Sci-Fi / Psychological Thriller අත්දැකීමක් වන Anomie: The Equation of Death (2026) චිත්‍රපටය මේ වන විට ප්‍රේක්ෂකයන් අතර දැඩි කතාබහකට ලක්වෙලා තියෙනවා. Riyas Marath ගේ අධ්‍යක්ෂණයෙන් හැඩවුණු මෙහි ප්‍රධාන චරිත නිරූපණය කරන්නේ අති දක්ෂ නිළි Bhavana සහ ජනප්‍රිය නළු Rahman විසිනි.

කතාව ගෙතෙන්නේ දක්ෂ අධිකරණ වෛද්‍ය විශේෂඥවරියක් (Forensic Expert) වන Zara Philip (Bhavana) වටායි. තමන්ගේ අතීත මානසික කම්පනයකින් පෙළෙන ඇගේ සහෝදරයා හදිසියේම අතුරුදහන් වෙනවා. කිසිදු පොලිස් සහයක් නිසි ලෙස නොලැබෙන තැන, ඔහුව සෙවීමේ මෙහෙයුම ඇය තනිවම ආරම්භ කරනවා. එහිදී ඇයට සොයාගන්න ලැබෙන්නේ, තම සහෝදරයාට සමාන මානසික මට්ටම් ඇති තවත් කිහිපදෙනෙකුම මේ ආකාරයෙන්ම අතුරුදහන් වී ඇති බවට සැකකටයුතු හෝඩුවාවන් රැසක්. 

මේ අතරතුර, තම අතීත වැරදීම් නිසා කම්පනයට පත්ව සිටින පොලිස් නිලධාරී Jibran (Rahman) ද මෙම අභිරහස පසුපස හඹා යාම ආරම්භ කරනවා. ඔවුන් දෙදෙනාගේම පරීක්ෂණ එකිනෙක ගැටෙද්දී, මේ සියල්ල පිටුපස සිටින අතිශය බුද්ධිමත්, තමන් කරන්නේ වරදක් යැයි කිසිසේත්ම විශ්වාස නොකරන මනෝව්‍යාධිකයෙකුගේ (Psychopath) බිහිසුණු සැලසුමක් හෙළිවෙන්න ගන්නවා. 

විද්‍යාව, අපරාධ සහ මනෝවිද්‍යාව (Sci-Fi & Psychology) එකට කැටිවූ මෙම චිත්‍රපටය, කුතුහලය උපරිමයෙන් රඳවාගෙන අවසානය දක්වාම එක හුස්මට නැරඹිය හැකි විශිෂ්ට නිර්මාණයක්!

📥 වීඩියෝ පිටපත් සහ උපසිරැසි ලබාගන්නා ආකාරය:

🔰Direct Subtitle Download: කිසිදු බාධාවකින් තොරව සිංහල උපසිරැසි ගොනුව (SRT) සෘජුවම බාගත කරගත හැක.

👉වීඩියෝ ගොනු බාගත කිරීම: Link එක click කර තත්පර 5ක් පමණ රැඳී සිටින්න, එවිට Auto download වීම ආරම්භ වේ. Auto Download වූයේ නැත්නම් කොළ පැහැයෙන් pop-up වන ""Download"" button එක click කරන්න.

👉 Telegram පිටපත්: 720p, 1080 උසස් තත්ත්වයේ WEB-DL වීඩියෝ පිටපත් අපගේ ටෙලිග්‍රෑම් චැනලය හරහා පහසුවෙන් ලබාගත හැක.",7.9,2026,,,"Anomie 2026 Sinhala Subtitles, Anomie 2026 sinhala sub, Anomie movie sinhala sub, Anomie sinhala subtitle download, Anomie 2026 sinhala sub pixelpoplk, Anomie sinhala sub pixelpop.lk, pixelpoplk anomie 2026, ඇනෝමි 2026 සිංහල උපසිරැසි, Anomie malayalam movie sinhala sub, Anomie 2026 full movie sinhala subtitles download, Anomie 2026 sinhala sub web-dl, Bhavana Anomie movie sinhala subtitle, Rahman Anomie movie sinhala subtitle, Riyas Marath Anomie movie sinhala sub, pixelpoplk sinhala subtitles, ඇනෝමි ෆිල්ම් එකේ සිංහල සබ්",https://t.me/PixelPopLk_bot?start=4b58a7e9-b428-4b24-99f7-739cda38f7e2,2
110,2026-07-25 11:21:03.246098+00,Sons of Anarchy,https://frdgyadvbdpacwfoqybw.supabase.co/storage/v1/object/public/subtitles/Sons%20of%20Anarchy%20S06e01%20@pixelpoplk761163/Sons_of_Anarchy_S06E01_@pixelpoplk761163.zip?download,https://image.tmdb.org/t/p/original/tB22kwHHXGAHT52P4bgBtBAPBRS.jpg,"Action, Crime ,Drama, Tragedy","📥 Subtitles සහ Movies/TV Series පහසුවෙන්ම Download කරගන්නේ කෙසේද?

1. වෙබ් අඩවියෙන් Subtitles ලබාගැනීමට:

පියවර 01: මුලින්ම Dirrect Download Button එක ක්ලික් කරන්න.

පියවර 02: ඉන්පසු තත්පර 5ක් රැඳී සිට, නැවත Back වන්න (Navigate back).

පියවර 03: දැන් Start Download ක්ලික් කරන්න. එවිට Subtitle ෆයිල් එක Zip File එකක් ලෙස ඩවුන්ලෝඩ් වේවි.

භාවිතා කරන ආකාරය: එම Zip ෆයිල් එක Extract (Unzip) කර, ඔබගේ Video Player එකට Add කරගෙන උපසිරැසි සමඟින් රසවිඳින්න.

2. Telegram හරහා Direct ලබාගැනීමට:
මෙහි ඇති Telegram Download Button එක ක්ලික් කරන්න.

එවිට අපගේ Telegram Bot මඟින් අදාළ Subtitle ෆයිල් එක සහ ඒ හා සබැඳි Movie හෝ TV Series Episode එක සෘජුවම ඔබට ලබා දෙනු ඇත.

එතැනින් ඉතා පහසුවෙන් ඩවුන්ලෝඩ් කර නැරඹීමේ හැකියාව පවතී.

📌 අලුත්ම Updates ලබාගැනීමට:

චිත්‍රපට සහ ටෙලි කථා මාලාවල අලුත්ම Updates සහ Subtitles ක්ෂණිකව ලබාගැනීමට දැන්ම අපගේ Telegram Channel එකට සහ FB Page එකට Join වෙන්න! 🎬",8.5,2008,6,1,"<meta name=""keywords"" content=""Sons of Anarchy Season 6 Episode 1, Sons of Anarchy Sinhala Subtitles, Sons of Anarchy S06E01 Sinhala Sub, Sons of Anarchy 6x1 Sinhala Sub, SAMCRO, Jax Teller, TV Series Sinhala Sub, Sons of anarchy download, pixelpoplk""> <meta name=""description"" content=""Sons of Anarchy Season 6 Episode 1 Sinhala Subtitles. Download Sons of Anarchy S06E01 Sinhala Sub online from pixelpoplk."">",https://t.me/Pixelpopnew_bot?start=NlMvTfV_O1o,10
111,2026-07-25 11:21:03.246098+00,Sons of Anarchy,https://frdgyadvbdpacwfoqybw.supabase.co/storage/v1/object/public/subtitles/Sons%20of%20Anarchy%20S06e02%20@pixelpoplk767345/Sons_of_Anarchy_S06E02_@pixelpoplk767345.zip?download,https://image.tmdb.org/t/p/original/tB22kwHHXGAHT52P4bgBtBAPBRS.jpg,"Action, Crime ,Drama, Tragedy","📥 Subtitles සහ Movies/TV Series පහසුවෙන්ම Download කරගන්නේ කෙසේද?

1. වෙබ් අඩවියෙන් Subtitles ලබාගැනීමට:

පියවර 01: මුලින්ම Dirrect Download Button එක ක්ලික් කරන්න.

පියවර 02: ඉන්පසු තත්පර 5ක් රැඳී සිට, නැවත Back වන්න (Navigate back).

පියවර 03: දැන් Start Download ක්ලික් කරන්න. එවිට Subtitle ෆයිල් එක Zip File එකක් ලෙස ඩවුන්ලෝඩ් වේවි.

භාවිතා කරන ආකාරය: එම Zip ෆයිල් එක Extract (Unzip) කර, ඔබගේ Video Player එකට Add කරගෙන උපසිරැසි සමඟින් රසවිඳින්න.

2. Telegram හරහා Direct ලබාගැනීමට:
මෙහි ඇති Telegram Download Button එක ක්ලික් කරන්න.

එවිට අපගේ Telegram Bot මඟින් අදාළ Subtitle ෆයිල් එක සහ ඒ හා සබැඳි Movie හෝ TV Series Episode එක සෘජුවම ඔබට ලබා දෙනු ඇත.

එතැනින් ඉතා පහසුවෙන් ඩවුන්ලෝඩ් කර නැරඹීමේ හැකියාව පවතී.

📌 අලුත්ම Updates ලබාගැනීමට:

චිත්‍රපට සහ ටෙලි කථා මාලාවල අලුත්ම Updates සහ Subtitles ක්ෂණිකව ලබාගැනීමට දැන්ම අපගේ Telegram Channel එකට සහ FB Page එකට Join වෙන්න! 🎬",8.5,2008,6,2,"<meta name=""keywords"" content=""Sons of Anarchy Season 6 Episode 2, Sons of Anarchy Sinhala Subtitles, Sons of Anarchy S06E02 Sinhala Sub, Sons of Anarchy 6x2 Sinhala Sub, SAMCRO, Jax Teller, TV Series Sinhala Sub, Sons of anarchy download, pixelpoplk""> <meta name=""description"" content=""Sons of Anarchy Season 6 Episode 2 Sinhala Subtitles. Download Sons of Anarchy S06E02 Sinhala Sub online from pixelpoplk."">",https://t.me/Pixelpopnew_bot?start=PR_aBdl0xgo,6
112,2026-07-25 11:21:03.246098+00,Sons of Anarchy,https://frdgyadvbdpacwfoqybw.supabase.co/storage/v1/object/public/subtitles/Sons%20of%20Anarchy%20S06e03%20@pixelpoplk765210/Sons_of_Anarchy_S06E03_@pixelpoplk765210.zip?download,https://image.tmdb.org/t/p/original/tB22kwHHXGAHT52P4bgBtBAPBRS.jpg,"Action, Crime ,Drama, Tragedy","📥 Subtitles සහ Movies/TV Series පහසුවෙන්ම Download කරගන්නේ කෙසේද?

1. වෙබ් අඩවියෙන් Subtitles ලබාගැනීමට:

පියවර 01: මුලින්ම Dirrect Download Button එක ක්ලික් කරන්න.

පියවර 02: ඉන්පසු තත්පර 5ක් රැඳී සිට, නැවත Back වන්න (Navigate back).

පියවර 03: දැන් Start Download ක්ලික් කරන්න. එවිට Subtitle ෆයිල් එක Zip File එකක් ලෙස ඩවුන්ලෝඩ් වේවි.

භාවිතා කරන ආකාරය: එම Zip ෆයිල් එක Extract (Unzip) කර, ඔබගේ Video Player එකට Add කරගෙන උපසිරැසි සමඟින් රසවිඳින්න.

2. Telegram හරහා Direct ලබාගැනීමට:
මෙහි ඇති Telegram Download Button එක ක්ලික් කරන්න.

එවිට අපගේ Telegram Bot මඟින් අදාළ Subtitle ෆයිල් එක සහ ඒ හා සබැඳි Movie හෝ TV Series Episode එක සෘජුවම ඔබට ලබා දෙනු ඇත.

එතැනින් ඉතා පහසුවෙන් ඩවුන්ලෝඩ් කර නැරඹීමේ හැකියාව පවතී.

📌 අලුත්ම Updates ලබාගැනීමට:

චිත්‍රපට සහ ටෙලි කථා මාලාවල අලුත්ම Updates සහ Subtitles ක්ෂණිකව ලබාගැනීමට දැන්ම අපගේ Telegram Channel එකට සහ FB Page එකට Join වෙන්න! 🎬",8.5,2008,6,3,"<meta name=""keywords"" content=""Sons of Anarchy Season 6 Episode 3, Sons of Anarchy Sinhala Subtitles, Sons of Anarchy S06E03 Sinhala Sub, Sons of Anarchy 6x3 Sinhala Sub, SAMCRO, Jax Teller, TV Series Sinhala Sub, Sons of anarchy download, pixelpoplk""> <meta name=""description"" content=""Sons of Anarchy Season 6 Episode 3 Sinhala Subtitles. Download Sons of Anarchy S06E03 Sinhala Sub online from pixelpoplk."">",https://t.me/Pixelpopnew_bot?start=m-2l0ZSeECA,5
113,2026-07-25 11:21:03.246098+00,Sons of Anarchy,https://frdgyadvbdpacwfoqybw.supabase.co/storage/v1/object/public/subtitles/Sons%20of%20Anarchy%20S06e04%20@pixelpoplk768406/Sons_of_Anarchy_S06E04_@pixelpoplk768406.zip?download,https://image.tmdb.org/t/p/original/tB22kwHHXGAHT52P4bgBtBAPBRS.jpg,"Action, Crime ,Drama, Tragedy","📥 Subtitles සහ Movies/TV Series පහසුවෙන්ම Download කරගන්නේ කෙසේද?

1. වෙබ් අඩවියෙන් Subtitles ලබාගැනීමට:

පියවර 01: මුලින්ම Dirrect Download Button එක ක්ලික් කරන්න.

පියවර 02: ඉන්පසු තත්පර 5ක් රැඳී සිට, නැවත Back වන්න (Navigate back).

පියවර 03: දැන් Start Download ක්ලික් කරන්න. එවිට Subtitle ෆයිල් එක Zip File එකක් ලෙස ඩවුන්ලෝඩ් වේවි.

භාවිතා කරන ආකාරය: එම Zip ෆයිල් එක Extract (Unzip) කර, ඔබගේ Video Player එකට Add කරගෙන උපසිරැසි සමඟින් රසවිඳින්න.

2. Telegram හරහා Direct ලබාගැනීමට:
මෙහි ඇති Telegram Download Button එක ක්ලික් කරන්න.

එවිට අපගේ Telegram Bot මඟින් අදාළ Subtitle ෆයිල් එක සහ ඒ හා සබැඳි Movie හෝ TV Series Episode එක සෘජුවම ඔබට ලබා දෙනු ඇත.

එතැනින් ඉතා පහසුවෙන් ඩවුන්ලෝඩ් කර නැරඹීමේ හැකියාව පවතී.

📌 අලුත්ම Updates ලබාගැනීමට:

චිත්‍රපට සහ ටෙලි කථා මාලාවල අලුත්ම Updates සහ Subtitles ක්ෂණිකව ලබාගැනීමට දැන්ම අපගේ Telegram Channel එකට සහ FB Page එකට Join වෙන්න! 🎬",8.5,2008,6,4,"<meta name=""keywords"" content=""Sons of Anarchy Season 6 Episode 4, Sons of Anarchy Sinhala Subtitles, Sons of Anarchy S06E04 Sinhala Sub, Sons of Anarchy 6x4 Sinhala Sub, SAMCRO, Jax Teller, TV Series Sinhala Sub, Sons of anarchy download, pixelpoplk""> <meta name=""description"" content=""Sons of Anarchy Season 6 Episode 4 Sinhala Subtitles. Download Sons of Anarchy S06E04 Sinhala Sub online from pixelpoplk."">",https://t.me/Pixelpopnew_bot?start=k-ac9Q2-TpU,5
114,2026-07-25 11:21:03.246098+00,Sons of Anarchy,https://frdgyadvbdpacwfoqybw.supabase.co/storage/v1/object/public/subtitles/Sons%20of%20Anarchy%20S06e05%20@pixelpoplk766524/Sons_of_Anarchy_S06E05_@pixelpoplk766524.zip?download,https://image.tmdb.org/t/p/original/tB22kwHHXGAHT52P4bgBtBAPBRS.jpg,"Action, Crime ,Drama, Tragedy","📥 Subtitles සහ Movies/TV Series පහසුවෙන්ම Download කරගන්නේ කෙසේද?

1. වෙබ් අඩවියෙන් Subtitles ලබාගැනීමට:

පියවර 01: මුලින්ම Dirrect Download Button එක ක්ලික් කරන්න.

පියවර 02: ඉන්පසු තත්පර 5ක් රැඳී සිට, නැවත Back වන්න (Navigate back).

පියවර 03: දැන් Start Download ක්ලික් කරන්න. එවිට Subtitle ෆයිල් එක Zip File එකක් ලෙස ඩවුන්ලෝඩ් වේවි.

භාවිතා කරන ආකාරය: එම Zip ෆයිල් එක Extract (Unzip) කර, ඔබගේ Video Player එකට Add කරගෙන උපසිරැසි සමඟින් රසවිඳින්න.

2. Telegram හරහා Direct ලබාගැනීමට:
මෙහි ඇති Telegram Download Button එක ක්ලික් කරන්න.

එවිට අපගේ Telegram Bot මඟින් අදාළ Subtitle ෆයිල් එක සහ ඒ හා සබැඳි Movie හෝ TV Series Episode එක සෘජුවම ඔබට ලබා දෙනු ඇත.

එතැනින් ඉතා පහසුවෙන් ඩවුන්ලෝඩ් කර නැරඹීමේ හැකියාව පවතී.

📌 අලුත්ම Updates ලබාගැනීමට:

චිත්‍රපට සහ ටෙලි කථා මාලාවල අලුත්ම Updates සහ Subtitles ක්ෂණිකව ලබාගැනීමට දැන්ම අපගේ Telegram Channel එකට සහ FB Page එකට Join වෙන්න! 🎬",8.5,2008,6,5,"<meta name=""keywords"" content=""Sons of Anarchy Season 6 Episode 5, Sons of Anarchy Sinhala Subtitles, Sons of Anarchy S06E05 Sinhala Sub, Sons of Anarchy 6x5 Sinhala Sub, SAMCRO, Jax Teller, TV Series Sinhala Sub, Sons of anarchy download, pixelpoplk""> <meta name=""description"" content=""Sons of Anarchy Season 6 Episode 5 Sinhala Subtitles. Download Sons of Anarchy S06E05 Sinhala Sub online from pixelpoplk."">",https://t.me/Pixelpopnew_bot?start=L7_onccmLN0,5
115,2026-07-25 11:21:03.246098+00,Sons of Anarchy,https://frdgyadvbdpacwfoqybw.supabase.co/storage/v1/object/public/subtitles/Sons%20of%20Anarchy%20S06e06%20@pixelpoplk764136/Sons_of_Anarchy_S06E06_@pixelpoplk764136.zip?download,https://image.tmdb.org/t/p/original/tB22kwHHXGAHT52P4bgBtBAPBRS.jpg,"Action, Crime ,Drama, Tragedy","📥 Subtitles සහ Movies/TV Series පහසුවෙන්ම Download කරගන්නේ කෙසේද?

1. වෙබ් අඩවියෙන් Subtitles ලබාගැනීමට:

පියවර 01: මුලින්ම Dirrect Download Button එක ක්ලික් කරන්න.

පියවර 02: ඉන්පසු තත්පර 5ක් රැඳී සිට, නැවත Back වන්න (Navigate back).

පියවර 03: දැන් Start Download ක්ලික් කරන්න. එවිට Subtitle ෆයිල් එක Zip File එකක් ලෙස ඩවුන්ලෝඩ් වේවි.

භාවිතා කරන ආකාරය: එම Zip ෆයිල් එක Extract (Unzip) කර, ඔබගේ Video Player එකට Add කරගෙන උපසිරැසි සමඟින් රසවිඳින්න.

2. Telegram හරහා Direct ලබාගැනීමට:
මෙහි ඇති Telegram Download Button එක ක්ලික් කරන්න.

එවිට අපගේ Telegram Bot මඟින් අදාළ Subtitle ෆයිල් එක සහ ඒ හා සබැඳි Movie හෝ TV Series Episode එක සෘජුවම ඔබට ලබා දෙනු ඇත.

එතැනින් ඉතා පහසුවෙන් ඩවුන්ලෝඩ් කර නැරඹීමේ හැකියාව පවතී.

📌 අලුත්ම Updates ලබාගැනීමට:

චිත්‍රපට සහ ටෙලි කථා මාලාවල අලුත්ම Updates සහ Subtitles ක්ෂණිකව ලබාගැනීමට දැන්ම අපගේ Telegram Channel එකට සහ FB Page එකට Join වෙන්න! 🎬",8.5,2008,6,6,"<meta name=""keywords"" content=""Sons of Anarchy Season 6 Episode 6, Sons of Anarchy Sinhala Subtitles, Sons of Anarchy S06E06 Sinhala Sub, Sons of Anarchy 6x6 Sinhala Sub, SAMCRO, Jax Teller, TV Series Sinhala Sub, Sons of anarchy download, pixelpoplk""> <meta name=""description"" content=""Sons of Anarchy Season 6 Episode 6 Sinhala Subtitles. Download Sons of Anarchy S06E06 Sinhala Sub online from pixelpoplk."">",https://t.me/Pixelpopnew_bot?start=V46RzWEr9M4,5
116,2026-07-26 08:15:56.089476+00,72 Hours (2026),https://frdgyadvbdpacwfoqybw.supabase.co/storage/v1/object/public/subtitles/72%20Hours%202026%20Webrip%20Hevc%20Psa%20Sinhala%20@pixelpoplk/72.Hours.2026.WEBRip.HEVC-PSA.sinhala.@pixelpoplk.zip?download,https://image.tmdb.org/t/p/original/9Bu1PW2R1XayqRqnl0aDOgMcrdS.jpg,"Movie,comedy,18+","🎬 72 Hours (2026) - සිංහල උපසිරැසි 🎬

72 Hours (2026) is a hilarious new comedy movie packed with non-stop laughs, crazy situations, and a chaotic ticking-clock adventure. Download high-quality 720p, 1080p  WEB-DL video files with Sinhala subtitles on Telegram and direct servers.

72 Hours (2026) කියන්නේ මුල ඉඳන් අගටම හිනා වෙලා පණ යන මට්ටමේ සුපිරි Comedy සිනමා නිර්මාණයක්. කතාව ගෙතෙන්නේ ප්‍රධාන චරිතයට සහ ඔහුගේ යාළුවන්ට අහම්බෙන් මුහුණ දෙන්න වෙන මාරක වගේම අතිශය විහිළු සහගත සිදුවීම් දාමයක් වටායි. 

තමන් අතින් වුණු ලොකු අත්වැරැද්දක් නිවැරදි කරගන්න, එහෙමත් නැත්නම් ජීවිතේ ලැබුණු ලොකුම අවස්ථාවක් බේරගන්න මේ යාලුවෝ සෙට් එකට ලැබෙන්නේ හරියටම පැය 72ක සීමිත කාලයක් විතරයි. මේ දවස් තුන ඇතුළත එයාලා කරන පිස්සු වැඩ, මුණගැහෙන අමුතුම විදිහේ චරිත සහ කිසිසේත්ම බලාපොරොත්තු නොවන සිදුවීම් නිසා චිත්‍රපටිය පුරාම කිසිම කම්මැලිකමක් නැතුව හිනාවෙවී බලන්න පුළුවන්. 

හුස්ම ගන්නවත් වෙලාවක් නැති තරමට එක දිගට සිදුවෙන විහිළු සහගත සිදුවීම් එක්ක ගලාගෙන යන මේ ෆිල්ම් එක Comedy නිර්මාණවලට කැමති අයට නිදහසේ විනෝදයෙන් බලන්න කියාපු ෆිල්ම් එකක් විදිහට හඳුන්වන්න පුළුවන්.

📥 වීඩියෝ පිටපත් සහ උපසිරැසි ලබාගන්නා ආකාරය:

📄 Direct Subtitle Download: කිසිදු බාධාවකින් තොරව සිංහල උපසිරැසි ගොනුව සෘජුවම බාගත කරගත හැක.

✈️ Telegram පිටපත්: 720p, 1080p  උසස් තත්ත්වයේ WEB-DL වීඩියෝ පිටපත් සහ උපසිරැසි සියල්ලම ටෙලිග්‍රෑම් චැනලය හරහා ලබාගත හැක.",6.1,2026,,,"72 Hours 2026 Sinhala Subtitles, 72 Hours 2026 sinhala sub, 72 Hours movie sinhala sub, 72 Hours sinhala subtitle download, 72 Hours 2026 sinhala sub pixelpoplk, 72 Hours sinhala sub pixelpop.lk, pixelpoplk 72 hours 2026, 72 Hours 2026 සිංහල උපසිරැසි, 72 Hours comedy movie sinhala sub, 72 Hours 2026 full movie sinhala subtitles download, 72 Hours 2026 sinhala sub web-dl, pixelpoplk sinhala subtitles, 72 Hours ෆිල්ම් එකේ සිංහල සබ්",https://t.me/PixelPopLk_bot?start=289976c7-6918-40dd-a0e4-7e21e8b43121,5
117,2026-07-26 09:14:46.57961+00,The Walking Dead: Dead City,https://frdgyadvbdpacwfoqybw.supabase.co/storage/v1/object/public/subtitles/The%20Walking%20Dead%20Dead%20City%20S03e01%20@pixelpoplk9609/The_Walking_Dead_Dead_City_S03E01_@pixelpoplk9609.zip?download,https://image.tmdb.org/t/p/original/seYokxOjFyTVX13XgD2FNjWIry8.jpg,"Survival,Horror,Zombie,Drama,Tv Series","📥 Subtitles සහ Movies/TV Series පහසුවෙන්ම Download කරගන්නේ කෙසේද?

1. වෙබ් අඩවියෙන් Subtitles ලබාගැනීමට:

පියවර 01: මුලින්ම Dirrect Download Button එක ක්ලික් කරන්න.

පියවර 02: ඉන්පසු තත්පර 5ක් රැඳී සිටින්න Auto download උනේ නැත්නම්, Back උනාම කොලපාට  download button එකක් එයි.

පියවර 03: දැන් Start Download ක්ලික් කරන්න. එවිට Subtitle ෆයිල් එක Zip File එකක් ලෙස ඩවුන්ලෝඩ් වේවි.

භාවිතා කරන ආකාරය: එම Zip ෆයිල් එක Extract (Unzip) කර, ඔබගේ Video Player එකට Add කරගෙන උපසිරැසි සමඟින් රසවිඳින්න.

2. Telegram හරහා Direct ලබාගැනීමට:
මෙහි ඇති Telegram Download Button එක ක්ලික් කරන්න.

එවිට අපගේ Telegram Bot මඟින් Movie  එක්හෝ TV Series Episode එක සෘජුවම ඔබට ලබා දෙනු ඇත.

එතැනින් ඉතා පහසුවෙන් ඩවුන්ලෝඩ් කර නැරඹීමේ හැකියාව පවතී.

📌 අලුත්ම Updates ලබාගැනීමට:

චිත්‍රපට සහ ටෙලි කථා මාලාවල අලුත්ම Updates සහ Subtitles ක්ෂණිකව ලබාගැනීමට දැන්ම අපගේ Telegram Channel එකට සහ FB Page එකට Join වෙන්න! 🎬",7,2023,3,1,"Walking dead dead city sinhala sub, dead city sinhala sub, The walking dead",https://t.me/PixelPopLk_bot?start=d1cf3b6c-6aba-4005-9300-7343433859b1,10
118,2026-07-26 15:57:14.899352+00,Sons of Anarchy,https://frdgyadvbdpacwfoqybw.supabase.co/storage/v1/object/public/subtitles/Sons%20of%20Anarchy%20S06e07%205954/Sons_of_Anarchy_S06E07_5954.zip?download,https://image.tmdb.org/t/p/original/tB22kwHHXGAHT52P4bgBtBAPBRS.jpg,"Action, Crime ,Drama, Tragedy","📥 Subtitles සහ Movies/TV Series පහසුවෙන්ම Download කරගන්නේ කෙසේද?

1. වෙබ් අඩවියෙන් Subtitles ලබාගැනීමට:

පියවර 01: මුලින්ම Dirrect Download Button එක ක්ලික් කරන්න.

පියවර 02: ඉන්පසු තත්පර 5ක් රැඳී සිට, නැවත Back වන්න (Navigate back).

පියවර 03: දැන් Start Download ක්ලික් කරන්න. එවිට Subtitle ෆයිල් එක Zip File එකක් ලෙස ඩවුන්ලෝඩ් වේවි.

භාවිතා කරන ආකාරය: එම Zip ෆයිල් එක Extract (Unzip) කර, ඔබගේ Video Player එකට Add කරගෙන උපසිරැසි සමඟින් රසවිඳින්න.

2. Telegram හරහා Direct ලබාගැනීමට:
මෙහි ඇති Telegram Download Button එක ක්ලික් කරන්න.

එවිට අපගේ Telegram Bot මඟින් අදාළ Subtitle ෆයිල් එක සහ ඒ හා සබැඳි Movie හෝ TV Series Episode එක සෘජුවම ඔබට ලබා දෙනු ඇත.

එතැනින් ඉතා පහසුවෙන් ඩවුන්ලෝඩ් කර නැරඹීමේ හැකියාව පවතී.

📌 අලුත්ම Updates ලබාගැනීමට:

චිත්‍රපට සහ ටෙලි කථා මාලාවල අලුත්ම Updates සහ Subtitles ක්ෂණිකව ලබාගැනීමට දැන්ම අපගේ Telegram Channel එකට සහ FB Page එකට Join වෙන්න! 🎬",8.5,2008,6,7,"<meta name=""keywords"" content=""Sons of Anarchy Season 6 Episode 7, Sons of Anarchy Sinhala Subtitles, Sons of Anarchy S06E07 Sinhala Sub, Sons of Anarchy 6x7 Sinhala Sub, SAMCRO, Jax Teller, TV Series Sinhala Sub, Sons of anarchy download, pixelpoplk""> <meta name=""description"" content=""Sons of Anarchy Season 6 Episode 7 Sinhala Subtitles. Download Sons of Anarchy S06E07 Sinhala Sub online from pixelpoplk."">",https://t.me/Pixelpopnew_bot?start=WijpIA9Rh3Q,5
119,2026-07-26 15:57:14.899352+00,Sons of Anarchy,https://frdgyadvbdpacwfoqybw.supabase.co/storage/v1/object/public/subtitles/Sons%20of%20Anarchy%20S06e08%203997/Sons_of_Anarchy_S06E08_3997.zip?download,https://image.tmdb.org/t/p/original/tB22kwHHXGAHT52P4bgBtBAPBRS.jpg,"Action, Crime ,Drama, Tragedy","📥 Subtitles සහ Movies/TV Series පහසුවෙන්ම Download කරගන්නේ කෙසේද?

1. වෙබ් අඩවියෙන් Subtitles ලබාගැනීමට:

පියවර 01: මුලින්ම Dirrect Download Button එක ක්ලික් කරන්න.

පියවර 02: ඉන්පසු තත්පර 5ක් රැඳී සිට, නැවත Back වන්න (Navigate back).

පියවර 03: දැන් Start Download ක්ලික් කරන්න. එවිට Subtitle ෆයිල් එක Zip File එකක් ලෙස ඩවුන්ලෝඩ් වේවි.

භාවිතා කරන ආකාරය: එම Zip ෆයිල් එක Extract (Unzip) කර, ඔබගේ Video Player එකට Add කරගෙන උපසිරැසි සමඟින් රසවිඳින්න.

2. Telegram හරහා Direct ලබාගැනීමට:
මෙහි ඇති Telegram Download Button එක ක්ලික් කරන්න.

එවිට අපගේ Telegram Bot මඟින් අදාළ Subtitle ෆයිල් එක සහ ඒ හා සබැඳි Movie හෝ TV Series Episode එක සෘජුවම ඔබට ලබා දෙනු ඇත.

එතැනින් ඉතා පහසුවෙන් ඩවුන්ලෝඩ් කර නැරඹීමේ හැකියාව පවතී.

📌 අලුත්ම Updates ලබාගැනීමට:

චිත්‍රපට සහ ටෙලි කථා මාලාවල අලුත්ම Updates සහ Subtitles ක්ෂණිකව ලබාගැනීමට දැන්ම අපගේ Telegram Channel එකට සහ FB Page එකට Join වෙන්න! 🎬",8.5,2008,6,8,"<meta name=""keywords"" content=""Sons of Anarchy Season 6 Episode 8, Sons of Anarchy Sinhala Subtitles, Sons of Anarchy S06E08 Sinhala Sub, Sons of Anarchy 6x8 Sinhala Sub, SAMCRO, Jax Teller, TV Series Sinhala Sub, Sons of anarchy download, pixelpoplk""> <meta name=""description"" content=""Sons of Anarchy Season 6 Episode 8 Sinhala Subtitles. Download Sons of Anarchy S06E08 Sinhala Sub online from pixelpoplk."">",https://t.me/Pixelpopnew_bot?start=lKFthgH2gWw,5
120,2026-07-26 15:57:14.899352+00,Sons of Anarchy,https://frdgyadvbdpacwfoqybw.supabase.co/storage/v1/object/public/subtitles/Sons%20of%20Anarchy%20S06e09%207748/Sons_of_Anarchy_S06E09_7748.zip?download,https://image.tmdb.org/t/p/original/tB22kwHHXGAHT52P4bgBtBAPBRS.jpg,"Action, Crime ,Drama, Tragedy","📥 Subtitles සහ Movies/TV Series පහසුවෙන්ම Download කරගන්නේ කෙසේද?

1. වෙබ් අඩවියෙන් Subtitles ලබාගැනීමට:

පියවර 01: මුලින්ම Dirrect Download Button එක ක්ලික් කරන්න.

පියවර 02: ඉන්පසු තත්පර 5ක් රැඳී සිට, නැවත Back වන්න (Navigate back).

පියවර 03: දැන් Start Download ක්ලික් කරන්න. එවිට Subtitle ෆයිල් එක Zip File එකක් ලෙස ඩවුන්ලෝඩ් වේවි.

භාවිතා කරන ආකාරය: එම Zip ෆයිල් එක Extract (Unzip) කර, ඔබගේ Video Player එකට Add කරගෙන උපසිරැසි සමඟින් රසවිඳින්න.

2. Telegram හරහා Direct ලබාගැනීමට:
මෙහි ඇති Telegram Download Button එක ක්ලික් කරන්න.

එවිට අපගේ Telegram Bot මඟින් අදාළ Subtitle ෆයිල් එක සහ ඒ හා සබැඳි Movie හෝ TV Series Episode එක සෘජුවම ඔබට ලබා දෙනු ඇත.

එතැනින් ඉතා පහසුවෙන් ඩවුන්ලෝඩ් කර නැරඹීමේ හැකියාව පවතී.

📌 අලුත්ම Updates ලබාගැනීමට:

චිත්‍රපට සහ ටෙලි කථා මාලාවල අලුත්ම Updates සහ Subtitles ක්ෂණිකව ලබාගැනීමට දැන්ම අපගේ Telegram Channel එකට සහ FB Page එකට Join වෙන්න! 🎬",8.5,2008,6,9,"<meta name=""keywords"" content=""Sons of Anarchy Season 6 Episode 9, Sons of Anarchy Sinhala Subtitles, Sons of Anarchy S06E09 Sinhala Sub, Sons of Anarchy 6x9 Sinhala Sub, SAMCRO, Jax Teller, TV Series Sinhala Sub, Sons of anarchy download, pixelpoplk""> <meta name=""description"" content=""Sons of Anarchy Season 6 Episode 9 Sinhala Subtitles. Download Sons of Anarchy S06E09 Sinhala Sub online from pixelpoplk."">",https://t.me/Pixelpopnew_bot?start=RYl95u2P_SE,5
121,2026-07-26 15:57:14.899352+00,Sons of Anarchy,https://frdgyadvbdpacwfoqybw.supabase.co/storage/v1/object/public/subtitles/Sons%20of%20Anarchy%20S06e10%208344/Sons_of_Anarchy_S06E10_8344.zip?download,https://image.tmdb.org/t/p/original/tB22kwHHXGAHT52P4bgBtBAPBRS.jpg,"Action, Crime ,Drama, Tragedy","📥 Subtitles සහ Movies/TV Series පහසුවෙන්ම Download කරගන්නේ කෙසේද?

1. වෙබ් අඩවියෙන් Subtitles ලබාගැනීමට:

පියවර 01: මුලින්ම Dirrect Download Button එක ක්ලික් කරන්න.

පියවර 02: ඉන්පසු තත්පර 5ක් රැඳී සිට, නැවත Back වන්න (Navigate back).

පියවර 03: දැන් Start Download ක්ලික් කරන්න. එවිට Subtitle ෆයිල් එක Zip File එකක් ලෙස ඩවුන්ලෝඩ් වේවි.

භාවිතා කරන ආකාරය: එම Zip ෆයිල් එක Extract (Unzip) කර, ඔබගේ Video Player එකට Add කරගෙන උපසිරැසි සමඟින් රසවිඳින්න.

2. Telegram හරහා Direct ලබාගැනීමට:
මෙහි ඇති Telegram Download Button එක ක්ලික් කරන්න.

එවිට අපගේ Telegram Bot මඟින් අදාළ Subtitle ෆයිල් එක සහ ඒ හා සබැඳි Movie හෝ TV Series Episode එක සෘජුවම ඔබට ලබා දෙනු ඇත.

එතැනින් ඉතා පහසුවෙන් ඩවුන්ලෝඩ් කර නැරඹීමේ හැකියාව පවතී.

📌 අලුත්ම Updates ලබාගැනීමට:

චිත්‍රපට සහ ටෙලි කථා මාලාවල අලුත්ම Updates සහ Subtitles ක්ෂණිකව ලබාගැනීමට දැන්ම අපගේ Telegram Channel එකට සහ FB Page එකට Join වෙන්න! 🎬",8.5,2008,6,10,"<meta name=""keywords"" content=""Sons of Anarchy Season 6 Episode 10, Sons of Anarchy Sinhala Subtitles, Sons of Anarchy S06E10 Sinhala Sub, Sons of Anarchy 6x10 Sinhala Sub, SAMCRO, Jax Teller, TV Series Sinhala Sub, Sons of anarchy download, pixelpoplk""> <meta name=""description"" content=""Sons of Anarchy Season 6 Episode 10 Sinhala Subtitles. Download Sons of Anarchy S06E10 Sinhala Sub online from pixelpoplk."">",https://t.me/Pixelpopnew_bot?start=3Whk7g9Sjcg,5
122,2026-07-26 15:57:14.899352+00,Sons of Anarchy,https://frdgyadvbdpacwfoqybw.supabase.co/storage/v1/object/public/subtitles/Sons%20of%20Anarchy%20S06e11%204513/Sons_of_Anarchy_S06E11_4513.zip?download,https://image.tmdb.org/t/p/original/tB22kwHHXGAHT52P4bgBtBAPBRS.jpg,"Action, Crime ,Drama, Tragedy","📥 Subtitles සහ Movies/TV Series පහසුවෙන්ම Download කරගන්නේ කෙසේද?

1. වෙබ් අඩවියෙන් Subtitles ලබාගැනීමට:

පියවර 01: මුලින්ම Dirrect Download Button එක ක්ලික් කරන්න.

පියවර 02: ඉන්පසු තත්පර 5ක් රැඳී සිට, නැවත Back වන්න (Navigate back).

පියවර 03: දැන් Start Download ක්ලික් කරන්න. එවිට Subtitle ෆයිල් එක Zip File එකක් ලෙස ඩවුන්ලෝඩ් වේවි.

භාවිතා කරන ආකාරය: එම Zip ෆයිල් එක Extract (Unzip) කර, ඔබගේ Video Player එකට Add කරගෙන උපසිරැසි සමඟින් රසවිඳින්න.

2. Telegram හරහා Direct ලබාගැනීමට:
මෙහි ඇති Telegram Download Button එක ක්ලික් කරන්න.

එවිට අපගේ Telegram Bot මඟින් අදාළ Subtitle ෆයිල් එක සහ ඒ හා සබැඳි Movie හෝ TV Series Episode එක සෘජුවම ඔබට ලබා දෙනු ඇත.

එතැනින් ඉතා පහසුවෙන් ඩවුන්ලෝඩ් කර නැරඹීමේ හැකියාව පවතී.

📌 අලුත්ම Updates ලබාගැනීමට:

චිත්‍රපට සහ ටෙලි කථා මාලාවල අලුත්ම Updates සහ Subtitles ක්ෂණිකව ලබාගැනීමට දැන්ම අපගේ Telegram Channel එකට සහ FB Page එකට Join වෙන්න! 🎬",8.5,2008,6,11,"<meta name=""keywords"" content=""Sons of Anarchy Season 6 Episode 11, Sons of Anarchy Sinhala Subtitles, Sons of Anarchy S06E11 Sinhala Sub, Sons of Anarchy 6x11 Sinhala Sub, SAMCRO, Jax Teller, TV Series Sinhala Sub, Sons of anarchy download, pixelpoplk""> <meta name=""description"" content=""Sons of Anarchy Season 6 Episode 11 Sinhala Subtitles. Download Sons of Anarchy S06E11 Sinhala Sub online from pixelpoplk."">",https://t.me/Pixelpopnew_bot?start=HeGe8BRK9Xs,5
123,2026-07-26 15:57:14.899352+00,Sons of Anarchy,https://frdgyadvbdpacwfoqybw.supabase.co/storage/v1/object/public/subtitles/Sons%20of%20Anarchy%20S06e12%207409/Sons_of_Anarchy_S06E12_7409.zip?download,https://image.tmdb.org/t/p/original/tB22kwHHXGAHT52P4bgBtBAPBRS.jpg,"Action, Crime ,Drama, Tragedy","📥 Subtitles සහ Movies/TV Series පහසුවෙන්ම Download කරගන්නේ කෙසේද?

1. වෙබ් අඩවියෙන් Subtitles ලබාගැනීමට:

පියවර 01: මුලින්ම Dirrect Download Button එක ක්ලික් කරන්න.

පියවර 02: ඉන්පසු තත්පර 5ක් රැඳී සිට, නැවත Back වන්න (Navigate back).

පියවර 03: දැන් Start Download ක්ලික් කරන්න. එවිට Subtitle ෆයිල් එක Zip File එකක් ලෙස ඩවුන්ලෝඩ් වේවි.

භාවිතා කරන ආකාරය: එම Zip ෆයිල් එක Extract (Unzip) කර, ඔබගේ Video Player එකට Add කරගෙන උපසිරැසි සමඟින් රසවිඳින්න.

2. Telegram හරහා Direct ලබාගැනීමට:
මෙහි ඇති Telegram Download Button එක ක්ලික් කරන්න.

එවිට අපගේ Telegram Bot මඟින් අදාළ Subtitle ෆයිල් එක සහ ඒ හා සබැඳි Movie හෝ TV Series Episode එක සෘජුවම ඔබට ලබා දෙනු ඇත.

එතැනින් ඉතා පහසුවෙන් ඩවුන්ලෝඩ් කර නැරඹීමේ හැකියාව පවතී.

📌 අලුත්ම Updates ලබාගැනීමට:

චිත්‍රපට සහ ටෙලි කථා මාලාවල අලුත්ම Updates සහ Subtitles ක්ෂණිකව ලබාගැනීමට දැන්ම අපගේ Telegram Channel එකට සහ FB Page එකට Join වෙන්න! 🎬",8.5,2008,6,12,"<meta name=""keywords"" content=""Sons of Anarchy Season 6 Episode 12, Sons of Anarchy Sinhala Subtitles, Sons of Anarchy S06E12 Sinhala Sub, Sons of Anarchy 6x12 Sinhala Sub, SAMCRO, Jax Teller, TV Series Sinhala Sub, Sons of anarchy download, pixelpoplk""> <meta name=""description"" content=""Sons of Anarchy Season 6 Episode 12 Sinhala Subtitles. Download Sons of Anarchy S06E12 Sinhala Sub online from pixelpoplk."">",https://t.me/Pixelpopnew_bot?start=cKSQhKO8W2Y,5
124,2026-07-26 15:57:14.899352+00,Sons of Anarchy,https://frdgyadvbdpacwfoqybw.supabase.co/storage/v1/object/public/subtitles/Sons%20of%20Anarchy%20S06e13%205682/Sons_of_Anarchy_S06E13_5682.zip?download,https://image.tmdb.org/t/p/original/tB22kwHHXGAHT52P4bgBtBAPBRS.jpg,"Action, Crime ,Drama, Tragedy","📥 Subtitles සහ Movies/TV Series පහසුවෙන්ම Download කරගන්නේ කෙසේද?

1. වෙබ් අඩවියෙන් Subtitles ලබාගැනීමට:

පියවර 01: මුලින්ම Dirrect Download Button එක ක්ලික් කරන්න.

පියවර 02: ඉන්පසු තත්පර 5ක් රැඳී සිට, නැවත Back වන්න (Navigate back).

පියවර 03: දැන් Start Download ක්ලික් කරන්න. එවිට Subtitle ෆයිල් එක Zip File එකක් ලෙස ඩවුන්ලෝඩ් වේවි.

භාවිතා කරන ආකාරය: එම Zip ෆයිල් එක Extract (Unzip) කර, ඔබගේ Video Player එකට Add කරගෙන උපසිරැසි සමඟින් රසවිඳින්න.

2. Telegram හරහා Direct ලබාගැනීමට:
මෙහි ඇති Telegram Download Button එක ක්ලික් කරන්න.

එවිට අපගේ Telegram Bot මඟින් අදාළ Subtitle ෆයිල් එක සහ ඒ හා සබැඳි Movie හෝ TV Series Episode එක සෘජුවම ඔබට ලබා දෙනු ඇත.

එතැනින් ඉතා පහසුවෙන් ඩවුන්ලෝඩ් කර නැරඹීමේ හැකියාව පවතී.

📌 අලුත්ම Updates ලබාගැනීමට:

චිත්‍රපට සහ ටෙලි කථා මාලාවල අලුත්ම Updates සහ Subtitles ක්ෂණිකව ලබාගැනීමට දැන්ම අපගේ Telegram Channel එකට සහ FB Page එකට Join වෙන්න! 🎬",8.5,2008,6,13,"<meta name=""keywords"" content=""Sons of Anarchy Season 6 Episode 13, Sons of Anarchy Sinhala Subtitles, Sons of Anarchy S06E13 Sinhala Sub, Sons of Anarchy 6x13 Sinhala Sub, SAMCRO, Jax Teller, TV Series Sinhala Sub, Sons of anarchy download, pixelpoplk""> <meta name=""description"" content=""Sons of Anarchy Season 6 Episode 13 Sinhala Subtitles. Download Sons of Anarchy S06E13 Sinhala Sub online from pixelpoplk."">",https://t.me/Pixelpopnew_bot?start=IvhGcKuOeNU,5
125,2026-07-26 19:36:34.146575+00,House of The Dragon,https://frdgyadvbdpacwfoqybw.supabase.co/storage/v1/object/public/subtitles/House%20of%20the%20Dragon%20S03e06%202991/House_of_the_Dragon_S03E06_2991.zip?download,https://image.tmdb.org/t/p/original/7V0Ebks0GgpKvQ7QbLAIdX5dos4.jpg,"Drama,Fantasy,Action","House of the Dragon (Season 03 - Episode 06) - සිංහල උපසිරැසි💚

House of the Dragon Season 3 Episode 6 continues the epic Dance of the Dragons. Download high-quality 720p, 1080p, and 4K WEB-DL video files with Sinhala subtitles directly or via Telegram. Catch up on the previous episode's events below before watching the latest release.

House of the Dragon Season 3 හයවෙනි එපිසෝඩ් එක (S03E06) තමයි මේ අරගෙන එන්නේ. Black සහ Green පාර්ශවයන් අතර තියෙන බල අරගලය තවත් දරුණු තත්ත්වයකට පත්වෙමින්, Westeros වල අලුත්ම දේශපාලන කුමන්ත්‍රණ සහ රහසිගත සැලසුම් මේ කොටසින් තවදුරටත් දැකගන්න පුළුවන්. අලුත්ම එපිසෝඩ් එක බලන්න කලින්, පහුගිය සතියේ නිකුත් වුණු පස්වෙනි එපිසෝඩ් එකේ (S03E05) මොකද වුණේ කියලා කෙටියෙන් මතක් කරගමු.

පසුගිය කොටසින් (S03E05 - Unbound and Unbroken):
Ormund Hightower විසින් Daeron ව යොදාගෙන අලුත් රත්තරන් කාසි නිකුත් කරමින් King's Landing වලට ඔවුන්ගේ බලය සහ ධනය පෙන්වන්න කටයුතු කළා. Harrenhal වල හැංගිලා ඉන්න Aemond ට Alys Rivers ගේ මායා බලයෙන් ආරක්ෂාව ලැබෙන අතර, අනිත් පැත්තෙන් Aegon ව Essos වල Braavos නගරයට අරන් ගිහින් ආරක්ෂිතව හංගන්න Larys Strong සැලසුම් කරනවා. මේ අතර Criston Cole තමන්ගෙම Dornish ගරිල්ලා සටන් ක්‍රම පාවිච්චි කරමින් සියදිවි නසාගැනීමේ මාරක මෙහෙයුමක නිරත වෙනවා.

King's Landing වලට Joffrey ඔහුගේ කුඩා මකරා එක්ක පැමිණෙන අතර, Rhaenyra සහ Daemon අතර ඉදිරි සැලසුම් ගැන සභාවේදී මත ගැටුම් ඇතිවෙනවා. ඒ වගේම ගැබ්ගෙන සිටින Helaena ට Alicent ගබ්සා පානයක් බොන්න බල කරන අතර, එහි රහස Misaria ප්‍රශ්න කිරීම් හමුවේ හෙළි කරගන්නවා. පසුව Alicent සහ Helaena රහස් උමඟකින් පැනලා යන්න හැදුවත්, උමඟ ඇතුළේ පන්දමත් නිවී ගොස් ඔවුන්ට ඉදිරියට යන්න විදිහක් නැතිව හිරවෙනවා. එපිසෝඩ් එක අවසන් වුණේ City Watch සෙබළුන්ව Hightower රහස් කණ්ඩායමක් විසින් ආගමික බිලිදීමක් ලෙස මරා දමා Feast for Crows ලෙස සටහන් කර තිබීමෙනි.

දැන් කතාව මොන අතට හැරෙයිද කියලා S03E06 අලුත්ම කොටසින් බලාගන්න පුළුවන්.

වීඩියෝ පිටපත් සහ උපසිරැසි ලබාගන්නා ආකාරය:

✅Direct Download: කිසිදු බාධාවකින් තොරව සිංහල උපසිරැසි ගොනුව (SRT) සෘජුවම බාගත කරගත හැක.

✅Telegram Download: 720p, 1080p සහ 4K උසස් තත්ත්වයේ WEB-DL වීඩියෝ පිටපත් ටෙලිග්‍රෑම් චැනලය හරහා ලබාගත හැක.",8.3,2026,3,6,"House of the Dragon Season 3 Episode 6 Sinhala Subtitles, House of the Dragon S03E06 sinhala sub, HOTD S03E06 sinhala subtitle download, House of the Dragon season 3 sinhala sub pixelpoplk, House of the dragon sinhala sub pixelpop.lk, pixelpoplk HOTD season 3, හවුස් ඔෆ් ද ඩ්‍රැගන් සිංහල උපසිරැසි, HOTD S03E06 full episode sinhala subtitles download, House of the Dragon S03E06 sinhala sub web-dl, pixelpoplk sinhala subtitles, House of the Dragon කතා මාලාවේ සිංහල සබ්,Japan,usa,,sri lanka",https://t.me/PixelPopLk_bot?start=55bfb940-f864-48aa-a391-69a7036b2ea0,74
126,2026-07-27 06:46:17.212937+00,Supergirl (2026),https://frdgyadvbdpacwfoqybw.supabase.co/storage/v1/object/public/subtitles/Supergirl/Supergirl.2026.720p.WEBRip_sinhala.zip?download,https://image.tmdb.org/t/p/original/xhei2GX9L2H1eQlrHeFw44VNLd1.jpg,"Movie,Action,Adventure ,Sci-Fi,Superhero","🦸‍♀️ Supergirl: Woman of Tomorrow (2026) - සිංහල උපසිරැසි 🎬

Supergirl: Woman of Tomorrow (2026) marks a bold new chapter in James Gunn's revamped DC Universe. Starring Milly Alcock as Kara Zor-El, this sci-fi epic takes fans on an emotional and action-packed journey across the galaxy. Download high-quality 720p, 1080p WEB-DL video files with Sinhala subtitles directly or via Telegram. Get ready to experience the next massive DCU blockbuster.

Supergirl: Woman of Tomorrow (2026) චිත්‍රපටය කියන්නේ අලුත් DC Universe එකේ James Gunn ගේ මූලිකත්වයෙන් එළියට එන දැවැන්තම නිර්මාණයක්. මේක සාමාන්‍ය සුපර්හීරෝ කතාවකට වඩා සම්පූර්ණයෙන්ම වෙනස්, මන්දාකිණිය හරහා යන දැවැන්ත sci-fi ගමනක් විදිහටයි නිර්මාණය වෙලා තියෙන්නේ. Tom King ගේ ජනප්‍රිය කොමික් පොත් මාලාව පාදක කරගෙන තමයි මේ චිත්‍රපටය හැදිලා තියෙන්නේ.

කතාවේ කිසිම දෙයක් spoil කරන්නේ නැතුව කිව්වොත්, මේකෙන් පෙන්නන්නේ Superman සහ Supergirl (Kara Zor-El) අතර තියෙන ලොකු වෙනස. Superman පෘථිවියට ඇවිත් ආදරණීය පවුලක් එක්ක හැදෙනකොට, Kara ට සිද්ධ වෙන්නේ විනාශ වෙච්ච Krypton ග්‍රහලෝකයේ ඉතුරු වෙච්ච කෑල්ලක අවුරුදු 14ක් තිස්සේ මරණය සහ වේදනාව මැද්දේ තනියම ජීවත් වෙන්න. ඒ නිසා අපි මේ චිත්‍රපටයෙන් දකින්නේ අපි කලින් දැකපු අහිංසක Supergirl නෙවෙයි, ඊට වඩා ගොඩක් රළු, දරුණු අත්දැකීම් වලට මුහුණ දීපු ශක්තිමත් කෙනෙක්. 

House of the Dragon කතා මාලාවෙන් අපි දැකපු දක්ෂ නිළි Milly Alcock තමයි මෙහි Supergirl ගේ චරිතයට පණ පොවන්නේ. ඒ වගේම Krypto කියන සුපර් බල්ලා (Superdog) වගේ අලුත් චරිතත් එක්ක එකතු වෙන මේ චිත්‍රපටය, කිසිම කම්මැලිකමක් නැතුව බලන්න පුළුවන්, DC රසිකයින්ට වෙනස්ම අත්දැකීමක් දෙන එකක් බව අනිවාර්යයි.

📥 වීඩියෝ පිටපත් සහ උපසිරැසි ලබාගන්නා ආකාරය:

📄 Direct Download: කිසිදු බාධාවකින් තොරව සිංහල උපසිරැසි ගොනුව (SRT) සෘජුවම බාගත කරගත හැක.

✈️ Telegram Download: 720p, 1080p උසස් තත්ත්වයේ WEB-DL වීඩියෝ පිටපත් Telegram චැනලය හරහා ලබාගත හැක.",6.2,2026,,,"Supergirl Woman of Tomorrow 2026 Sinhala Subtitles, Supergirl 2026 sinhala sub, Supergirl Woman of Tomorrow sinhala subtitle download, Supergirl 2026 sinhala sub pixelpoplk, Supergirl 2026 sinhala sub pixelpop.lk, pixelpoplk DC movies, සුපර්ගර්ල් සිංහල උපසිරැසි, Supergirl 2026 full movie sinhala subtitles download, Supergirl 2026 sinhala sub web-dl, pixelpoplk sinhala subtitles, DCU Supergirl movie sinhala sub",https://t.me/PixelPopLk_bot?start=e6ee1d93-ba80-41e2-a10d-cf82a81d433b,1
127,2026-07-28 16:58:59.501453+00,The Sopranos,https://frdgyadvbdpacwfoqybw.supabase.co/storage/v1/object/public/subtitles/The%20Sopranos%20S01e01%209451/The_Sopranos_S01E01_9451.zip?download,https://image.tmdb.org/t/p/original/rTc7ZXdroqjkKivFPvCPX0Ru7uw.jpg,"TV Series,Action,Crime,Drama","🔫 The Sopranos - සිංහල උපසිරැසි 🎬

The Sopranos is widely considered one of the greatest television series of all time. Dive into the complex life of Tony Soprano, a New Jersey mob boss balancing his ruthless mafia family with his actual family. Download high-quality 720p, 1080p, and 4K WEB-DL video files with Sinhala subtitles directly or via Telegram. Experience the masterpiece that changed modern television forever.

ලෝකයේ බිහිවුණු විශිෂ්ටතම රූපවාහිනී කතා මාලාවන්ගෙන් එකක් විදිහට හැඳින්වෙන The Sopranos තමයි මේ අරගෙන එන්නේ. New Jersey වල මාෆියා නායකයෙක් වෙන Tony Soprano ගේ ජීවිතය වටා තමයි මේ කතාව ගෙතිලා තියෙන්නේ. තමන්ගේ අපරාධ ජාලය මෙහෙයවන එකයි, පවුලේ ප්‍රශ්න විසඳන එකයි අතරේ ඔහු කොහොමද සමබරතාවය තියාගන්නේ කියන එක මේකෙන් ගොඩක් තාත්විකව පෙන්නනවා.

සාමාන්‍ය මාෆියා කතාවකට වඩා මේක ගොඩක් වෙනස් වෙන්නේ, Tony Soprano මුහුණ දෙන මානසික ආතතිය සහ ඒ නිසා ඔහු මනෝ වෛද්‍යවරයෙක් මුණගැහෙන්න යන සිදුවීම් නිසා. Action, Crime කතා වලට වගේම, ටිකක් ගැඹුරු කතා තේමාවන් වලට කැමති අයට කිසිම කම්මැලිකමක් නැතුව බලන්න පුළුවන් සුපිරිම කතා මාලාවක් තමයි මේක. HBO නාලිකාවෙන් විකාශය වුණු මේ කතාව, අදටත් රූපවාහිනී කලාවේ දැවැන්තම සන්ධිස්ථානයක් විදිහට සැලකෙනවා. 

🔰🔰🔰මෙම උපසිරැසි  bluray පිටපත් වලට පමනක් ගැලපේ.🔰🔰🔰🔰

📥 වීඩියෝ පිටපත් සහ උපසිරැසි ලබාගන්නා ආකාරය:

📄 Direct Download: කිසිදු බාධාවකින් තොරව සිංහල උපසිරැසි ගොනුව බාගත කරගත හැක.

✈️ Telegram Download: 720p, 1080p උසස් තත්ත්වයේ Bluray වීඩියෝ පිටපත් ටෙලිග්‍රෑම් චැනලය හරහා ලබාගත හැක.",9.2,1997,1,1,"The Sopranos Sinhala Subtitles, The Sopranos sinhala sub, The Sopranos sinhala subtitle download, The Sopranos tv series sinhala sub pixelpoplk, The Sopranos sinhala sub pixelpop.lk, pixelpoplk HBO series, ද සොප්‍රානොස් සිංහල උපසිරැසි, The Sopranos full series sinhala subtitles download, The Sopranos sinhala sub web-dl, pixelpoplk sinhala subtitles, The Sopranos කතා මාලාවේ සිංහල සබ්",https://t.me/Pixelpopnew_bot?start=sKu_8Y7f48E,161
128,2026-07-28 17:47:57.477299+00,Sons of Anarchy,https://frdgyadvbdpacwfoqybw.supabase.co/storage/v1/object/public/subtitles/Sons%20of%20Anarchy%20S07e01%202778/Sons_of_Anarchy_S07E01_2778.zip?download,https://image.tmdb.org/t/p/original/kiy8BHtIHAslh81rvFcZ4wbNGdY.jpg,"Action, Crime ,Drama, Tragedy","📥 Subtitles සහ Movies/TV Series පහසුවෙන්ම Download කරගන්නේ කෙසේද?

1. වෙබ් අඩවියෙන් Subtitles ලබාගැනීමට:

පියවර 01: මුලින්ම Dirrect Download Button එක ක්ලික් කරන්න.

පියවර 02: ඉන්පසු තත්පර 5ක් රැඳී සිට, නැවත Back වන්න (Navigate back).

පියවර 03: දැන් Start Download ක්ලික් කරන්න. එවිට Subtitle ෆයිල් එක Zip File එකක් ලෙස ඩවුන්ලෝඩ් වේවි.

භාවිතා කරන ආකාරය: එම Zip ෆයිල් එක Extract (Unzip) කර, ඔබගේ Video Player එකට Add කරගෙන උපසිරැසි සමඟින් රසවිඳින්න.

2. Telegram හරහා Direct ලබාගැනීමට:
මෙහි ඇති Telegram Download Button එක ක්ලික් කරන්න.

එවිට අපගේ Telegram Bot මඟින් අදාළ Subtitle ෆයිල් එක සහ ඒ හා සබැඳි Movie හෝ TV Series Episode එක සෘජුවම ඔබට ලබා දෙනු ඇත.

එතැනින් ඉතා පහසුවෙන් ඩවුන්ලෝඩ් කර නැරඹීමේ හැකියාව පවතී.

📌 අලුත්ම Updates ලබාගැනීමට:

චිත්‍රපට සහ ටෙලි කථා මාලාවල අලුත්ම Updates සහ Subtitles ක්ෂණිකව ලබාගැනීමට දැන්ම අපගේ Telegram Channel එකට සහ FB Page එකට Join වෙන්න! 🎬",8.5,2008,7,1,"<meta name=""keywords"" content=""Sons of Anarchy Season 7 Episode 1, Sons of Anarchy Sinhala Subtitles, Sons of Anarchy S07E01 Sinhala Sub, Sons of Anarchy 7x1 Sinhala Sub, SAMCRO, Jax Teller, TV Series Sinhala Sub, Sons of anarchy download, pixelpoplk""> <meta name=""description"" content=""Sons of Anarchy Season 7 Episode 1 Sinhala Subtitles. Download Sons of Anarchy S07E01 Sinhala Sub online from pixelpoplk."">",https://t.me/Pixelpopnew_bot?start=VPP38LjCqT8,5
129,2026-07-28 17:47:57.477299+00,Sons of Anarchy,https://frdgyadvbdpacwfoqybw.supabase.co/storage/v1/object/public/subtitles/Sons%20of%20Anarchy%20S07e02%206601/Sons_of_Anarchy_S07E02_6601.zip?download,https://image.tmdb.org/t/p/original/kiy8BHtIHAslh81rvFcZ4wbNGdY.jpg,"Action, Crime ,Drama, Tragedy","📥 Subtitles සහ Movies/TV Series පහසුවෙන්ම Download කරගන්නේ කෙසේද?

1. වෙබ් අඩවියෙන් Subtitles ලබාගැනීමට:

පියවර 01: මුලින්ම Dirrect Download Button එක ක්ලික් කරන්න.

පියවර 02: ඉන්පසු තත්පර 5ක් රැඳී සිට, නැවත Back වන්න (Navigate back).

පියවර 03: දැන් Start Download ක්ලික් කරන්න. එවිට Subtitle ෆයිල් එක Zip File එකක් ලෙස ඩවුන්ලෝඩ් වේවි.

භාවිතා කරන ආකාරය: එම Zip ෆයිල් එක Extract (Unzip) කර, ඔබගේ Video Player එකට Add කරගෙන උපසිරැසි සමඟින් රසවිඳින්න.

2. Telegram හරහා Direct ලබාගැනීමට:
මෙහි ඇති Telegram Download Button එක ක්ලික් කරන්න.

එවිට අපගේ Telegram Bot මඟින් අදාළ Subtitle ෆයිල් එක සහ ඒ හා සබැඳි Movie හෝ TV Series Episode එක සෘජුවම ඔබට ලබා දෙනු ඇත.

එතැනින් ඉතා පහසුවෙන් ඩවුන්ලෝඩ් කර නැරඹීමේ හැකියාව පවතී.

📌 අලුත්ම Updates ලබාගැනීමට:

චිත්‍රපට සහ ටෙලි කථා මාලාවල අලුත්ම Updates සහ Subtitles ක්ෂණිකව ලබාගැනීමට දැන්ම අපගේ Telegram Channel එකට සහ FB Page එකට Join වෙන්න! 🎬",8.5,2008,7,2,"<meta name=""keywords"" content=""Sons of Anarchy Season 7 Episode 2, Sons of Anarchy Sinhala Subtitles, Sons of Anarchy S07E02 Sinhala Sub, Sons of Anarchy 7x2 Sinhala Sub, SAMCRO, Jax Teller, TV Series Sinhala Sub, Sons of anarchy download, pixelpoplk""> <meta name=""description"" content=""Sons of Anarchy Season 7 Episode 2 Sinhala Subtitles. Download Sons of Anarchy S07E02 Sinhala Sub online from pixelpoplk."">",https://t.me/Pixelpopnew_bot?start=yPknsp-C0O4,4
130,2026-07-28 17:47:57.477299+00,Sons of Anarchy,https://frdgyadvbdpacwfoqybw.supabase.co/storage/v1/object/public/subtitles/Sons%20of%20Anarchy%20S07e03%205551/Sons_of_Anarchy_S07E03_5551.zip?download,https://image.tmdb.org/t/p/original/kiy8BHtIHAslh81rvFcZ4wbNGdY.jpg,"Action, Crime ,Drama, Tragedy","📥 Subtitles සහ Movies/TV Series පහසුවෙන්ම Download කරගන්නේ කෙසේද?

1. වෙබ් අඩවියෙන් Subtitles ලබාගැනීමට:

පියවර 01: මුලින්ම Dirrect Download Button එක ක්ලික් කරන්න.

පියවර 02: ඉන්පසු තත්පර 5ක් රැඳී සිට, නැවත Back වන්න (Navigate back).

පියවර 03: දැන් Start Download ක්ලික් කරන්න. එවිට Subtitle ෆයිල් එක Zip File එකක් ලෙස ඩවුන්ලෝඩ් වේවි.

භාවිතා කරන ආකාරය: එම Zip ෆයිල් එක Extract (Unzip) කර, ඔබගේ Video Player එකට Add කරගෙන උපසිරැසි සමඟින් රසවිඳින්න.

2. Telegram හරහා Direct ලබාගැනීමට:
මෙහි ඇති Telegram Download Button එක ක්ලික් කරන්න.

එවිට අපගේ Telegram Bot මඟින් අදාළ Subtitle ෆයිල් එක සහ ඒ හා සබැඳි Movie හෝ TV Series Episode එක සෘජුවම ඔබට ලබා දෙනු ඇත.

එතැනින් ඉතා පහසුවෙන් ඩවුන්ලෝඩ් කර නැරඹීමේ හැකියාව පවතී.

📌 අලුත්ම Updates ලබාගැනීමට:

චිත්‍රපට සහ ටෙලි කථා මාලාවල අලුත්ම Updates සහ Subtitles ක්ෂණිකව ලබාගැනීමට දැන්ම අපගේ Telegram Channel එකට සහ FB Page එකට Join වෙන්න! 🎬",8.5,2008,7,3,"<meta name=""keywords"" content=""Sons of Anarchy Season 7 Episode 3, Sons of Anarchy Sinhala Subtitles, Sons of Anarchy S07E03 Sinhala Sub, Sons of Anarchy 7x3 Sinhala Sub, SAMCRO, Jax Teller, TV Series Sinhala Sub, Sons of anarchy download, pixelpoplk""> <meta name=""description"" content=""Sons of Anarchy Season 7 Episode 3 Sinhala Subtitles. Download Sons of Anarchy S07E03 Sinhala Sub online from pixelpoplk."">",https://t.me/Pixelpopnew_bot?start=0o9LdxEFyP4,4
131,2026-07-28 20:01:07.145515+00,Demon Slayer - Infinity Castle 2025,https://frdgyadvbdpacwfoqybw.supabase.co/storage/v1/object/public/subtitles/Demon%20Slayer%20Infinity%20Castle%202025%20Bluray%20Sinhala%2045454/Demon_Slayer_Infinity_Castle_2025.BluRay_sinhala_45454.zip?download,https://image.tmdb.org/t/p/original/sUsVimPdA1l162FvdBIlmKBlWHx.jpg,"Action,Anime,Movie,Japanese","⚔️ Demon Slayer: Infinity Castle (2025) - සිංහල උපසිරැසි 🎬

Demon Slayer: Kimetsu no Yaiba - Infinity Castle (2025) brings the epic final battle to the screen. Join Tanjiro, the Hashira, and the Demon Slayer Corps as they enter Muzan's deadly labyrinth for the ultimate showdown. Download high-quality 720p, 1080p, and 4K WEB-DL video files with Sinhala subtitles directly or via Telegram. Experience the breathtaking animation and action of this highly anticipated anime masterpiece.

ලෝකයේම ආදරය දිනාගත්ත Demon Slayer ඇනිමේ කතා මාලාවේ අවසාන මහා සටන, ඒ කියන්නේ ""Infinity Castle Arc"" එක තමයි මේ විදිහට චිත්‍රපටයක් විදිහට 2025 අවුරුද්දේ එළියට එන්නේ. පසුගිය Hashira Training Arc එක අවසානයේදී Muzan Kibutsuji විසින් තමන්ගේ අපරාධ මූලස්ථානය වෙන Infinity Castle එක ඇතුළට හැමෝවම ඇදලා දාපු තැනින් තමයි මේ කතාව පටන් ගන්නේ.

කතාව ස්පොයිල් කරන්නේ නැතුව කිව්වොත්, තමන්ගේ උපරිම ශක්තිය පාවිච්චි කරලා Tanjiro ඇතුළු Hashira වරුන්ට සිද්ධ වෙනවා Muzan වගේම ඉතුරු වෙලා ඉන්න අති දරුණු Upper-Rank යක්ෂයින් (Akaza, Doma, Kokushibo) එක්ක ජීවිතයත් මරණයත් අතර සටනකට මුහුණ දෙන්න. ඇනිමේෂන් අතින් උපරිම තත්ත්වයේ තියෙන, ඇඟේ හිරිගඩු පිපෙන Action සීන් වලින් පිරිලා තියෙන මේ ෆිල්ම් එක Demon Slayer බලන හැමෝම අනිවාර්යයෙන්ම බලන්න ඕනේ සුපිරිම නිර්මාණයක්. 

📥 වීඩියෝ පිටපත් සහ උපසිරැසි ලබාගන්නා ආකාරය:

📄 Direct Download: කිසිදු බාධාවකින් තොරව සිංහල උපසිරැසි ගොනුව (SRT) සෘජුවම බාගත කරගත හැක.

✈️ Telegram Download: 720p, 1080p උසස් තත්ත්වයේ WEB-DL වීඩියෝ පිටපත් ටෙලිග්‍රෑම් චැනලය හරහා ලබාගත හැක.",8.4,2025,,,"Demon Slayer Infinity Castle 2025 Sinhala Subtitles, Demon Slayer 2025 sinhala sub, Kimetsu no Yaiba Infinity Castle sinhala subtitle download, Demon Slayer movie sinhala sub pixelpoplk, Demon Slayer sinhala sub pixelpop.lk, pixelpoplk anime movies, ඩිමන් ස්ලේයර් සිංහල උපසිරැසි, Demon Slayer 2025 full movie sinhala subtitles download, Demon Slayer Infinity Castle sinhala sub web-dl, pixelpoplk sinhala subtitles, Demon Slayer ඇනිමේ සිංහල සබ්,Japan, Japanese , Japan Anime",https://t.me/Pixelpopnew_bot?start=8MejAK2soLo,0
132,2026-07-29 15:47:39.376403+00,Sons of Anarchy,https://frdgyadvbdpacwfoqybw.supabase.co/storage/v1/object/public/subtitles/Sons%20of%20Anarchy%20S07e04%202108/Sons_of_Anarchy_S07E04_2108.zip?download,https://image.tmdb.org/t/p/original/tB22kwHHXGAHT52P4bgBtBAPBRS.jpg,"Action, Crime ,Drama, Tragedy","📥 Subtitles සහ Movies/TV Series පහසුවෙන්ම Download කරගන්නේ කෙසේද?

1. වෙබ් අඩවියෙන් Subtitles ලබාගැනීමට:

පියවර 01: මුලින්ම Dirrect Download Button එක ක්ලික් කරන්න.

පියවර 02: ඉන්පසු තත්පර 5ක් රැඳී සිට, නැවත Back වන්න (Navigate back).

පියවර 03: දැන් Start Download ක්ලික් කරන්න. එවිට Subtitle ෆයිල් එක Zip File එකක් ලෙස ඩවුන්ලෝඩ් වේවි.

භාවිතා කරන ආකාරය: එම Zip ෆයිල් එක Extract (Unzip) කර, ඔබගේ Video Player එකට Add කරගෙන උපසිරැසි සමඟින් රසවිඳින්න.

2. Telegram හරහා Direct ලබාගැනීමට:
මෙහි ඇති Telegram Download Button එක ක්ලික් කරන්න.

එවිට අපගේ Telegram Bot මඟින් අදාළ Subtitle ෆයිල් එක සහ ඒ හා සබැඳි Movie හෝ TV Series Episode එක සෘජුවම ඔබට ලබා දෙනු ඇත.

එතැනින් ඉතා පහසුවෙන් ඩවුන්ලෝඩ් කර නැරඹීමේ හැකියාව පවතී.

📌 අලුත්ම Updates ලබාගැනීමට:

චිත්‍රපට සහ ටෙලි කථා මාලාවල අලුත්ම Updates සහ Subtitles ක්ෂණිකව ලබාගැනීමට දැන්ම අපගේ Telegram Channel එකට සහ FB Page එකට Join වෙන්න! 🎬",8.5,2008,7,4,"<meta name=""keywords"" content=""Sons of Anarchy Season 7 Episode 4, Sons of Anarchy Sinhala Subtitles, Sons of Anarchy S07E04 Sinhala Sub, Sons of Anarchy 7x4 Sinhala Sub, SAMCRO, Jax Teller, TV Series Sinhala Sub, Sons of anarchy download, pixelpoplk""> <meta name=""description"" content=""Sons of Anarchy Season 7 Episode 4 Sinhala Subtitles. Download Sons of Anarchy S07E04 Sinhala Sub online from pixelpoplk."">",https://t.me/Pixelpopnew_bot?start=pPW4NKswXEo,4
133,2026-07-29 15:47:39.376403+00,Sons of Anarchy,https://frdgyadvbdpacwfoqybw.supabase.co/storage/v1/object/public/subtitles/Sons%20of%20Anarchy%20S07e05%204215/Sons_of_Anarchy_S07E05_4215.zip?download,https://image.tmdb.org/t/p/original/tB22kwHHXGAHT52P4bgBtBAPBRS.jpg,"Action, Crime ,Drama, Tragedy","📥 Subtitles සහ Movies/TV Series පහසුවෙන්ම Download කරගන්නේ කෙසේද?

1. වෙබ් අඩවියෙන් Subtitles ලබාගැනීමට:

පියවර 01: මුලින්ම Dirrect Download Button එක ක්ලික් කරන්න.

පියවර 02: ඉන්පසු තත්පර 5ක් රැඳී සිට, නැවත Back වන්න (Navigate back).

පියවර 03: දැන් Start Download ක්ලික් කරන්න. එවිට Subtitle ෆයිල් එක Zip File එකක් ලෙස ඩවුන්ලෝඩ් වේවි.

භාවිතා කරන ආකාරය: එම Zip ෆයිල් එක Extract (Unzip) කර, ඔබගේ Video Player එකට Add කරගෙන උපසිරැසි සමඟින් රසවිඳින්න.

2. Telegram හරහා Direct ලබාගැනීමට:
මෙහි ඇති Telegram Download Button එක ක්ලික් කරන්න.

එවිට අපගේ Telegram Bot මඟින් අදාළ Subtitle ෆයිල් එක සහ ඒ හා සබැඳි Movie හෝ TV Series Episode එක සෘජුවම ඔබට ලබා දෙනු ඇත.

එතැනින් ඉතා පහසුවෙන් ඩවුන්ලෝඩ් කර නැරඹීමේ හැකියාව පවතී.

📌 අලුත්ම Updates ලබාගැනීමට:

චිත්‍රපට සහ ටෙලි කථා මාලාවල අලුත්ම Updates සහ Subtitles ක්ෂණිකව ලබාගැනීමට දැන්ම අපගේ Telegram Channel එකට සහ FB Page එකට Join වෙන්න! 🎬",8.5,2008,7,5,"<meta name=""keywords"" content=""Sons of Anarchy Season 7 Episode 5, Sons of Anarchy Sinhala Subtitles, Sons of Anarchy S07E05 Sinhala Sub, Sons of Anarchy 7x5 Sinhala Sub, SAMCRO, Jax Teller, TV Series Sinhala Sub, Sons of anarchy download, pixelpoplk""> <meta name=""description"" content=""Sons of Anarchy Season 7 Episode 5 Sinhala Subtitles. Download Sons of Anarchy S07E05 Sinhala Sub online from pixelpoplk."">",https://t.me/Pixelpopnew_bot?start=o_kYmabVLvk,4
134,2026-07-29 15:47:39.376403+00,Sons of Anarchy,https://frdgyadvbdpacwfoqybw.supabase.co/storage/v1/object/public/subtitles/Sons%20of%20Anarchy%20S07e06%201715/Sons_of_Anarchy_S07E06_1715.zip?download,https://image.tmdb.org/t/p/original/tB22kwHHXGAHT52P4bgBtBAPBRS.jpg,"Action, Crime ,Drama, Tragedy","📥 Subtitles සහ Movies/TV Series පහසුවෙන්ම Download කරගන්නේ කෙසේද?

1. වෙබ් අඩවියෙන් Subtitles ලබාගැනීමට:

පියවර 01: මුලින්ම Dirrect Download Button එක ක්ලික් කරන්න.

පියවර 02: ඉන්පසු තත්පර 5ක් රැඳී සිට, නැවත Back වන්න (Navigate back).

පියවර 03: දැන් Start Download ක්ලික් කරන්න. එවිට Subtitle ෆයිල් එක Zip File එකක් ලෙස ඩවුන්ලෝඩ් වේවි.

භාවිතා කරන ආකාරය: එම Zip ෆයිල් එක Extract (Unzip) කර, ඔබගේ Video Player එකට Add කරගෙන උපසිරැසි සමඟින් රසවිඳින්න.

2. Telegram හරහා Direct ලබාගැනීමට:
මෙහි ඇති Telegram Download Button එක ක්ලික් කරන්න.

එවිට අපගේ Telegram Bot මඟින් අදාළ Subtitle ෆයිල් එක සහ ඒ හා සබැඳි Movie හෝ TV Series Episode එක සෘජුවම ඔබට ලබා දෙනු ඇත.

එතැනින් ඉතා පහසුවෙන් ඩවුන්ලෝඩ් කර නැරඹීමේ හැකියාව පවතී.

📌 අලුත්ම Updates ලබාගැනීමට:

චිත්‍රපට සහ ටෙලි කථා මාලාවල අලුත්ම Updates සහ Subtitles ක්ෂණිකව ලබාගැනීමට දැන්ම අපගේ Telegram Channel එකට සහ FB Page එකට Join වෙන්න! 🎬",8.5,2008,7,6,"<meta name=""keywords"" content=""Sons of Anarchy Season 7 Episode 6, Sons of Anarchy Sinhala Subtitles, Sons of Anarchy S07E06 Sinhala Sub, Sons of Anarchy 7x6 Sinhala Sub, SAMCRO, Jax Teller, TV Series Sinhala Sub, Sons of anarchy download, pixelpoplk""> <meta name=""description"" content=""Sons of Anarchy Season 7 Episode 6 Sinhala Subtitles. Download Sons of Anarchy S07E06 Sinhala Sub online from pixelpoplk."">",https://t.me/Pixelpopnew_bot?start=U2Uuw9kQCZs,4
135,2026-07-29 15:47:39.376403+00,Sons of Anarchy,https://frdgyadvbdpacwfoqybw.supabase.co/storage/v1/object/public/subtitles/Sons%20of%20Anarchy%20S07e07%206809/Sons_of_Anarchy_S07E07_6809.zip?download,https://image.tmdb.org/t/p/original/tB22kwHHXGAHT52P4bgBtBAPBRS.jpg,"Action, Crime ,Drama, Tragedy","📥 Subtitles සහ Movies/TV Series පහසුවෙන්ම Download කරගන්නේ කෙසේද?

1. වෙබ් අඩවියෙන් Subtitles ලබාගැනීමට:

පියවර 01: මුලින්ම Dirrect Download Button එක ක්ලික් කරන්න.

පියවර 02: ඉන්පසු තත්පර 5ක් රැඳී සිට, නැවත Back වන්න (Navigate back).

පියවර 03: දැන් Start Download ක්ලික් කරන්න. එවිට Subtitle ෆයිල් එක Zip File එකක් ලෙස ඩවුන්ලෝඩ් වේවි.

භාවිතා කරන ආකාරය: එම Zip ෆයිල් එක Extract (Unzip) කර, ඔබගේ Video Player එකට Add කරගෙන උපසිරැසි සමඟින් රසවිඳින්න.

2. Telegram හරහා Direct ලබාගැනීමට:
මෙහි ඇති Telegram Download Button එක ක්ලික් කරන්න.

එවිට අපගේ Telegram Bot මඟින් අදාළ Subtitle ෆයිල් එක සහ ඒ හා සබැඳි Movie හෝ TV Series Episode එක සෘජුවම ඔබට ලබා දෙනු ඇත.

එතැනින් ඉතා පහසුවෙන් ඩවුන්ලෝඩ් කර නැරඹීමේ හැකියාව පවතී.

📌 අලුත්ම Updates ලබාගැනීමට:

චිත්‍රපට සහ ටෙලි කථා මාලාවල අලුත්ම Updates සහ Subtitles ක්ෂණිකව ලබාගැනීමට දැන්ම අපගේ Telegram Channel එකට සහ FB Page එකට Join වෙන්න! 🎬",8.5,2008,7,7,"<meta name=""keywords"" content=""Sons of Anarchy Season 7 Episode 7, Sons of Anarchy Sinhala Subtitles, Sons of Anarchy S07E07 Sinhala Sub, Sons of Anarchy 7x7 Sinhala Sub, SAMCRO, Jax Teller, TV Series Sinhala Sub, Sons of anarchy download, pixelpoplk""> <meta name=""description"" content=""Sons of Anarchy Season 7 Episode 7 Sinhala Subtitles. Download Sons of Anarchy S07E07 Sinhala Sub online from pixelpoplk."">",https://t.me/Pixelpopnew_bot?start=Nk02jll07P0,4
136,2026-07-29 16:57:22.390038+00,The Sopranos,https://frdgyadvbdpacwfoqybw.supabase.co/storage/v1/object/public/subtitles/The%20Sopranos%20S01e02%202845/The_Sopranos_S01E02_2845.zip?download,https://image.tmdb.org/t/p/original/rTc7ZXdroqjkKivFPvCPX0Ru7uw.jpg,"TV Series,Action,Crime,Drama","🔫 The Sopranos - සිංහල උපසිරැසි 🎬

The Sopranos is widely considered one of the greatest television series of all time. Dive into the complex life of Tony Soprano, a New Jersey mob boss balancing his ruthless mafia family with his actual family. Download high-quality 720p, 1080p, and 4K WEB-DL video files with Sinhala subtitles directly or via Telegram. Experience the masterpiece that changed modern television forever.

ලෝකයේ බිහිවුණු විශිෂ්ටතම රූපවාහිනී කතා මාලාවන්ගෙන් එකක් විදිහට හැඳින්වෙන The Sopranos තමයි මේ අරගෙන එන්නේ. New Jersey වල මාෆියා නායකයෙක් වෙන Tony Soprano ගේ ජීවිතය වටා තමයි මේ කතාව ගෙතිලා තියෙන්නේ. තමන්ගේ අපරාධ ජාලය මෙහෙයවන එකයි, පවුලේ ප්‍රශ්න විසඳන එකයි අතරේ ඔහු කොහොමද සමබරතාවය තියාගන්නේ කියන එක මේකෙන් ගොඩක් තාත්විකව පෙන්නනවා.

සාමාන්‍ය මාෆියා කතාවකට වඩා මේක ගොඩක් වෙනස් වෙන්නේ, Tony Soprano මුහුණ දෙන මානසික ආතතිය සහ ඒ නිසා ඔහු මනෝ වෛද්‍යවරයෙක් මුණගැහෙන්න යන සිදුවීම් නිසා. Action, Crime කතා වලට වගේම, ටිකක් ගැඹුරු කතා තේමාවන් වලට කැමති අයට කිසිම කම්මැලිකමක් නැතුව බලන්න පුළුවන් සුපිරිම කතා මාලාවක් තමයි මේක. HBO නාලිකාවෙන් විකාශය වුණු මේ කතාව, අදටත් රූපවාහිනී කලාවේ දැවැන්තම සන්ධිස්ථානයක් විදිහට සැලකෙනවා. 

🔰🔰🔰මෙම උපසිරැසි  bluray පිටපත් වලට පමනක් ගැලපේ.🔰🔰🔰🔰

📥 වීඩියෝ පිටපත් සහ උපසිරැසි ලබාගන්නා ආකාරය:

📄 Direct Download: කිසිදු බාධාවකින් තොරව සිංහල උපසිරැසි ගොනුව බාගත කරගත හැක.

✈️ Telegram Download: 720p, 1080p උසස් තත්ත්වයේ Bluray වීඩියෝ පිටපත් ටෙලිග්‍රෑම් චැනලය හරහා ලබාගත හැක.",9.2,1997,1,2,"The Sopranos Sinhala Subtitles, The Sopranos sinhala sub, The Sopranos sinhala subtitle download, The Sopranos tv series sinhala sub pixelpoplk, The Sopranos sinhala sub pixelpop.lk, pixelpoplk HBO series, ද සොප්‍රානොස් සිංහල උපසිරැසි, The Sopranos full series sinhala subtitles download, The Sopranos sinhala sub web-dl, pixelpoplk sinhala subtitles, The Sopranos කතා මාලාවේ සිංහල සබ්",https://t.me/Pixelpopnew_bot?start=pfHsCOk5IrU,100
137,2026-07-30 09:44:00.617394+00,Sons of Anarchy,https://frdgyadvbdpacwfoqybw.supabase.co/storage/v1/object/public/subtitles/Sons%20of%20Anarchy%20S07e08%201620/Sons_of_Anarchy_S07E08_1620.zip?download,https://image.tmdb.org/t/p/original/tB22kwHHXGAHT52P4bgBtBAPBRS.jpg,"Action, Crime ,Drama, Tragedy","📥 Subtitles සහ Movies/TV Series පහසුවෙන්ම Download කරගන්නේ කෙසේද?

1. වෙබ් අඩවියෙන් Subtitles ලබාගැනීමට:

පියවර 01: මුලින්ම Dirrect Download Button එක ක්ලික් කරන්න.

පියවර 02: ඉන්පසු තත්පර 5ක් රැඳී සිට, නැවත Back වන්න (Navigate back).

පියවර 03: දැන් Start Download ක්ලික් කරන්න. එවිට Subtitle ෆයිල් එක Zip File එකක් ලෙස ඩවුන්ලෝඩ් වේවි.

භාවිතා කරන ආකාරය: එම Zip ෆයිල් එක Extract (Unzip) කර, ඔබගේ Video Player එකට Add කරගෙන උපසිරැසි සමඟින් රසවිඳින්න.

2. Telegram හරහා Direct ලබාගැනීමට:
මෙහි ඇති Telegram Download Button එක ක්ලික් කරන්න.

එවිට අපගේ Telegram Bot මඟින් අදාළ Subtitle ෆයිල් එක සහ ඒ හා සබැඳි Movie හෝ TV Series Episode එක සෘජුවම ඔබට ලබා දෙනු ඇත.

එතැනින් ඉතා පහසුවෙන් ඩවුන්ලෝඩ් කර නැරඹීමේ හැකියාව පවතී.

📌 අලුත්ම Updates ලබාගැනීමට:

චිත්‍රපට සහ ටෙලි කථා මාලාවල අලුත්ම Updates සහ Subtitles ක්ෂණිකව ලබාගැනීමට දැන්ම අපගේ Telegram Channel එකට සහ FB Page එකට Join වෙන්න! 🎬",8.5,2008,7,8,"<meta name=""keywords"" content=""Sons of Anarchy Season 7 Episode 8, Sons of Anarchy Sinhala Subtitles, Sons of Anarchy S07E08 Sinhala Sub, Sons of Anarchy 7x8 Sinhala Sub, SAMCRO, Jax Teller, TV Series Sinhala Sub, Sons of anarchy download, pixelpoplk""> <meta name=""description"" content=""Sons of Anarchy Season 7 Episode 8 Sinhala Subtitles. Download Sons of Anarchy S07E08 Sinhala Sub online from pixelpoplk."">",https://t.me/Pixelpopnew_bot?start=KufqRVs38r4,4
138,2026-07-30 09:44:00.617394+00,Sons of Anarchy,https://frdgyadvbdpacwfoqybw.supabase.co/storage/v1/object/public/subtitles/Sons%20of%20Anarchy%20S07e09%202852/Sons_of_Anarchy_S07E09_2852.zip?download,https://image.tmdb.org/t/p/original/tB22kwHHXGAHT52P4bgBtBAPBRS.jpg,"Action, Crime ,Drama, Tragedy","📥 Subtitles සහ Movies/TV Series පහසුවෙන්ම Download කරගන්නේ කෙසේද?

1. වෙබ් අඩවියෙන් Subtitles ලබාගැනීමට:

පියවර 01: මුලින්ම Dirrect Download Button එක ක්ලික් කරන්න.

පියවර 02: ඉන්පසු තත්පර 5ක් රැඳී සිට, නැවත Back වන්න (Navigate back).

පියවර 03: දැන් Start Download ක්ලික් කරන්න. එවිට Subtitle ෆයිල් එක Zip File එකක් ලෙස ඩවුන්ලෝඩ් වේවි.

භාවිතා කරන ආකාරය: එම Zip ෆයිල් එක Extract (Unzip) කර, ඔබගේ Video Player එකට Add කරගෙන උපසිරැසි සමඟින් රසවිඳින්න.

2. Telegram හරහා Direct ලබාගැනීමට:
මෙහි ඇති Telegram Download Button එක ක්ලික් කරන්න.

එවිට අපගේ Telegram Bot මඟින් අදාළ Subtitle ෆයිල් එක සහ ඒ හා සබැඳි Movie හෝ TV Series Episode එක සෘජුවම ඔබට ලබා දෙනු ඇත.

එතැනින් ඉතා පහසුවෙන් ඩවුන්ලෝඩ් කර නැරඹීමේ හැකියාව පවතී.

📌 අලුත්ම Updates ලබාගැනීමට:

චිත්‍රපට සහ ටෙලි කථා මාලාවල අලුත්ම Updates සහ Subtitles ක්ෂණිකව ලබාගැනීමට දැන්ම අපගේ Telegram Channel එකට සහ FB Page එකට Join වෙන්න! 🎬",8.5,2008,7,9,"<meta name=""keywords"" content=""Sons of Anarchy Season 7 Episode 9, Sons of Anarchy Sinhala Subtitles, Sons of Anarchy S07E09 Sinhala Sub, Sons of Anarchy 7x9 Sinhala Sub, SAMCRO, Jax Teller, TV Series Sinhala Sub, Sons of anarchy download, pixelpoplk""> <meta name=""description"" content=""Sons of Anarchy Season 7 Episode 9 Sinhala Subtitles. Download Sons of Anarchy S07E09 Sinhala Sub online from pixelpoplk."">",https://t.me/Pixelpopnew_bot?start=8exANhaRh9A,4
139,2026-07-30 09:44:00.617394+00,Sons of Anarchy,https://frdgyadvbdpacwfoqybw.supabase.co/storage/v1/object/public/subtitles/Sons%20of%20Anarchy%20S07e10%208615/Sons_of_Anarchy_S07E10_8615.zip?download,https://image.tmdb.org/t/p/original/tB22kwHHXGAHT52P4bgBtBAPBRS.jpg,"Action, Crime ,Drama, Tragedy","📥 Subtitles සහ Movies/TV Series පහසුවෙන්ම Download කරගන්නේ කෙසේද?

1. වෙබ් අඩවියෙන් Subtitles ලබාගැනීමට:

පියවර 01: මුලින්ම Dirrect Download Button එක ක්ලික් කරන්න.

පියවර 02: ඉන්පසු තත්පර 5ක් රැඳී සිට, නැවත Back වන්න (Navigate back).

පියවර 03: දැන් Start Download ක්ලික් කරන්න. එවිට Subtitle ෆයිල් එක Zip File එකක් ලෙස ඩවුන්ලෝඩ් වේවි.

භාවිතා කරන ආකාරය: එම Zip ෆයිල් එක Extract (Unzip) කර, ඔබගේ Video Player එකට Add කරගෙන උපසිරැසි සමඟින් රසවිඳින්න.

2. Telegram හරහා Direct ලබාගැනීමට:
මෙහි ඇති Telegram Download Button එක ක්ලික් කරන්න.

එවිට අපගේ Telegram Bot මඟින් අදාළ Subtitle ෆයිල් එක සහ ඒ හා සබැඳි Movie හෝ TV Series Episode එක සෘජුවම ඔබට ලබා දෙනු ඇත.

එතැනින් ඉතා පහසුවෙන් ඩවුන්ලෝඩ් කර නැරඹීමේ හැකියාව පවතී.

📌 අලුත්ම Updates ලබාගැනීමට:

චිත්‍රපට සහ ටෙලි කථා මාලාවල අලුත්ම Updates සහ Subtitles ක්ෂණිකව ලබාගැනීමට දැන්ම අපගේ Telegram Channel එකට සහ FB Page එකට Join වෙන්න! 🎬",8.5,2008,7,10,"<meta name=""keywords"" content=""Sons of Anarchy Season 7 Episode 10, Sons of Anarchy Sinhala Subtitles, Sons of Anarchy S07E10 Sinhala Sub, Sons of Anarchy 7x10 Sinhala Sub, SAMCRO, Jax Teller, TV Series Sinhala Sub, Sons of anarchy download, pixelpoplk""> <meta name=""description"" content=""Sons of Anarchy Season 7 Episode 10 Sinhala Subtitles. Download Sons of Anarchy S07E10 Sinhala Sub online from pixelpoplk."">",https://t.me/Pixelpopnew_bot?start=fnVLH336XKI,4
140,2026-07-30 09:44:00.617394+00,Sons of Anarchy,https://frdgyadvbdpacwfoqybw.supabase.co/storage/v1/object/public/subtitles/Sons%20of%20Anarchy%20S07e11%203040/Sons_of_Anarchy_S07E11_3040.zip?download,https://image.tmdb.org/t/p/original/kiy8BHtIHAslh81rvFcZ4wbNGdY.jpg,"Action, Crime ,Drama, Tragedy","📥 Subtitles සහ Movies/TV Series පහසුවෙන්ම Download කරගන්නේ කෙසේද?

1. වෙබ් අඩවියෙන් Subtitles ලබාගැනීමට:

පියවර 01: මුලින්ම Dirrect Download Button එක ක්ලික් කරන්න.

පියවර 02: ඉන්පසු තත්පර 5ක් රැඳී සිට, නැවත Back වන්න (Navigate back).

පියවර 03: දැන් Start Download ක්ලික් කරන්න. එවිට Subtitle ෆයිල් එක Zip File එකක් ලෙස ඩවුන්ලෝඩ් වේවි.

භාවිතා කරන ආකාරය: එම Zip ෆයිල් එක Extract (Unzip) කර, ඔබගේ Video Player එකට Add කරගෙන උපසිරැසි සමඟින් රසවිඳින්න.

2. Telegram හරහා Direct ලබාගැනීමට:
මෙහි ඇති Telegram Download Button එක ක්ලික් කරන්න.

එවිට අපගේ Telegram Bot මඟින් අදාළ Subtitle ෆයිල් එක සහ ඒ හා සබැඳි Movie හෝ TV Series Episode එක සෘජුවම ඔබට ලබා දෙනු ඇත.

එතැනින් ඉතා පහසුවෙන් ඩවුන්ලෝඩ් කර නැරඹීමේ හැකියාව පවතී.

📌 අලුත්ම Updates ලබාගැනීමට:

චිත්‍රපට සහ ටෙලි කථා මාලාවල අලුත්ම Updates සහ Subtitles ක්ෂණිකව ලබාගැනීමට දැන්ම අපගේ Telegram Channel එකට සහ FB Page එකට Join වෙන්න! 🎬",8.5,2008,7,11,"<meta name=""keywords"" content=""Sons of Anarchy Season 7 Episode 11, Sons of Anarchy Sinhala Subtitles, Sons of Anarchy S07E11 Sinhala Sub, Sons of Anarchy 7x11 Sinhala Sub, SAMCRO, Jax Teller, TV Series Sinhala Sub, Sons of anarchy download, pixelpoplk""> <meta name=""description"" content=""Sons of Anarchy Season 7 Episode 11 Sinhala Subtitles. Download Sons of Anarchy S07E11 Sinhala Sub online from pixelpoplk."">",https://t.me/Pixelpopnew_bot?start=MXMlD5vhRrE,4
141,2026-07-30 09:44:00.617394+00,Sons of Anarchy,https://frdgyadvbdpacwfoqybw.supabase.co/storage/v1/object/public/subtitles/Sons%20of%20Anarchy%20S07e12%206642/Sons_of_Anarchy_S07E12_6642.zip?download,https://image.tmdb.org/t/p/original/kiy8BHtIHAslh81rvFcZ4wbNGdY.jpg,"Action, Crime ,Drama, Tragedy","📥 Subtitles සහ Movies/TV Series පහසුවෙන්ම Download කරගන්නේ කෙසේද?

1. වෙබ් අඩවියෙන් Subtitles ලබාගැනීමට:

පියවර 01: මුලින්ම Dirrect Download Button එක ක්ලික් කරන්න.

පියවර 02: ඉන්පසු තත්පර 5ක් රැඳී සිට, නැවත Back වන්න (Navigate back).

පියවර 03: දැන් Start Download ක්ලික් කරන්න. එවිට Subtitle ෆයිල් එක Zip File එකක් ලෙස ඩවුන්ලෝඩ් වේවි.

භාවිතා කරන ආකාරය: එම Zip ෆයිල් එක Extract (Unzip) කර, ඔබගේ Video Player එකට Add කරගෙන උපසිරැසි සමඟින් රසවිඳින්න.

2. Telegram හරහා Direct ලබාගැනීමට:
මෙහි ඇති Telegram Download Button එක ක්ලික් කරන්න.

එවිට අපගේ Telegram Bot මඟින් අදාළ Subtitle ෆයිල් එක සහ ඒ හා සබැඳි Movie හෝ TV Series Episode එක සෘජුවම ඔබට ලබා දෙනු ඇත.

එතැනින් ඉතා පහසුවෙන් ඩවුන්ලෝඩ් කර නැරඹීමේ හැකියාව පවතී.

📌 අලුත්ම Updates ලබාගැනීමට:

චිත්‍රපට සහ ටෙලි කථා මාලාවල අලුත්ම Updates සහ Subtitles ක්ෂණිකව ලබාගැනීමට දැන්ම අපගේ Telegram Channel එකට සහ FB Page එකට Join වෙන්න! 🎬",8.5,2008,7,12,"<meta name=""keywords"" content=""Sons of Anarchy Season 7 Episode 12, Sons of Anarchy Sinhala Subtitles, Sons of Anarchy S07E12 Sinhala Sub, Sons of Anarchy 7x12 Sinhala Sub, SAMCRO, Jax Teller, TV Series Sinhala Sub, Sons of anarchy download, pixelpoplk""> <meta name=""description"" content=""Sons of Anarchy Season 7 Episode 12 Sinhala Subtitles. Download Sons of Anarchy S07E12 Sinhala Sub online from pixelpoplk."">",https://t.me/Pixelpopnew_bot?start=xSIqbLgHhOY,6
142,2026-07-30 09:44:00.617394+00,Sons of Anarchy,https://frdgyadvbdpacwfoqybw.supabase.co/storage/v1/object/public/subtitles/Sons%20of%20Anarchy%20S07e13%201168/Sons_of_Anarchy_S07E13_1168.zip?download,https://image.tmdb.org/t/p/original/kiy8BHtIHAslh81rvFcZ4wbNGdY.jpg,"Action, Crime ,Drama, Tragedy","📥 Subtitles සහ Movies/TV Series පහසුවෙන්ම Download කරගන්නේ කෙසේද?

1. වෙබ් අඩවියෙන් Subtitles ලබාගැනීමට:

පියවර 01: මුලින්ම Dirrect Download Button එක ක්ලික් කරන්න.

පියවර 02: ඉන්පසු තත්පර 5ක් රැඳී සිට, නැවත Back වන්න (Navigate back).

පියවර 03: දැන් Start Download ක්ලික් කරන්න. එවිට Subtitle ෆයිල් එක Zip File එකක් ලෙස ඩවුන්ලෝඩ් වේවි.

භාවිතා කරන ආකාරය: එම Zip ෆයිල් එක Extract (Unzip) කර, ඔබගේ Video Player එකට Add කරගෙන උපසිරැසි සමඟින් රසවිඳින්න.

2. Telegram හරහා Direct ලබාගැනීමට:
මෙහි ඇති Telegram Download Button එක ක්ලික් කරන්න.

එවිට අපගේ Telegram Bot මඟින් අදාළ Subtitle ෆයිල් එක සහ ඒ හා සබැඳි Movie හෝ TV Series Episode එක සෘජුවම ඔබට ලබා දෙනු ඇත.

එතැනින් ඉතා පහසුවෙන් ඩවුන්ලෝඩ් කර නැරඹීමේ හැකියාව පවතී.

📌 අලුත්ම Updates ලබාගැනීමට:

චිත්‍රපට සහ ටෙලි කථා මාලාවල අලුත්ම Updates සහ Subtitles ක්ෂණිකව ලබාගැනීමට දැන්ම අපගේ Telegram Channel එකට සහ FB Page එකට Join වෙන්න! 🎬",8.5,2008,7,13,"<meta name=""keywords"" content=""Sons of Anarchy Season 7 Episode 13, Sons of Anarchy Sinhala Subtitles, Sons of Anarchy S07E13 Sinhala Sub, Sons of Anarchy 7x13 Sinhala Sub, SAMCRO, Jax Teller, TV Series Sinhala Sub, Sons of anarchy download, pixelpoplk""> <meta name=""description"" content=""Sons of Anarchy Season 7 Episode 13 Sinhala Subtitles. Download Sons of Anarchy S07E13 Sinhala Sub online from pixelpoplk."">",https://t.me/Pixelpopnew_bot?start=DE7Gjhbj6g4,5
143,2026-07-30 10:11:12.178415+00,Spider-Man: Brand New Day (2026),https://vegamoviess.cc/56319-spiderman-brand-new-day-2026-english-audio-hdtc-720p-480p-1080p.html,https://image.tmdb.org/t/p/original/iPOn6DinuVyLY17YM9mKuPofV08.jpg,"Movie,Action",Spider Man brand New day Cam copy එකක්. කැමති අය බලන්න. අඩුම තරමේ Digital release උනාම බලන්න.,8.5,2026,,,"Spider man brand new day, spider, spider man, spiderman, Marval, spider man brandnew day download",https://vegamoviess.cc/56319-spiderman-brand-new-day-2026-english-audio-hdtc-720p-480p-1080p.html,37
144,2026-07-30 17:16:11.526432+00,The Sopranos,https://frdgyadvbdpacwfoqybw.supabase.co/storage/v1/object/public/subtitles/The%20Sopranos%20S01e03%20197956%20(/The_Sopranos_S01E03_197956%20(1).zip?download,https://image.tmdb.org/t/p/original/rTc7ZXdroqjkKivFPvCPX0Ru7uw.jpg,"TV Series,Action,Crime,Drama","🔫 The Sopranos  Season 1 Episode 03- සිංහල උපසිරැසි 🎬

The Sopranos is widely considered one of the greatest television series of all time. Dive into the complex life of Tony Soprano, a New Jersey mob boss balancing his ruthless mafia family with his actual family. Download high-quality 720p, 1080p Blu-Ray video files with Sinhala subtitles directly or via Telegram. Experience the masterpiece that changed modern television forever.

ලෝකයේ බිහිවුණු විශිෂ්ටතම රූපවාහිනී කතා මාලාවන්ගෙන් එකක් විදිහට හැඳින්වෙන The Sopranos තමයි මේ අරගෙන එන්නේ. New Jersey වල මාෆියා නායකයෙක් වෙන Tony Soprano ගේ ජීවිතය වටා තමයි මේ කතාව ගෙතිලා තියෙන්නේ. තමන්ගේ අපරාධ ජාලය මෙහෙයවන එකයි, පවුලේ ප්‍රශ්න විසඳන එකයි අතරේ ඔහු කොහොමද සමබරතාවය තියාගන්නේ කියන එක මේකෙන් ගොඩක් තාත්විකව පෙන්නනවා.

සාමාන්‍ය මාෆියා කතාවකට වඩා මේක ගොඩක් වෙනස් වෙන්නේ, Tony Soprano මුහුණ දෙන මානසික ආතතිය සහ ඒ නිසා ඔහු මනෝ වෛද්‍යවරයෙක් මුණගැහෙන්න යන සිදුවීම් නිසා. Action, Crime කතා වලට වගේම, ටිකක් ගැඹුරු කතා තේමාවන් වලට කැමති අයට කිසිම කම්මැලිකමක් නැතුව බලන්න පුළුවන් සුපිරිම කතා මාලාවක් තමයි මේක. HBO නාලිකාවෙන් විකාශය වුණු මේ කතාව, අදටත් රූපවාහිනී කලාවේ දැවැන්තම සන්ධිස්ථානයක් විදිහට සැලකෙනවා. 

🔰🔰🔰මෙම උපසිරැසි  bluray පිටපත් වලට පමනක් ගැලපේ.🔰🔰🔰🔰

📥 වීඩියෝ පිටපත් සහ උපසිරැසි ලබාගන්නා ආකාරය:

📄 Direct Download: කිසිදු බාධාවකින් තොරව සිංහල උපසිරැසි ගොනුව බාගත කරගත හැක.

✈️ Telegram Download: 720p, 1080p උසස් තත්ත්වයේ Bluray වීඩියෝ පිටපත් ටෙලිග්‍රෑම් චැනලය හරහා ලබාගත හැක.",9.2,1997,1,3,"The Sopranos Sinhala Subtitles, The Sopranos sinhala sub, The Sopranos sinhala subtitle download, The Sopranos tv series sinhala sub pixelpoplk, The Sopranos sinhala sub pixelpop.lk, pixelpoplk HBO series, ද සොප්‍රානොස් සිංහල උපසිරැසි, The Sopranos full series sinhala subtitles download, The Sopranos sinhala sub web-dl, pixelpoplk sinhala subtitles, The Sopranos කතා මාලාවේ සිංහල සබ්, sopranos season 1 episode 3, sopranos S01E03, Sopranos ep3",https://t.me/Pixelpopnew_bot?start=ipU2sVOrHe8,40
145,2026-07-31 09:09:26.160221+00,Batman: Caped Crusader,https://frdgyadvbdpacwfoqybw.supabase.co/storage/v1/object/public/subtitles/Batman%20Caped%20Crusader%20S01e01%20852284/Batman_Caped_Crusader_S01E01_852284.zip?download,https://image.tmdb.org/t/p/original/tJ7zq4VtvJqUyaRsLeNjpEFDXzk.jpg,"Animation, Action, Adventure, Crime, Drama, Mystery, Sci-Fi","🦇 Batman: Caped Crusader - සිංහල උපසිරැසි 🎬

Batman: Caped Crusader brings a dark, noir-inspired take on the Dark Knight's early days in Gotham City. Produced by Bruce Timm, Matt Reeves, and J.J. Abrams, this animated series is a must-watch for DC fans. Download high-quality 720p WEB-DL video files with Sinhala subtitles directly or via Telegram. Experience the ultimate psychological and action-packed detective story.

Batman: Caped Crusader කියන්නේ DC රසිකයින්ට ලැබුණු අලුත්ම සහ වෙනස්ම විදිහේ ඇනිමේටඩ් කතා මාලාවක්. සුප්‍රසිද්ධ Batman: The Animated Series එක හදපු Bruce Timm වගේම The Batman චිත්‍රපටය අධ්‍යක්ෂණය කරපු Matt Reeves ගේ සහ J.J. Abrams ගේ එකතුවෙන් තමයි මේක නිර්මාණය වෙලා තියෙන්නේ. ඒ නිසාම මේකට ලොකු ප්‍රේක්ෂක ආකර්ෂණයක් ලැබිලා තියෙනවා.

කතාව යන්නේ 1940 දශකයේ අඳුරු Gotham නගරයේ. ගොඩක් දියුණු තාක්ෂණයන් නැති, දූෂණය සහ අපරාධ වලින් පිරිච්ච නගරයක Bruce Wayne තමන්ගේ මුල්ම කාලයේ Batman විදිහට අපරාධකරුවන්ට විරුද්ධව සටන් කරන හැටි තමයි මේකෙන් පෙන්නන්නේ. මේ කතාවේ ඉන්න Batman ටිකක් රළුයි වගේම, අපි දන්න Catwoman, Harley Quinn, Two-Face සහ Penguin වගේ අනිත් චරිතත් මේ කතාවේදී සම්පූර්ණයෙන්ම අලුත් වගේම වෙනස්ම විදිහකට තමයි නිර්මාණය කරලා තියෙන්නේ.

DC කොමික් පොත් වල තිබුණු මුල්ම කාලයේ අඳුරු Noir ගතියට සහ රහස් පරීක්ෂක (Detective) කතා වලට කැමති අයට කිසිම කම්මැලිකමක් නැතුව බලන්න පුළුවන් සුපිරිම කතා මාලාවක් තමයි මේක.

📥 වීඩියෝ පිටපත් සහ උපසිරැසි ලබාගන්නා ආකාරය:
📄 Direct Download: කිසිදු බාධාවකින් තොරව සිංහල උපසිරැසි ගොනුව (SRT) සෘජුවම බාගත කරගත හැක.

✈️ Telegram Download: 720p උසස් තත්ත්වයේ WEB-DL වීඩියෝ පිටපත් Telegram චැනලය හරහා ලබාගත හැක.",7.2,2024,1,1,"<meta name=""keywords"" content=""Batman Caped Crusader Season 1 Episode 1 Sinhala Subtitles, Batman Caped Crusader S01E01 Sinhala Sub, Batman Caped Crusader 1x1 sub, Batman Caped Crusader sinhala sub, Batman Caped Crusader sinhala subtitle download, Batman Caped Crusader series sinhala sub pixelpoplk, Batman Caped Crusader sinhala sub pixelpop.lk, pixelpoplk DC series, බැට්මෑන් සිංහල උපසිරැසි, Batman Caped Crusader full series sinhala subtitles download, Batman Caped Crusader sinhala sub web-dl, pixelpoplk sinhala subtitles, Batman Caped Crusader ඇනිමේෂන් සිංහල සබ්""> <meta name=""description"" content=""Batman Caped Crusader Season 1 Episode 1 Sinhala Subtitles. Download Batman Caped Crusader S01E01 Sinhala Sub online from pixelpoplk."">",https://t.me/Pixelpopnew_bot?start=arsDrNcCmQE,4
146,2026-07-31 09:09:26.160221+00,Batman: Caped Crusader,https://frdgyadvbdpacwfoqybw.supabase.co/storage/v1/object/public/subtitles/Batman%20Caped%20Crusader%20S01e02%20658105/Batman_Caped_Crusader_S01E02_658105.zip?download,https://image.tmdb.org/t/p/original/tJ7zq4VtvJqUyaRsLeNjpEFDXzk.jpg,"Animation, Action, Adventure, Crime, Drama, Mystery, Sci-Fi","🦇 Batman: Caped Crusader - සිංහල උපසිරැසි 🎬

Batman: Caped Crusader brings a dark, noir-inspired take on the Dark Knight's early days in Gotham City. Produced by Bruce Timm, Matt Reeves, and J.J. Abrams, this animated series is a must-watch for DC fans. Download high-quality 720p WEB-DL video files with Sinhala subtitles directly or via Telegram. Experience the ultimate psychological and action-packed detective story.

Batman: Caped Crusader කියන්නේ DC රසිකයින්ට ලැබුණු අලුත්ම සහ වෙනස්ම විදිහේ ඇනිමේටඩ් කතා මාලාවක්. සුප්‍රසිද්ධ Batman: The Animated Series එක හදපු Bruce Timm වගේම The Batman චිත්‍රපටය අධ්‍යක්ෂණය කරපු Matt Reeves ගේ සහ J.J. Abrams ගේ එකතුවෙන් තමයි මේක නිර්මාණය වෙලා තියෙන්නේ. ඒ නිසාම මේකට ලොකු ප්‍රේක්ෂක ආකර්ෂණයක් ලැබිලා තියෙනවා.

කතාව යන්නේ 1940 දශකයේ අඳුරු Gotham නගරයේ. ගොඩක් දියුණු තාක්ෂණයන් නැති, දූෂණය සහ අපරාධ වලින් පිරිච්ච නගරයක Bruce Wayne තමන්ගේ මුල්ම කාලයේ Batman විදිහට අපරාධකරුවන්ට විරුද්ධව සටන් කරන හැටි තමයි මේකෙන් පෙන්නන්නේ. මේ කතාවේ ඉන්න Batman ටිකක් රළුයි වගේම, අපි දන්න Catwoman, Harley Quinn, Two-Face සහ Penguin වගේ අනිත් චරිතත් මේ කතාවේදී සම්පූර්ණයෙන්ම අලුත් වගේම වෙනස්ම විදිහකට තමයි නිර්මාණය කරලා තියෙන්නේ.

DC කොමික් පොත් වල තිබුණු මුල්ම කාලයේ අඳුරු Noir ගතියට සහ රහස් පරීක්ෂක (Detective) කතා වලට කැමති අයට කිසිම කම්මැලිකමක් නැතුව බලන්න පුළුවන් සුපිරිම කතා මාලාවක් තමයි මේක.

📥 වීඩියෝ පිටපත් සහ උපසිරැසි ලබාගන්නා ආකාරය:
📄 Direct Download: කිසිදු බාධාවකින් තොරව සිංහල උපසිරැසි ගොනුව (SRT) සෘජුවම බාගත කරගත හැක.

✈️ Telegram Download: 720p උසස් තත්ත්වයේ WEB-DL වීඩියෝ පිටපත් Telegram චැනලය හරහා ලබාගත හැක.",7.2,2024,1,2,"<meta name=""keywords"" content=""Batman Caped Crusader Season 1 Episode 2 Sinhala Subtitles, Batman Caped Crusader S01E02 Sinhala Sub, Batman Caped Crusader 1x2 sub, Batman Caped Crusader sinhala sub, Batman Caped Crusader sinhala subtitle download, Batman Caped Crusader series sinhala sub pixelpoplk, Batman Caped Crusader sinhala sub pixelpop.lk, pixelpoplk DC series, බැට්මෑන් සිංහල උපසිරැසි, Batman Caped Crusader full series sinhala subtitles download, Batman Caped Crusader sinhala sub web-dl, pixelpoplk sinhala subtitles, Batman Caped Crusader ඇනිමේෂන් සිංහල සබ්""> <meta name=""description"" content=""Batman Caped Crusader Season 1 Episode 2 Sinhala Subtitles. Download Batman Caped Crusader S01E02 Sinhala Sub online from pixelpoplk."">",https://t.me/Pixelpopnew_bot?start=TXkURLcyE_w,1
147,2026-07-31 09:09:26.160221+00,Batman: Caped Crusader,https://frdgyadvbdpacwfoqybw.supabase.co/storage/v1/object/public/subtitles/Batman%20Caped%20Crusader%20S01e03%20445345/Batman_Caped_Crusader_S01E03_445345.zip?download,https://image.tmdb.org/t/p/original/tJ7zq4VtvJqUyaRsLeNjpEFDXzk.jpg,"Animation, Action, Adventure, Crime, Drama, Mystery, Sci-Fi","🦇 Batman: Caped Crusader - සිංහල උපසිරැසි 🎬

Batman: Caped Crusader brings a dark, noir-inspired take on the Dark Knight's early days in Gotham City. Produced by Bruce Timm, Matt Reeves, and J.J. Abrams, this animated series is a must-watch for DC fans. Download high-quality 720p WEB-DL video files with Sinhala subtitles directly or via Telegram. Experience the ultimate psychological and action-packed detective story.

Batman: Caped Crusader කියන්නේ DC රසිකයින්ට ලැබුණු අලුත්ම සහ වෙනස්ම විදිහේ ඇනිමේටඩ් කතා මාලාවක්. සුප්‍රසිද්ධ Batman: The Animated Series එක හදපු Bruce Timm වගේම The Batman චිත්‍රපටය අධ්‍යක්ෂණය කරපු Matt Reeves ගේ සහ J.J. Abrams ගේ එකතුවෙන් තමයි මේක නිර්මාණය වෙලා තියෙන්නේ. ඒ නිසාම මේකට ලොකු ප්‍රේක්ෂක ආකර්ෂණයක් ලැබිලා තියෙනවා.

කතාව යන්නේ 1940 දශකයේ අඳුරු Gotham නගරයේ. ගොඩක් දියුණු තාක්ෂණයන් නැති, දූෂණය සහ අපරාධ වලින් පිරිච්ච නගරයක Bruce Wayne තමන්ගේ මුල්ම කාලයේ Batman විදිහට අපරාධකරුවන්ට විරුද්ධව සටන් කරන හැටි තමයි මේකෙන් පෙන්නන්නේ. මේ කතාවේ ඉන්න Batman ටිකක් රළුයි වගේම, අපි දන්න Catwoman, Harley Quinn, Two-Face සහ Penguin වගේ අනිත් චරිතත් මේ කතාවේදී සම්පූර්ණයෙන්ම අලුත් වගේම වෙනස්ම විදිහකට තමයි නිර්මාණය කරලා තියෙන්නේ.

DC කොමික් පොත් වල තිබුණු මුල්ම කාලයේ අඳුරු Noir ගතියට සහ රහස් පරීක්ෂක (Detective) කතා වලට කැමති අයට කිසිම කම්මැලිකමක් නැතුව බලන්න පුළුවන් සුපිරිම කතා මාලාවක් තමයි මේක.

📥 වීඩියෝ පිටපත් සහ උපසිරැසි ලබාගන්නා ආකාරය:
📄 Direct Download: කිසිදු බාධාවකින් තොරව සිංහල උපසිරැසි ගොනුව (SRT) සෘජුවම බාගත කරගත හැක.

✈️ Telegram Download: 720p උසස් තත්ත්වයේ WEB-DL වීඩියෝ පිටපත් Telegram චැනලය හරහා ලබාගත හැක.",7.2,2024,1,3,"<meta name=""keywords"" content=""Batman Caped Crusader Season 1 Episode 3 Sinhala Subtitles, Batman Caped Crusader S01E03 Sinhala Sub, Batman Caped Crusader 1x3 sub, Batman Caped Crusader sinhala sub, Batman Caped Crusader sinhala subtitle download, Batman Caped Crusader series sinhala sub pixelpoplk, Batman Caped Crusader sinhala sub pixelpop.lk, pixelpoplk DC series, බැට්මෑන් සිංහල උපසිරැසි, Batman Caped Crusader full series sinhala subtitles download, Batman Caped Crusader sinhala sub web-dl, pixelpoplk sinhala subtitles, Batman Caped Crusader ඇනිමේෂන් සිංහල සබ්""> <meta name=""description"" content=""Batman Caped Crusader Season 1 Episode 3 Sinhala Subtitles. Download Batman Caped Crusader S01E03 Sinhala Sub online from pixelpoplk."">",https://t.me/Pixelpopnew_bot?start=H3yIEBKeZLA,1
148,2026-07-31 09:09:26.160221+00,Batman: Caped Crusader,https://frdgyadvbdpacwfoqybw.supabase.co/storage/v1/object/public/subtitles/Batman%20Caped%20Crusader%20S01e04%20959128/Batman_Caped_Crusader_S01E04_959128.zip?download,https://image.tmdb.org/t/p/original/tJ7zq4VtvJqUyaRsLeNjpEFDXzk.jpg,"Animation, Action, Adventure, Crime, Drama, Mystery, Sci-Fi","🦇 Batman: Caped Crusader - සිංහල උපසිරැසි 🎬

Batman: Caped Crusader brings a dark, noir-inspired take on the Dark Knight's early days in Gotham City. Produced by Bruce Timm, Matt Reeves, and J.J. Abrams, this animated series is a must-watch for DC fans. Download high-quality 720p WEB-DL video files with Sinhala subtitles directly or via Telegram. Experience the ultimate psychological and action-packed detective story.

Batman: Caped Crusader කියන්නේ DC රසිකයින්ට ලැබුණු අලුත්ම සහ වෙනස්ම විදිහේ ඇනිමේටඩ් කතා මාලාවක්. සුප්‍රසිද්ධ Batman: The Animated Series එක හදපු Bruce Timm වගේම The Batman චිත්‍රපටය අධ්‍යක්ෂණය කරපු Matt Reeves ගේ සහ J.J. Abrams ගේ එකතුවෙන් තමයි මේක නිර්මාණය වෙලා තියෙන්නේ. ඒ නිසාම මේකට ලොකු ප්‍රේක්ෂක ආකර්ෂණයක් ලැබිලා තියෙනවා.

කතාව යන්නේ 1940 දශකයේ අඳුරු Gotham නගරයේ. ගොඩක් දියුණු තාක්ෂණයන් නැති, දූෂණය සහ අපරාධ වලින් පිරිච්ච නගරයක Bruce Wayne තමන්ගේ මුල්ම කාලයේ Batman විදිහට අපරාධකරුවන්ට විරුද්ධව සටන් කරන හැටි තමයි මේකෙන් පෙන්නන්නේ. මේ කතාවේ ඉන්න Batman ටිකක් රළුයි වගේම, අපි දන්න Catwoman, Harley Quinn, Two-Face සහ Penguin වගේ අනිත් චරිතත් මේ කතාවේදී සම්පූර්ණයෙන්ම අලුත් වගේම වෙනස්ම විදිහකට තමයි නිර්මාණය කරලා තියෙන්නේ.

DC කොමික් පොත් වල තිබුණු මුල්ම කාලයේ අඳුරු Noir ගතියට සහ රහස් පරීක්ෂක (Detective) කතා වලට කැමති අයට කිසිම කම්මැලිකමක් නැතුව බලන්න පුළුවන් සුපිරිම කතා මාලාවක් තමයි මේක.

📥 වීඩියෝ පිටපත් සහ උපසිරැසි ලබාගන්නා ආකාරය:
📄 Direct Download: කිසිදු බාධාවකින් තොරව සිංහල උපසිරැසි ගොනුව (SRT) සෘජුවම බාගත කරගත හැක.

✈️ Telegram Download: 720p උසස් තත්ත්වයේ WEB-DL වීඩියෝ පිටපත් Telegram චැනලය හරහා ලබාගත හැක.",7.2,2024,1,4,"<meta name=""keywords"" content=""Batman Caped Crusader Season 1 Episode 4 Sinhala Subtitles, Batman Caped Crusader S01E04 Sinhala Sub, Batman Caped Crusader 1x4 sub, Batman Caped Crusader sinhala sub, Batman Caped Crusader sinhala subtitle download, Batman Caped Crusader series sinhala sub pixelpoplk, Batman Caped Crusader sinhala sub pixelpop.lk, pixelpoplk DC series, බැට්මෑන් සිංහල උපසිරැසි, Batman Caped Crusader full series sinhala subtitles download, Batman Caped Crusader sinhala sub web-dl, pixelpoplk sinhala subtitles, Batman Caped Crusader ඇනිමේෂන් සිංහල සබ්""> <meta name=""description"" content=""Batman Caped Crusader Season 1 Episode 4 Sinhala Subtitles. Download Batman Caped Crusader S01E04 Sinhala Sub online from pixelpoplk."">",https://t.me/Pixelpopnew_bot?start=YmJCBCRy4TI,3
149,2026-07-31 09:09:26.160221+00,Batman: Caped Crusader,https://frdgyadvbdpacwfoqybw.supabase.co/storage/v1/object/public/subtitles/Batman%20Caped%20Crusader%20S01e05%20205699/Batman_Caped_Crusader_S01E05_205699.zip?download,https://image.tmdb.org/t/p/original/tJ7zq4VtvJqUyaRsLeNjpEFDXzk.jpg,"Animation, Action, Adventure, Crime, Drama, Mystery, Sci-Fi","🦇 Batman: Caped Crusader - සිංහල උපසිරැසි 🎬

Batman: Caped Crusader brings a dark, noir-inspired take on the Dark Knight's early days in Gotham City. Produced by Bruce Timm, Matt Reeves, and J.J. Abrams, this animated series is a must-watch for DC fans. Download high-quality 720p WEB-DL video files with Sinhala subtitles directly or via Telegram. Experience the ultimate psychological and action-packed detective story...

Batman: Caped Crusader කියන්නේ DC රසිකයින්ට ලැබුණු අලුත්ම සහ වෙනස්ම විදිහේ ඇනිමේටඩ් කතා මාලාවක්. සුප්‍රසිද්ධ Batman: The Animated Series එක හදපු Bruce Timm වගේම The Batman චිත්‍රපටය අධ්‍යක්ෂණය කරපු Matt Reeves ගේ සහ J.J. Abrams ගේ එකතුවෙන් තමයි මේක නිර්මාණය වෙලා තියෙන්නේ. ඒ නිසාම මේකට ලොකු ප්‍රේක්ෂක ආකර්ෂණයක් ලැබිලා තියෙනවා.

කතාව යන්නේ 1940 දශකයේ අඳුරු Gotham නගරයේ. ගොඩක් දියුණු තාක්ෂණයන් නැති, දූෂණය සහ අපරාධ වලින් පිරිච්ච නගරයක Bruce Wayne තමන්ගේ මුල්ම කාලයේ Batman විදිහට අපරාධකරුවන්ට විරුද්ධව සටන් කරන හැටි තමයි මේකෙන් පෙන්නන්නේ. මේ කතාවේ ඉන්න Batman ටිකක් රළුයි වගේම, අපි දන්න Catwoman, Harley Quinn, Two-Face සහ Penguin වගේ අනිත් චරිතත් මේ කතාවේදී සම්පූර්ණයෙන්ම අලුත් වගේම වෙනස්ම විදිහකට තමයි නිර්මාණය කරලා තියෙන්නේ.

DC කොමික් පොත් වල තිබුණු මුල්ම කාලයේ අඳුරු Noir ගතියට සහ රහස් පරීක්ෂක (Detective) කතා වලට කැමති අයට කිසිම කම්මැලිකමක් නැතුව බලන්න පුළුවන් සුපිරිම කතා මාලාවක් තමයි මේක.

📥 වීඩියෝ පිටපත් සහ උපසිරැසි ලබාගන්නා ආකාරය:
📄 Direct Download: කිසිදු බාධාවකින් තොරව සිංහල උපසිරැසි ගොනුව (SRT) සෘජුවම බාගත කරගත හැක.

✈️ Telegram Download: 720p උසස් තත්ත්වයේ WEB-DL වීඩියෝ පිටපත් Telegram චැනලය හරහා ලබාගත හැක",7.2,2024,1,5,"<meta name=""keywords"" content=""Batman Caped Crusader Season 1 Episode 5 Sinhala Subtitles, Batman Caped Crusader S01E05 Sinhala Sub, Batman Caped Crusader 1x5 sub, Batman Caped Crusader sinhala sub, Batman Caped Crusader sinhala subtitle download, Batman Caped Crusader series sinhala sub pixelpoplk, Batman Caped Crusader sinhala sub pixelpop.lk, pixelpoplk DC series, බැට්මෑන් සිංහල උපසිරැසි, Batman Caped Crusader full series sinhala subtitles download, Batman Caped Crusader sinhala sub web-dl, pixelpoplk sinhala subtitles, Batman Caped Crusader ඇනිමේෂන් සිංහල සබ්""> <meta name=""description"" content=""Batman Caped Crusader Season 1 Episode 5 Sinhala Subtitles. Download Batman Caped Crusader S01E05 Sinhala Sub online from pixelpoplk."">",https://t.me/Pixelpopnew_bot?start=Sp-sUyy5zc0,1
150,2026-07-31 15:59:35.827563+00,The Sopranos,https://frdgyadvbdpacwfoqybw.supabase.co/storage/v1/object/public/subtitles/The%20Sopranos%20S01e04%20907241/The_Sopranos_S01E04_907241.zip?download,https://image.tmdb.org/t/p/original/rTc7ZXdroqjkKivFPvCPX0Ru7uw.jpg,"TV Series,Action,Crime,Drama","🔫 The Sopranos  Season 1 Episode 04- සිංහල උපසිරැසි 🎬

The Sopranos is widely considered one of the greatest television series of all time. Dive into the complex life of Tony Soprano, a New Jersey mob boss balancing his ruthless mafia family with his actual family. Download high-quality 720p, 1080p Blu-Ray video files with Sinhala subtitles directly or via Telegram. Experience the masterpiece that changed modern television forever.

ලෝකයේ බිහිවුණු විශිෂ්ටතම රූපවාහිනී කතා මාලාවන්ගෙන් එකක් විදිහට හැඳින්වෙන The Sopranos තමයි මේ අරගෙන එන්නේ. New Jersey වල මාෆියා නායකයෙක් වෙන Tony Soprano ගේ ජීවිතය වටා තමයි මේ කතාව ගෙතිලා තියෙන්නේ. තමන්ගේ අපරාධ ජාලය මෙහෙයවන එකයි, පවුලේ ප්‍රශ්න විසඳන එකයි අතරේ ඔහු කොහොමද සමබරතාවය තියාගන්නේ කියන එක මේකෙන් ගොඩක් තාත්විකව පෙන්නනවා.

සාමාන්‍ය මාෆියා කතාවකට වඩා මේක ගොඩක් වෙනස් වෙන්නේ, Tony Soprano මුහුණ දෙන මානසික ආතතිය සහ ඒ නිසා ඔහු මනෝ වෛද්‍යවරයෙක් මුණගැහෙන්න යන සිදුවීම් නිසා. Action, Crime කතා වලට වගේම, ටිකක් ගැඹුරු කතා තේමාවන් වලට කැමති අයට කිසිම කම්මැලිකමක් නැතුව බලන්න පුළුවන් සුපිරිම කතා මාලාවක් තමයි මේක. HBO නාලිකාවෙන් විකාශය වුණු මේ කතාව, අදටත් රූපවාහිනී කලාවේ දැවැන්තම සන්ධිස්ථානයක් විදිහට සැලකෙනවා. 

🔰🔰🔰මෙම උපසිරැසි  bluray පිටපත් වලට පමනක් ගැලපේ.🔰🔰🔰🔰

📥 වීඩියෝ පිටපත් සහ උපසිරැසි ලබාගන්නා ආකාරය:

📄 Direct Download: කිසිදු බාධාවකින් තොරව සිංහල උපසිරැසි ගොනුව බාගත කරගත හැක.

✈️ Telegram Download: 720p, 1080p උසස් තත්ත්වයේ Bluray වීඩියෝ පිටපත් ටෙලිග්‍රෑම් චැනලය හරහා ලබාගත හැක.",9.2,1997,1,4,"The Sopranos Sinhala Subtitles, The Sopranos sinhala sub, The Sopranos sinhala subtitle download, The Sopranos tv series sinhala sub pixelpoplk, The Sopranos sinhala sub pixelpop.lk, pixelpoplk HBO series, ද සොප්‍රානොස් සිංහල උපසිරැසි, The Sopranos full series sinhala subtitles download, The Sopranos sinhala sub web-dl, pixelpoplk sinhala subtitles, The Sopranos කතා මාලාවේ සිංහල සබ්, sopranos season 1 episode 3, sopranos S01E04, Sopranos ep4",https://t.me/Pixelpopnew_bot?start=40gVwZLFfBE,42
151,2026-07-31 17:35:43.965012+00,The Sopranos,https://frdgyadvbdpacwfoqybw.supabase.co/storage/v1/object/public/subtitles/The%20Sopranos%20S01e05%20940875/The_Sopranos_S01E05_940875.zip?download,https://image.tmdb.org/t/p/original/rTc7ZXdroqjkKivFPvCPX0Ru7uw.jpg,"TV Series,Action,Crime,Drama","🔫 The Sopranos  Season 1 Episode 05- සිංහල උපසිරැසි 🎬

The Sopranos is widely considered one of the greatest television series of all time. Dive into the complex life of Tony Soprano, a New Jersey mob boss balancing his ruthless mafia family with his actual family. Download high-quality 720p, 1080p Blu-Ray video files with Sinhala subtitles directly or via Telegram. Experience the masterpiece that changed modern television forever.

ලෝකයේ බිහිවුණු විශිෂ්ටතම රූපවාහිනී කතා මාලාවන්ගෙන් එකක් විදිහට හැඳින්වෙන The Sopranos තමයි මේ අරගෙන එන්නේ. New Jersey වල මාෆියා නායකයෙක් වෙන Tony Soprano ගේ ජීවිතය වටා තමයි මේ කතාව ගෙතිලා තියෙන්නේ. තමන්ගේ අපරාධ ජාලය මෙහෙයවන එකයි, පවුලේ ප්‍රශ්න විසඳන එකයි අතරේ ඔහු කොහොමද සමබරතාවය තියාගන්නේ කියන එක මේකෙන් ගොඩක් තාත්විකව පෙන්නනවා.

සාමාන්‍ය මාෆියා කතාවකට වඩා මේක ගොඩක් වෙනස් වෙන්නේ, Tony Soprano මුහුණ දෙන මානසික ආතතිය සහ ඒ නිසා ඔහු මනෝ වෛද්‍යවරයෙක් මුණගැහෙන්න යන සිදුවීම් නිසා. Action, Crime කතා වලට වගේම, ටිකක් ගැඹුරු කතා තේමාවන් වලට කැමති අයට කිසිම කම්මැලිකමක් නැතුව බලන්න පුළුවන් සුපිරිම කතා මාලාවක් තමයි මේක. HBO නාලිකාවෙන් විකාශය වුණු මේ කතාව, අදටත් රූපවාහිනී කලාවේ දැවැන්තම සන්ධිස්ථානයක් විදිහට සැලකෙනවා. 

🔰🔰🔰මෙම උපසිරැසි  bluray පිටපත් වලට පමනක් ගැලපේ.🔰🔰🔰🔰

📥 වීඩියෝ පිටපත් සහ උපසිරැසි ලබාගන්නා ආකාරය:

📄 Direct Download: කිසිදු බාධාවකින් තොරව සිංහල උපසිරැසි ගොනුව බාගත කරගත හැක.

✈️ Telegram Download: 720p, 1080p උසස් තත්ත්වයේ Bluray වීඩියෝ පිටපත් ටෙලිග්‍රෑම් චැනලය හරහා ලබාගත හැක.",9.2,1997,1,5,"The Sopranos Sinhala Subtitles, The Sopranos sinhala sub, The Sopranos sinhala subtitle download, The Sopranos tv series sinhala sub pixelpoplk, The Sopranos sinhala sub pixelpop.lk, pixelpoplk HBO series, ද සොප්‍රානොස් සිංහල උපසිරැසි, The Sopranos full series sinhala subtitles download, The Sopranos sinhala sub web-dl, pixelpoplk sinhala subtitles, The Sopranos කතා මාලාවේ සිංහල සබ්, sopranos season 1 episode 3, sopranos S01E05, Sopranos ep5",https://t.me/Pixelpopnew_bot?start=bbazHfhb2S8,27
152,2026-08-01 18:42:43.72199+00,The Sopranos,https://frdgyadvbdpacwfoqybw.supabase.co/storage/v1/object/public/subtitles/The%20Sopranos%20S01e06%20865595/The_Sopranos_S01E06_865595.zip?download,https://image.tmdb.org/t/p/original/rTc7ZXdroqjkKivFPvCPX0Ru7uw.jpg,"TV Series,Action,Crime,Drama","🔫 The Sopranos  Season 1 Episode 06- සිංහල උපසිරැසි 🎬

The Sopranos is widely considered one of the greatest television series of all time. Dive into the complex life of Tony Soprano, a New Jersey mob boss balancing his ruthless mafia family with his actual family. Download high-quality 720p, 1080p Blu-Ray video files with Sinhala subtitles directly or via Telegram. Experience the masterpiece that changed modern television forever.

ලෝකයේ බිහිවුණු විශිෂ්ටතම රූපවාහිනී කතා මාලාවන්ගෙන් එකක් විදිහට හැඳින්වෙන The Sopranos තමයි මේ අරගෙන එන්නේ. New Jersey වල මාෆියා නායකයෙක් වෙන Tony Soprano ගේ ජීවිතය වටා තමයි මේ කතාව ගෙතිලා තියෙන්නේ. තමන්ගේ අපරාධ ජාලය මෙහෙයවන එකයි, පවුලේ ප්‍රශ්න විසඳන එකයි අතරේ ඔහු කොහොමද සමබරතාවය තියාගන්නේ කියන එක මේකෙන් ගොඩක් තාත්විකව පෙන්නනවා.

සාමාන්‍ය මාෆියා කතාවකට වඩා මේක ගොඩක් වෙනස් වෙන්නේ, Tony Soprano මුහුණ දෙන මානසික ආතතිය සහ ඒ නිසා ඔහු මනෝ වෛද්‍යවරයෙක් මුණගැහෙන්න යන සිදුවීම් නිසා. Action, Crime කතා වලට වගේම, ටිකක් ගැඹුරු කතා තේමාවන් වලට කැමති අයට කිසිම කම්මැලිකමක් නැතුව බලන්න පුළුවන් සුපිරිම කතා මාලාවක් තමයි මේක. HBO නාලිකාවෙන් විකාශය වුණු මේ කතාව, අදටත් රූපවාහිනී කලාවේ දැවැන්තම සන්ධිස්ථානයක් විදිහට සැලකෙනවා. 

🔰🔰🔰මෙම උපසිරැසි  bluray පිටපත් වලට පමනක් ගැලපේ.🔰🔰🔰🔰

📥 වීඩියෝ පිටපත් සහ උපසිරැසි ලබාගන්නා ආකාරය:

📄 Direct Download: කිසිදු බාධාවකින් තොරව සිංහල උපසිරැසි ගොනුව බාගත කරගත හැක.

✈️ Telegram Download: 720p, 1080p උසස් තත්ත්වයේ Bluray වීඩියෝ පිටපත් ටෙලිග්‍රෑම් චැනලය හරහා ලබාගත හැක.",9.2,1997,1,6,"<meta name=""keywords"" content=""The Sopranos Season 1 Episode 6 Sinhala Subtitles, The Sopranos S01E06 Sinhala Sub, The Sopranos 1x6 sub, The Sopranos Sinhala Subtitles, The Sopranos sinhala sub, The Sopranos sinhala subtitle download, The Sopranos tv series sinhala sub pixelpoplk, The Sopranos sinhala sub pixelpop.lk, pixelpoplk HBO series, ද සොප්‍රානොස් සිංහල උපසිරැසි, The Sopranos full series sinhala subtitles download, The Sopranos sinhala sub web-dl, pixelpoplk sinhala subtitles, The Sopranos කතා මාලාවේ සිංහල සබ්""> <meta name=""description"" content=""The Sopranos Season 1 Episode 6 Sinhala Subtitles. Download The Sopranos S01E06 Sinhala Sub online from pixelpoplk."">",https://t.me/Pixelpopnew_bot?start=zEXFqU9Fu9c,25
153,2026-08-01 18:42:43.72199+00,The Sopranos,https://frdgyadvbdpacwfoqybw.supabase.co/storage/v1/object/public/subtitles/The%20Sopranos%20S01e07%20285423/The_Sopranos_S01E07_285423.zip?download,https://image.tmdb.org/t/p/original/rTc7ZXdroqjkKivFPvCPX0Ru7uw.jpg,"TV Series,Action,Crime,Drama","🔫 The Sopranos  Season 1 Episode 07- සිංහල උපසිරැසි 🎬

The Sopranos is widely considered one of the greatest television series of all time. Dive into the complex life of Tony Soprano, a New Jersey mob boss balancing his ruthless mafia family with his actual family. Download high-quality 720p, 1080p Blu-Ray video files with Sinhala subtitles directly or via Telegram. Experience the masterpiece that changed modern television forever.

ලෝකයේ බිහිවුණු විශිෂ්ටතම රූපවාහිනී කතා මාලාවන්ගෙන් එකක් විදිහට හැඳින්වෙන The Sopranos තමයි මේ අරගෙන එන්නේ. New Jersey වල මාෆියා නායකයෙක් වෙන Tony Soprano ගේ ජීවිතය වටා තමයි මේ කතාව ගෙතිලා තියෙන්නේ. තමන්ගේ අපරාධ ජාලය මෙහෙයවන එකයි, පවුලේ ප්‍රශ්න විසඳන එකයි අතරේ ඔහු කොහොමද සමබරතාවය තියාගන්නේ කියන එක මේකෙන් ගොඩක් තාත්විකව පෙන්නනවා.

සාමාන්‍ය මාෆියා කතාවකට වඩා මේක ගොඩක් වෙනස් වෙන්නේ, Tony Soprano මුහුණ දෙන මානසික ආතතිය සහ ඒ නිසා ඔහු මනෝ වෛද්‍යවරයෙක් මුණගැහෙන්න යන සිදුවීම් නිසා. Action, Crime කතා වලට වගේම, ටිකක් ගැඹුරු කතා තේමාවන් වලට කැමති අයට කිසිම කම්මැලිකමක් නැතුව බලන්න පුළුවන් සුපිරිම කතා මාලාවක් තමයි මේක. HBO නාලිකාවෙන් විකාශය වුණු මේ කතාව, අදටත් රූපවාහිනී කලාවේ දැවැන්තම සන්ධිස්ථානයක් විදිහට සැලකෙනවා. 

🔰🔰🔰මෙම උපසිරැසි  bluray පිටපත් වලට පමනක් ගැලපේ.🔰🔰🔰🔰

📥 වීඩියෝ පිටපත් සහ උපසිරැසි ලබාගන්නා ආකාරය:

📄 Direct Download: කිසිදු බාධාවකින් තොරව සිංහල උපසිරැසි ගොනුව බාගත කරගත හැක.

✈️ Telegram Download: 720p, 1080p උසස් තත්ත්වයේ Bluray වීඩියෝ පිටපත් ටෙලිග්‍රෑම් චැනලය හරහා ලබාගත හැක.",9.2,1997,1,7,"<meta name=""keywords"" content=""The Sopranos Season 1 Episode 7 Sinhala Subtitles, The Sopranos S01E07 Sinhala Sub, The Sopranos 1x7 sub, The Sopranos Sinhala Subtitles, The Sopranos sinhala sub, The Sopranos sinhala subtitle download, The Sopranos tv series sinhala sub pixelpoplk, The Sopranos sinhala sub pixelpop.lk, pixelpoplk HBO series, ද සොප්‍රානොස් සිංහල උපසිරැසි, The Sopranos full series sinhala subtitles download, The Sopranos sinhala sub web-dl, pixelpoplk sinhala subtitles, The Sopranos කතා මාලාවේ සිංහල සබ්""> <meta name=""description"" content=""The Sopranos Season 1 Episode 7 Sinhala Subtitles. Download The Sopranos S01E07 Sinhala Sub online from pixelpoplk."">",https://t.me/Pixelpopnew_bot?start=9PpPcRwzxK4,22
154,2026-08-01 18:42:43.72199+00,The Sopranos,https://frdgyadvbdpacwfoqybw.supabase.co/storage/v1/object/public/subtitles/The%20Sopranos%20S01e08%20104983/The_Sopranos_S01E08_104983.zip?download,https://image.tmdb.org/t/p/original/rTc7ZXdroqjkKivFPvCPX0Ru7uw.jpg,"TV Series,Action,Crime,Drama","🔫 The Sopranos  Season 1 Episode 08- සිංහල උපසිරැසි 🎬

The Sopranos is widely considered one of the greatest television series of all time. Dive into the complex life of Tony Soprano, a New Jersey mob boss balancing his ruthless mafia family with his actual family. Download high-quality 720p, 1080p Blu-Ray video files with Sinhala subtitles directly or via Telegram. Experience the masterpiece that changed modern television forever.

ලෝකයේ බිහිවුණු විශිෂ්ටතම රූපවාහිනී කතා මාලාවන්ගෙන් එකක් විදිහට හැඳින්වෙන The Sopranos තමයි මේ අරගෙන එන්නේ. New Jersey වල මාෆියා නායකයෙක් වෙන Tony Soprano ගේ ජීවිතය වටා තමයි මේ කතාව ගෙතිලා තියෙන්නේ. තමන්ගේ අපරාධ ජාලය මෙහෙයවන එකයි, පවුලේ ප්‍රශ්න විසඳන එකයි අතරේ ඔහු කොහොමද සමබරතාවය තියාගන්නේ කියන එක මේකෙන් ගොඩක් තාත්විකව පෙන්නනවා.

සාමාන්‍ය මාෆියා කතාවකට වඩා මේක ගොඩක් වෙනස් වෙන්නේ, Tony Soprano මුහුණ දෙන මානසික ආතතිය සහ ඒ නිසා ඔහු මනෝ වෛද්‍යවරයෙක් මුණගැහෙන්න යන සිදුවීම් නිසා. Action, Crime කතා වලට වගේම, ටිකක් ගැඹුරු කතා තේමාවන් වලට කැමති අයට කිසිම කම්මැලිකමක් නැතුව බලන්න පුළුවන් සුපිරිම කතා මාලාවක් තමයි මේක. HBO නාලිකාවෙන් විකාශය වුණු මේ කතාව, අදටත් රූපවාහිනී කලාවේ දැවැන්තම සන්ධිස්ථානයක් විදිහට සැලකෙනවා. 

🔰🔰🔰මෙම උපසිරැසි  bluray පිටපත් වලට පමනක් ගැලපේ.🔰🔰🔰🔰

📥 වීඩියෝ පිටපත් සහ උපසිරැසි ලබාගන්නා ආකාරය:

📄 Direct Download: කිසිදු බාධාවකින් තොරව සිංහල උපසිරැසි ගොනුව බාගත කරගත හැක.

✈️ Telegram Download: 720p, 1080p උසස් තත්ත්වයේ Bluray වීඩියෝ පිටපත් ටෙලිග්‍රෑම් චැනලය හරහා ලබාගත හැක.",9.2,1997,1,8,"<meta name=""keywords"" content=""The Sopranos Season 1 Episode 8 Sinhala Subtitles, The Sopranos S01E08 Sinhala Sub, The Sopranos 1x8 sub, The Sopranos Sinhala Subtitles, The Sopranos sinhala sub, The Sopranos sinhala subtitle download, The Sopranos tv series sinhala sub pixelpoplk, The Sopranos sinhala sub pixelpop.lk, pixelpoplk HBO series, ද සොප්‍රානොස් සිංහල උපසිරැසි, The Sopranos full series sinhala subtitles download, The Sopranos sinhala sub web-dl, pixelpoplk sinhala subtitles, The Sopranos කතා මාලාවේ සිංහල සබ්""> <meta name=""description"" content=""The Sopranos Season 1 Episode 8 Sinhala Subtitles. Download The Sopranos S01E08 Sinhala Sub online from pixelpoplk."">",https://t.me/Pixelpopnew_bot?start=ri4xxuzwwIY,23
155,2026-08-02 10:40:16.846602+00,Soulm8te,https://frdgyadvbdpacwfoqybw.supabase.co/storage/v1/object/public/subtitles/Soulm8te/Soulm8te.2026.720p.WEB-DL.x265.10Bit-Pahe.sinhala@pixelpoplk.zip?download,https://image.tmdb.org/t/p/original/9ma5UG4RwHgzpZEhpbXTNQ51Tx9.jpg,"Movie,18+,Horror,Sci-fi","🤖 Soulm8te (2026) - සිංහල උපසිරැසි 🎬

Soulm8te (2026) expands the M3GAN universe with a thrilling new sci-fi horror experience. When a grieving man acquires an AI android to cope with his loss, his attempt to create a truly sentient partner turns a harmless lovebot into a deadly companion. Download high-quality 720p, 1080p, and 4K WEB-DL video files with Sinhala subtitles directly or via Telegram. Experience the terrifying new Blumhouse and Atomic Monster spin-off.

M3GAN චිත්‍රපටයේ විශ්වයට (M3GAN Universe) සම්බන්ධ අලුත්ම චිත්‍රපටය විදිහට තමයි Soulm8te (2026) එළියට එන්නේ. සුප්‍රසිද්ධ Blumhouse සහ Atomic Monster ආයතන වල එකතුවෙන් නිර්මාණය වුණු මේක Sci-fi Horror ගණයට අයිති වෙන වෙනස්ම විදිහේ කතාවක්.

කතාව ගැන කිව්වොත්, තමන්ගේ බිරිඳගේ මරණයෙන් පස්සේ මානසිකව වැටිලා ඉන්න කෙනෙක් තමන්ගේ පාළුව මකාගන්න AI (කෘත්‍රිම බුද්ධිය) තියෙන ඇන්ඩ්‍රොයිඩ් රොබෝ කෙනෙක්ව අරගෙන එනවා. එයාට ඕනේ කරන්නේ මේ රොබෝව නිකම්ම යන්ත්‍රයක් විදිහට නැතුව හැඟීම් දැනීම් තියෙන සහකාරියක් විදිහට වෙනස් කරන්න. හැබැයි මේ උත්සාහය නිසා අන්තිමට ඒ අහිංසක රොබෝ භයානක කෙනෙක් බවට පත් වෙනවා. තාක්ෂණයත් එක්ක මනුස්ස හැඟීම් පැටලුණාම වෙන භයානක ප්‍රතිඵල තමයි මේකෙන් බලාගන්න පුළුවන් වෙන්නේ.

M3GAN චිත්‍රපටයට කැමති වුණු අයට වගේම, විද්‍යා ප්‍රබන්ධ සහ ත්‍රාසජනක (Horror/Thriller) කතා වලට කැමති අයට මේක කිසිම කම්මැලිකමක් නැතුව බලන්න පුළුවන් සුපිරි චිත්‍රපටයක්.

📥 වීඩියෝ පිටපත් සහ උපසිරැසි ලබාගන්නා ආකාරය:

📄 Direct Download: කිසිදු බාධාවකින් තොරව සිංහල උපසිරැසි ගොනුව (SRT) සෘජුවම බාගත කරගත හැක.

✈️ Telegram Download: 720p, 1080p උසස් තත්ත්වයේ WEB-DL වීඩියෝ පිටපත් ටෙලිග්‍රෑම් චැනලය හරහා ලබාගත හැක.",,2026,,,"Soulm8te 2026 Sinhala Subtitles, Soulm8te sinhala sub, Soulm8te sinhala subtitle download, Soulm8te movie sinhala sub pixelpoplk, Soulm8te sinhala sub pixelpop.lk, pixelpoplk horror movies, සෝල්මේට් සිංහල උපසිරැසි, Soulm8te 2026 full movie sinhala subtitles download, Soulm8te sinhala sub web-dl, pixelpoplk sinhala subtitles, M3GAN spinoff sinhala sub",https://t.me/Pixelpopnew_bot?start=6wemrhldcjs,1
156,2026-08-02 11:53:59.619015+00,The Sopranos,https://frdgyadvbdpacwfoqybw.supabase.co/storage/v1/object/public/subtitles/The%20Sopranos%20S01e09%20944054/The_Sopranos_S01E09_944054.zip?download,https://image.tmdb.org/t/p/original/rTc7ZXdroqjkKivFPvCPX0Ru7uw.jpg,"TV Series,Action,Crime,Drama","🔫 The Sopranos  Season 1 Episode 09- සිංහල උපසිරැසි 🎬

The Sopranos is widely considered one of the greatest television series of all time. Dive into the complex life of Tony Soprano, a New Jersey mob boss balancing his ruthless mafia family with his actual family. Download high-quality 720p, 1080p Blu-Ray video files with Sinhala subtitles directly or via Telegram. Experience the masterpiece that changed modern television forever.

ලෝකයේ බිහිවුණු විශිෂ්ටතම රූපවාහිනී කතා මාලාවන්ගෙන් එකක් විදිහට හැඳින්වෙන The Sopranos තමයි මේ අරගෙන එන්නේ. New Jersey වල මාෆියා නායකයෙක් වෙන Tony Soprano ගේ ජීවිතය වටා තමයි මේ කතාව ගෙතිලා තියෙන්නේ. තමන්ගේ අපරාධ ජාලය මෙහෙයවන එකයි, පවුලේ ප්‍රශ්න විසඳන එකයි අතරේ ඔහු කොහොමද සමබරතාවය තියාගන්නේ කියන එක මේකෙන් ගොඩක් තාත්විකව පෙන්නනවා.

සාමාන්‍ය මාෆියා කතාවකට වඩා මේක ගොඩක් වෙනස් වෙන්නේ, Tony Soprano මුහුණ දෙන මානසික ආතතිය සහ ඒ නිසා ඔහු මනෝ වෛද්‍යවරයෙක් මුණගැහෙන්න යන සිදුවීම් නිසා. Action, Crime කතා වලට වගේම, ටිකක් ගැඹුරු කතා තේමාවන් වලට කැමති අයට කිසිම කම්මැලිකමක් නැතුව බලන්න පුළුවන් සුපිරිම කතා මාලාවක් තමයි මේක. HBO නාලිකාවෙන් විකාශය වුණු මේ කතාව, අදටත් රූපවාහිනී කලාවේ දැවැන්තම සන්ධිස්ථානයක් විදිහට සැලකෙනවා. 

🔰🔰🔰මෙම උපසිරැසි  bluray පිටපත් වලට පමනක් ගැලපේ.🔰🔰🔰🔰

📥 වීඩියෝ පිටපත් සහ උපසිරැසි ලබාගන්නා ආකාරය:

📄 Direct Download: කිසිදු බාධාවකින් තොරව සිංහල උපසිරැසි ගොනුව බාගත කරගත හැක.

✈️ Telegram Download: 720p, 1080p උසස් තත්ත්වයේ Bluray වීඩියෝ පිටපත් ටෙලිග්‍රෑම් චැනලය හරහා ලබාගත හැක.",9.2,1999,1,9,"<meta name=""keywords"" content=""The Sopranos Season 1 Episode 9 Sinhala Subtitles, The Sopranos S01E09 Sinhala Sub, The Sopranos 1x9 sub, The Sopranos Sinhala Subtitles, The Sopranos sinhala sub, The Sopranos sinhala subtitle download, The Sopranos tv series sinhala sub pixelpoplk, The Sopranos sinhala sub pixelpop.lk, pixelpoplk HBO series, ද සොප්‍රානොස් සිංහල උපසිරැසි, The Sopranos full series sinhala subtitles download, The Sopranos sinhala sub web-dl, pixelpoplk sinhala subtitles, The Sopranos කතා මාලාවේ සිංහල සබ්""> <meta name=""description"" content=""The Sopranos Season 1 Episode 9 Sinhala Subtitles. Download The Sopranos S01E09 Sinhala Sub online from pixelpoplk."">",https://t.me/Pixelpopnew_bot?start=bUAvt3hZby8,20
157,2026-08-02 11:53:59.619015+00,The Sopranos,https://frdgyadvbdpacwfoqybw.supabase.co/storage/v1/object/public/subtitles/The%20Sopranos%20S01e10%20720818/The_Sopranos_S01E10_720818.zip?download,https://image.tmdb.org/t/p/original/rTc7ZXdroqjkKivFPvCPX0Ru7uw.jpg,"TV Series,Action,Crime,Drama","🔫 The Sopranos  Season 1 Episode 10- සිංහල උපසිරැසි 🎬

The Sopranos is widely considered one of the greatest television series of all time. Dive into the complex life of Tony Soprano, a New Jersey mob boss balancing his ruthless mafia family with his actual family. Download high-quality 720p, 1080p Blu-Ray video files with Sinhala subtitles directly or via Telegram. Experience the masterpiece that changed modern television forever.

ලෝකයේ බිහිවුණු විශිෂ්ටතම රූපවාහිනී කතා මාලාවන්ගෙන් එකක් විදිහට හැඳින්වෙන The Sopranos තමයි මේ අරගෙන එන්නේ. New Jersey වල මාෆියා නායකයෙක් වෙන Tony Soprano ගේ ජීවිතය වටා තමයි මේ කතාව ගෙතිලා තියෙන්නේ. තමන්ගේ අපරාධ ජාලය මෙහෙයවන එකයි, පවුලේ ප්‍රශ්න විසඳන එකයි අතරේ ඔහු කොහොමද සමබරතාවය තියාගන්නේ කියන එක මේකෙන් ගොඩක් තාත්විකව පෙන්නනවා.

සාමාන්‍ය මාෆියා කතාවකට වඩා මේක ගොඩක් වෙනස් වෙන්නේ, Tony Soprano මුහුණ දෙන මානසික ආතතිය සහ ඒ නිසා ඔහු මනෝ වෛද්‍යවරයෙක් මුණගැහෙන්න යන සිදුවීම් නිසා. Action, Crime කතා වලට වගේම, ටිකක් ගැඹුරු කතා තේමාවන් වලට කැමති අයට කිසිම කම්මැලිකමක් නැතුව බලන්න පුළුවන් සුපිරිම කතා මාලාවක් තමයි මේක. HBO නාලිකාවෙන් විකාශය වුණු මේ කතාව, අදටත් රූපවාහිනී කලාවේ දැවැන්තම සන්ධිස්ථානයක් විදිහට සැලකෙනවා. 

🔰🔰🔰මෙම උපසිරැසි  bluray පිටපත් වලට පමනක් ගැලපේ.🔰🔰🔰🔰

📥 වීඩියෝ පිටපත් සහ උපසිරැසි ලබාගන්නා ආකාරය:

📄 Direct Download: කිසිදු බාධාවකින් තොරව සිංහල උපසිරැසි ගොනුව බාගත කරගත හැක.

✈️ Telegram Download: 720p, 1080p උසස් තත්ත්වයේ Bluray වීඩියෝ පිටපත් ටෙලිග්‍රෑම් චැනලය හරහා ලබාගත හැක.",9.2,1999,1,10,"<meta name=""keywords"" content=""The Sopranos Season 1 Episode 10 Sinhala Subtitles, The Sopranos S01E10 Sinhala Sub, The Sopranos 1x10 sub, The Sopranos Sinhala Subtitles, The Sopranos sinhala sub, The Sopranos sinhala subtitle download, The Sopranos tv series sinhala sub pixelpoplk, The Sopranos sinhala sub pixelpop.lk, pixelpoplk HBO series, ද සොප්‍රානොස් සිංහල උපසිරැසි, The Sopranos full series sinhala subtitles download, The Sopranos sinhala sub web-dl, pixelpoplk sinhala subtitles, The Sopranos කතා මාලාවේ සිංහල සබ්""> <meta name=""description"" content=""The Sopranos Season 1 Episode 10 Sinhala Subtitles. Download The Sopranos S01E10 Sinhala Sub online from pixelpoplk."">",https://t.me/Pixelpopnew_bot?start=KwibnYnLOpU,24
158,2026-08-02 11:53:59.619015+00,The Sopranos,https://frdgyadvbdpacwfoqybw.supabase.co/storage/v1/object/public/subtitles/The%20Sopranos%20S01e11%20794463/The_Sopranos_S01E11_794463.zip?download,https://image.tmdb.org/t/p/original/rTc7ZXdroqjkKivFPvCPX0Ru7uw.jpg,"TV Series,Action,Crime,Drama","🔫 The Sopranos  Season 1 Episode 11- සිංහල උපසිරැසි 🎬

The Sopranos is widely considered one of the greatest television series of all time. Dive into the complex life of Tony Soprano, a New Jersey mob boss balancing his ruthless mafia family with his actual family. Download high-quality 720p, 1080p Blu-Ray video files with Sinhala subtitles directly or via Telegram. Experience the masterpiece that changed modern television forever.

ලෝකයේ බිහිවුණු විශිෂ්ටතම රූපවාහිනී කතා මාලාවන්ගෙන් එකක් විදිහට හැඳින්වෙන The Sopranos තමයි මේ අරගෙන එන්නේ. New Jersey වල මාෆියා නායකයෙක් වෙන Tony Soprano ගේ ජීවිතය වටා තමයි මේ කතාව ගෙතිලා තියෙන්නේ. තමන්ගේ අපරාධ ජාලය මෙහෙයවන එකයි, පවුලේ ප්‍රශ්න විසඳන එකයි අතරේ ඔහු කොහොමද සමබරතාවය තියාගන්නේ කියන එක මේකෙන් ගොඩක් තාත්විකව පෙන්නනවා.

සාමාන්‍ය මාෆියා කතාවකට වඩා මේක ගොඩක් වෙනස් වෙන්නේ, Tony Soprano මුහුණ දෙන මානසික ආතතිය සහ ඒ නිසා ඔහු මනෝ වෛද්‍යවරයෙක් මුණගැහෙන්න යන සිදුවීම් නිසා. Action, Crime කතා වලට වගේම, ටිකක් ගැඹුරු කතා තේමාවන් වලට කැමති අයට කිසිම කම්මැලිකමක් නැතුව බලන්න පුළුවන් සුපිරිම කතා මාලාවක් තමයි මේක. HBO නාලිකාවෙන් විකාශය වුණු මේ කතාව, අදටත් රූපවාහිනී කලාවේ දැවැන්තම සන්ධිස්ථානයක් විදිහට සැලකෙනවා. 

🔰🔰🔰මෙම උපසිරැසි  bluray පිටපත් වලට පමනක් ගැලපේ.🔰🔰🔰🔰

📥 වීඩියෝ පිටපත් සහ උපසිරැසි ලබාගන්නා ආකාරය:

📄 Direct Download: කිසිදු බාධාවකින් තොරව සිංහල උපසිරැසි ගොනුව බාගත කරගත හැක.

✈️ Telegram Download: 720p, 1080p උසස් තත්ත්වයේ Bluray වීඩියෝ පිටපත් ටෙලිග්‍රෑම් චැනලය හරහා ලබාගත හැක.",9.2,1999,1,11,"<meta name=""keywords"" content=""The Sopranos Season 1 Episode 11 Sinhala Subtitles, The Sopranos S01E11 Sinhala Sub, The Sopranos 1x11 sub, The Sopranos Sinhala Subtitles, The Sopranos sinhala sub, The Sopranos sinhala subtitle download, The Sopranos tv series sinhala sub pixelpoplk, The Sopranos sinhala sub pixelpop.lk, pixelpoplk HBO series, ද සොප්‍රානොස් සිංහල උපසිරැසි, The Sopranos full series sinhala subtitles download, The Sopranos sinhala sub web-dl, pixelpoplk sinhala subtitles, The Sopranos කතා මාලාවේ සිංහල සබ්""> <meta name=""description"" content=""The Sopranos Season 1 Episode 11 Sinhala Subtitles. Download The Sopranos S01E11 Sinhala Sub online from pixelpoplk."">",https://t.me/Pixelpopnew_bot?start=LrwOtn8SNjw,20
159,2026-08-02 11:53:59.619015+00,The Sopranos,https://frdgyadvbdpacwfoqybw.supabase.co/storage/v1/object/public/subtitles/The%20Sopranos%20S01e12%20781430/The_Sopranos_S01E12_781430.zip?download,https://image.tmdb.org/t/p/original/rTc7ZXdroqjkKivFPvCPX0Ru7uw.jpg,"TV Series,Action,Crime,Drama","🔫 The Sopranos  Season 1 Episode 12- සිංහල උපසිරැසි 🎬

The Sopranos is widely considered one of the greatest television series of all time. Dive into the complex life of Tony Soprano, a New Jersey mob boss balancing his ruthless mafia family with his actual family. Download high-quality 720p, 1080p Blu-Ray video files with Sinhala subtitles directly or via Telegram. Experience the masterpiece that changed modern television forever.

ලෝකයේ බිහිවුණු විශිෂ්ටතම රූපවාහිනී කතා මාලාවන්ගෙන් එකක් විදිහට හැඳින්වෙන The Sopranos තමයි මේ අරගෙන එන්නේ. New Jersey වල මාෆියා නායකයෙක් වෙන Tony Soprano ගේ ජීවිතය වටා තමයි මේ කතාව ගෙතිලා තියෙන්නේ. තමන්ගේ අපරාධ ජාලය මෙහෙයවන එකයි, පවුලේ ප්‍රශ්න විසඳන එකයි අතරේ ඔහු කොහොමද සමබරතාවය තියාගන්නේ කියන එක මේකෙන් ගොඩක් තාත්විකව පෙන්නනවා.

සාමාන්‍ය මාෆියා කතාවකට වඩා මේක ගොඩක් වෙනස් වෙන්නේ, Tony Soprano මුහුණ දෙන මානසික ආතතිය සහ ඒ නිසා ඔහු මනෝ වෛද්‍යවරයෙක් මුණගැහෙන්න යන සිදුවීම් නිසා. Action, Crime කතා වලට වගේම, ටිකක් ගැඹුරු කතා තේමාවන් වලට කැමති අයට කිසිම කම්මැලිකමක් නැතුව බලන්න පුළුවන් සුපිරිම කතා මාලාවක් තමයි මේක. HBO නාලිකාවෙන් විකාශය වුණු මේ කතාව, අදටත් රූපවාහිනී කලාවේ දැවැන්තම සන්ධිස්ථානයක් විදිහට සැලකෙනවා. 

🔰🔰🔰මෙම උපසිරැසි  bluray පිටපත් වලට පමනක් ගැලපේ.🔰🔰🔰🔰

📥 වීඩියෝ පිටපත් සහ උපසිරැසි ලබාගන්නා ආකාරය:

📄 Direct Download: කිසිදු බාධාවකින් තොරව සිංහල උපසිරැසි ගොනුව බාගත කරගත හැක.

✈️ Telegram Download: 720p, 1080p උසස් තත්ත්වයේ Bluray වීඩියෝ පිටපත් ටෙලිග්‍රෑම් චැනලය හරහා ලබාගත හැක.",9.2,1999,1,12,"<meta name=""keywords"" content=""The Sopranos Season 1 Episode 12 Sinhala Subtitles, The Sopranos S01E12 Sinhala Sub, The Sopranos 1x12 sub, The Sopranos Sinhala Subtitles, The Sopranos sinhala sub, The Sopranos sinhala subtitle download, The Sopranos tv series sinhala sub pixelpoplk, The Sopranos sinhala sub pixelpop.lk, pixelpoplk HBO series, ද සොප්‍රානොස් සිංහල උපසිරැසි, The Sopranos full series sinhala subtitles download, The Sopranos sinhala sub web-dl, pixelpoplk sinhala subtitles, The Sopranos කතා මාලාවේ සිංහල සබ්""> <meta name=""description"" content=""The Sopranos Season 1 Episode 12 Sinhala Subtitles. Download The Sopranos S01E12 Sinhala Sub online from pixelpoplk."">",https://t.me/Pixelpopnew_bot?start=wkzJifBN85E,21
160,2026-08-02 11:53:59.619015+00,The Sopranos,https://frdgyadvbdpacwfoqybw.supabase.co/storage/v1/object/public/subtitles/The%20Sopranos%20S01e13%20740206/The_Sopranos_S01E13_740206.zip?download,https://image.tmdb.org/t/p/original/rTc7ZXdroqjkKivFPvCPX0Ru7uw.jpg,"TV Series,Action,Crime,Drama","🔫 The Sopranos  Season 1 Episode 13- සිංහල උපසිරැසි 🎬

The Sopranos is widely considered one of the greatest television series of all time. Dive into the complex life of Tony Soprano, a New Jersey mob boss balancing his ruthless mafia family with his actual family. Download high-quality 720p, 1080p Blu-Ray video files with Sinhala subtitles directly or via Telegram. Experience the masterpiece that changed modern television forever.

ලෝකයේ බිහිවුණු විශිෂ්ටතම රූපවාහිනී කතා මාලාවන්ගෙන් එකක් විදිහට හැඳින්වෙන The Sopranos තමයි මේ අරගෙන එන්නේ. New Jersey වල මාෆියා නායකයෙක් වෙන Tony Soprano ගේ ජීවිතය වටා තමයි මේ කතාව ගෙතිලා තියෙන්නේ. තමන්ගේ අපරාධ ජාලය මෙහෙයවන එකයි, පවුලේ ප්‍රශ්න විසඳන එකයි අතරේ ඔහු කොහොමද සමබරතාවය තියාගන්නේ කියන එක මේකෙන් ගොඩක් තාත්විකව පෙන්නනවා.

සාමාන්‍ය මාෆියා කතාවකට වඩා මේක ගොඩක් වෙනස් වෙන්නේ, Tony Soprano මුහුණ දෙන මානසික ආතතිය සහ ඒ නිසා ඔහු මනෝ වෛද්‍යවරයෙක් මුණගැහෙන්න යන සිදුවීම් නිසා. Action, Crime කතා වලට වගේම, ටිකක් ගැඹුරු කතා තේමාවන් වලට කැමති අයට කිසිම කම්මැලිකමක් නැතුව බලන්න පුළුවන් සුපිරිම කතා මාලාවක් තමයි මේක. HBO නාලිකාවෙන් විකාශය වුණු මේ කතාව, අදටත් රූපවාහිනී කලාවේ දැවැන්තම සන්ධිස්ථානයක් විදිහට සැලකෙනවා. 

🔰🔰🔰මෙම උපසිරැසි  bluray පිටපත් වලට පමනක් ගැලපේ.🔰🔰🔰🔰

📥 වීඩියෝ පිටපත් සහ උපසිරැසි ලබාගන්නා ආකාරය:

📄 Direct Download: කිසිදු බාධාවකින් තොරව සිංහල උපසිරැසි ගොනුව බාගත කරගත හැක.

✈️ Telegram Download: 720p, 1080p උසස් තත්ත්වයේ Bluray වීඩියෝ පිටපත් ටෙලිග්‍රෑම් චැනලය හරහා ලබාගත හැක.",9.2,1999,1,13,"<meta name=""keywords"" content=""The Sopranos Season 1 Episode 13 Sinhala Subtitles, The Sopranos S01E13 Sinhala Sub, The Sopranos 1x13 sub, The Sopranos Sinhala Subtitles, The Sopranos sinhala sub, The Sopranos sinhala subtitle download, The Sopranos tv series sinhala sub pixelpoplk, The Sopranos sinhala sub pixelpop.lk, pixelpoplk HBO series, ද සොප්‍රානොස් සිංහල උපසිරැසි, The Sopranos full series sinhala subtitles download, The Sopranos sinhala sub web-dl, pixelpoplk sinhala subtitles, The Sopranos කතා මාලාවේ සිංහල සබ්""> <meta name=""description"" content=""The Sopranos Season 1 Episode 13 Sinhala Subtitles. Download The Sopranos S01E13 Sinhala Sub online from pixelpoplk."">",https://t.me/Pixelpopnew_bot?start=nVMnxz2cFpA,23
161,2026-08-03 02:22:22.473636+00,House of The Dragon,https://frdgyadvbdpacwfoqybw.supabase.co/storage/v1/object/public/subtitles/House%20of%20the%20Dragon%20S03e07%20234347/House_of_the_Dragon_S03E07_234347.zip?download,https://image.tmdb.org/t/p/original/7V0Ebks0GgpKvQ7QbLAIdX5dos4.jpg,"Drama,Fantasy,Action","House of the Dragon (Season 03 - Episode 07) - සිංහල උපසිරැසි💚

The House of the Dragon Season 3 Episode 07 Breakdown by New Rockstars is now available with Sinhala subtitles. Dive deep into every hidden detail, Easter egg, and lore reference you missed in the latest episode, including Sir Criston Cole's shocking fate, the five mysterious dragon eggs at Harrenhal, and Corlys Velaryon's unexpected capture. Download high-quality 720p, 1080p, WEB-DL video files with Sinhala subtitles directly or via Telegram. Enhance your Westeros experience with this ultimate episode.

වීඩියෝ පිටපත් සහ උපසිරැසි ලබාගන්නා ආකාරය:

✅Direct Download: කිසිදු බාධාවකින් තොරව සිංහල උපසිරැසි ගොනුව (SRT) සෘජුවම බාගත කරගත හැක.

✅Telegram Download: 720p, 1080p සහ 4K උසස් තත්ත්වයේ WEB-DL වීඩියෝ පිටපත් ටෙලිග්‍රෑම් චැනලය හරහා ලබාගත හැක.",8.5,2026,3,7,"House of the Dragon Season 3 Episode 6 Sinhala Subtitles, House of the Dragon S03E07 sinhala sub, HOTD S03E06 sinhala subtitle download, House of the Dragon season 3 sinhala sub pixelpoplk, House of the dragon sinhala sub pixelpop.lk, pixelpoplk HOTD season 3, හවුස් ඔෆ් ද ඩ්‍රැගන් සිංහල උපසිරැසි, HOTD S03E07 full episode sinhala subtitles download, House of the Dragon S03E07 sinhala sub web-dl, pixelpoplk sinhala subtitles, House of the Dragon කතා මාලාවේ සිංහල සබ්,Japan,usa,,sri lanka",https://t.me/Pixelpopnew_bot?start=dACUTV89r3E,29
162,2026-08-03 09:03:10.202106+00,The Walking Dead: Dead City,https://frdgyadvbdpacwfoqybw.supabase.co/storage/v1/object/public/subtitles/The%20Walking%20Dead%20Dead%20City%20S03e02%20880775/The_Walking_Dead_Dead_City_S03E02_880775.zip?download,https://image.tmdb.org/t/p/original/seYokxOjFyTVX13XgD2FNjWIry8.jpg,"Survival,Horror,Zombie,Drama,Tv Series","The Walking Dead: Dead City (Season 03 - Episode 02) - සිංහල උපසිරැසි💚

වීඩියෝ පිටපත් සහ උපසිරැසි ලබාගන්නා ආකාරය:

✅Direct Download: කිසිදු බාධාවකින් තොරව සිංහල උපසිරැසි ගොනුව (SRT) සෘජුවම බාගත කරගත හැක.

✅Telegram Download: 720p, 1080p සහ 4K උසස් තත්ත්වයේ WEB-DL වීඩියෝ පිටපත් ටෙලිග්‍රෑම් චැනලය හරහා ලබාගත හැක.",7,2023,3,2,"Walking dead dead city sinhala sub, dead city sinhala sub, The walking dead",https://t.me/Pixelpopnew_bot?start=SoEC2DCU-fU,0
163,2026-08-04 08:00:52.849475+00,Evil Dead Burn (2026),https://frdgyadvbdpacwfoqybw.supabase.co/storage/v1/object/public/subtitles/Evil%20Dead%20Burn/Evil.Dead.Burn.2026.WEBRip_sinhala.srt.zip?download,https://image.tmdb.org/t/p/original/syGSQh7bqPHCFRhwHewHdR5EqjD.jpg,"Horror, Thriller, Supernatural, Splatter","🩸 Evil Dead Burn (2026) - සිංහල උපසිරැසි 🎬

Evil Dead Burn (2026) brings the next terrifying chapter of Sam Raimi's iconic horror franchise to the screen. After a tragic loss, a woman seeks solace with her in-laws, only to find themselves trapped in a family reunion from hell as demonic Deadites are unleashed. Download high-quality 720p and 1080p WEB-DL video files with Sinhala subtitles directly or via Telegram. Experience the ultimate blood-soaked nightmare with this highly anticipated Evil Dead Rise sequel.

ලෝකයේම ප්‍රසිද්ධ, ඇඟේ හිරිගඩු පිපෙන Horror ෆ්‍රැන්චයිස් එකක් වෙන Evil Dead කතා මාලාවේ අලුත්ම චිත්‍රපටය තමයි Evil Dead Burn (2026) කියන්නේ. 2023 අවුරුද්දේ ආපු Evil Dead Rise චිත්‍රපටයේ දැවැන්ත සාර්ථකත්වයෙන් පස්සේ, ඒ විශ්වයටම සම්බන්ධ වෙනස්ම කතාවක් විදිහට තමයි මේක එළියට එන්නේ. Sébastien Vaniček විසින් අධ්‍යක්ෂණය කරපු මේ චිත්‍රපටය, කලින් චිත්‍රපට වල තිබුණු ඒ භයානක ගතිය තවත් වැඩි කරලා තියෙනවා.

කතාව ගැන කිසිම දෙයක් ස්පොයිල් කරන්නේ නැතුව කිව්වොත්, තමන්ගේ සැමියාගේ හදිසි මරණයෙන් පස්සේ මානසිකව වැටිලා ඉන්න Alice කියන කාන්තාව ඇගේ සැමියාගේ පවුලේ අයත් එක්ක දුර පළාතක තියෙන ගෙදරකට එකතු වෙනවා. හැබැයි මේ පවුලේ අයගේ එකතුවීම කෙළවර වෙන්නේ කාටවත් හිතාගන්න බැරි තරම් භයානක විදිහකට. එකින් එකාට අර අපි දන්න භයානක ""Deadites"" ලා (යක්ෂ ආත්ම) වැහෙන්න ගන්නකොට, මේ ගෙදර ඇතුළේ ජීවිතය බේරගන්න කරන ලොකු සටනක් තමයි මේකෙන් බලාගන්න පුළුවන් වෙන්නේ. 

අතිශය භයානක දර්ශන (Gore) වලින් පිරිච්ච මේ චිත්‍රපටය, නියම Horror රසිකයින්ට කිසිම කම්මැලිකමක් නැතුව බලන්න පුළුවන් අනිවාර්යයෙන්ම මඟහැරගන්න නරක Film එකක්. 👈

📥 වීඩියෝ පිටපත් සහ උපසිරැසි ලබාගන්නා ආකාරය:

📄 Direct Download: කිසිදු බාධාවකින් තොරව සිංහල උපසිරැසි ගොනුව (SRT) සෘජුවම බාගත කරගත හැක.

✈️ Telegram download: 720p සහ 1080p උසස් තත්ත්වයේ WEBRip වීඩියෝ පිටපත්  ටෙලිග්‍රෑම් චැනලය හරහා ලබාගත හැක.",6.7,2026,,,"Evil Dead Burn 2026 Sinhala Subtitles, Evil Dead Burn sinhala sub, Evil Dead Burn sinhala subtitle download, Evil Dead Burn movie sinhala sub pixelpoplk, Evil Dead Burn sinhala sub pixelpop.lk, pixelpoplk horror movies, ඊවිල් ඩෙඩ් බර්න් සිංහල උපසිරැසි, Evil Dead Burn 2026 full movie sinhala subtitles download, Evil Dead Burn sinhala sub web-dl, pixelpoplk sinhala subtitles, Evil Dead Rise sequel sinhala sub, Evil Dead Burn English Subtitles , Evil Dead burn english sub",https://t.me/Pixelpopnew_bot?start=ooDWzHzv0T0,9
164,2026-08-04 13:03:55.568064+00,The Sopranos,https://frdgyadvbdpacwfoqybw.supabase.co/storage/v1/object/public/subtitles/The%20Sopranos%20S02e01%20394561/The_Sopranos_S02E01_394561.zip?download,https://image.tmdb.org/t/p/original/u7dlARwP2zsqHaMNL5HtHhaEPea.jpg,"Crime, Drama","🔫 The Sopranos Season 2 - සිංහල උපසිරැසි 🎬

Continue the legendary journey with The Sopranos Season 2, one of the most intense and captivating chapters in television history. As Tony Soprano steps up to lead the DiMeo crime family, he faces growing paranoia, betrayal from close associates, and unresolved psychological turmoil that threatens his mafia empire and family life.

Download all episodes of The Sopranos Season 2 in high-definition quality. Choose from 720p, 1080p WEB-DL video files, all paired with accurate Sinhala subtitles. Access your files instantly via high-speed direct download links or convenient Telegram links.

නිව් ජර්සි නගරය කේන්ද්‍ර කරගනිමින් ක්‍රියාත්මක වන ප්‍රබල මාෆියා කල්ලියක ප්‍රධානියෙකු වන ටෝනි සෝප්‍රානෝ (Tony Soprano) සාමාන්‍ය පවුල් ජීවිතයත්, අපරාධ ලෝකයත් අතර දෝලනය වන චරිතයකි. පළමු කලාපය ආරම්භ වන්නේ ඔහු මුහුණ දෙන අභ්‍යන්තර සහ බාහිර ගැටුම් රැසක් සමඟිනි. අධික මානසික පීඩනය නිසා ඇති වන හදිසි ක්ලාන්ත සහ භීතිකා තත්ත්වයන් (Panic Attacks) හේතුවෙන්, ටෝනිට සිදුවන්නේ රහසින් මනෝ වෛද්‍ය ජෙනිෆර් මෙල්ෆි (Dr. Jennifer Melfi) හමුවී ප්‍රතිකාර ලබා ගැනීමටය. මාෆියා සංස්කෘතිය තුළ මෙවැනි ප්‍රතිකාර ලබා ගැනීම බරපතළ දුර්වලතාවයක් ලෙස සලකන බැවින්, මෙම වෛද්‍ය හමුවීම් සඟවා තබා ගැනීමට ඔහුට දැඩි වෙහෙසක් දැරීමට සිදු වේ.

මේ අතර, කල්ලියේ ප්‍රධානියා වූ ජැකී ඇප්‍රිල්ගේ අභාවයත් සමඟ නායකත්වය සඳහා ටෝනි සහ ඔහුගේ බාප්පා වන ජූනියර් (Uncle Junior) අතර දැඩි බල අරගලයක් නිර්මාණය වේ. අනවශ්‍ය ගැටුම් මඟහරවා ගැනීම සඳහා ටෝනි ඉතා සූක්ෂ්ම ලෙස ජූනියර්ව නාමිකව පවුලේ ප්‍රධානියා (Official Boss) ලෙස පත් කිරීමට කටයුතු කරයි. කෙසේ වෙතත්, සැබෑ බලය සහ ප්‍රධාන තීරණ ගැනීම් සිදු කරන්නේ ටෝනි සහ ඔහුගේ සමීපතම කණ්ඩායම විසින් වන අතර, මෙය ජූනියර්ගේ නොසතුටට හේතු වේ.

ටෝනිගේ පෞද්ගලික ජීවිතය ද මෙවැනිම ගැටලුවලින් පිරී පවතී. ඔහුගේ අහංකාර සහ මානසිකව පීඩාකාරී මව වන ලිවියා (Livia) ව බලා ගැනීමට නොහැකි තැන, ටෝනි ඇයව විශ්‍රාමික නිවාසයක නතර කිරීමට තීරණය කරයි. තමන්ව මෙවැනි තැනකට යැවීම පිළිබඳව දැඩි වෛරයකින් පසුවන ලිවියා, ටෝනි කෙරෙහි පළිගැනීමේ චේතනාවෙන් පසුවේ.

ටෝනි රහසින් මනෝ වෛද්‍යවරයෙකු හමුවන බවත්, තමන්ව රවටා පවුලේ බලය හසුරුවන බවත් ජූනියර් මාමා දැනගන්නේ මෙම වටපිටාව තුළය. මේ සඳහා ලිවියා ද වක්‍රව ජූනියර්ව පොළඹවන අතර, එහි ප්‍රතිඵලයක් ලෙස ඔවුන් දෙදෙනා එක්ව ටෝනිව ඝාතනය කිරීමට සැලසුම් කරයි. කෙසේ වෙතත්, එම මාරාන්තික වෙඩි තැබීමේ උත්සාහයෙන් ඉතා ආශ්චර්යමත් ලෙස ටෝනි බේරීමට සමත් වේ. පසුව, FBI ආයතනය විසින් පටිගත කරන ලද රහසිගත හඬපට මාර්ගයෙන් තමන්ව ඝාතනය කිරීමට සැලසුම් කළේ තමන්ගේම මව සහ බාප්පා බව ටෝනි වටහා ගනී.

පළමු කලාපය අවසන් වන්නේ මෙම පාවාදීම් පිළිබඳ ඇත්ත හෙළිවීමත් සමඟය. ටෝනිගේ ප්‍රතිප්‍රහාර හමුවේ ජූනියර් මාමාගේ සමීපතමයින් විනාශ වන අතර, අවසානයේදී ජූනියර් FBI අත්අඩංගුවට පත් වේ. තම පුතාගේ කෝපයෙන් බේරීම සඳහා ලිවියා හදිසි ආඝාත තත්ත්වයක් රඟපාමින් රෝහල්ගත වේ. පළමු කලාපය නිමාවට පත්වන විට ටෝනි පවුලේ අවිවාදිත සැබෑ නායකයා බවට පත් වුවද, සමීපතමයන්ගෙන් ලැබුණු ද්‍රෝහීකම් නිසා ඔහුගේ සිත තුළ ගැඹුරු කැලඹීමක් ඉතිරි වේ. දෙවන කලාපය ආරම්භ වන්නේ මෙම සිදුවීම් මාලාවෙන් පසුව ඇති වන නව අභියෝග රැසක් සමඟිනි.

📥 වීඩියෝ පිටපත් සහ උපසිරැසි ලබාගන්නා ආකාරය:

📄 Direct Download: කිසිදු බාධාවකින් තොරව සිංහල උපසිරැසි ගොනුව (SRT) සෘජුවම බාගත කරගත හැක.

✈️ Telegram download: 720p සහ 1080p උසස් තත්ත්වයේ WEBRip වීඩියෝ පිටපත් ටෙලිග්‍රෑම් චැනලය හරහා ලබාගත හැක.",9.2,2000,2,1,"<meta name=""keywords"" content=""The Sopranos Season 2 Episode 1 Sinhala Subtitles, The Sopranos S02E01 Sinhala Sub, The Sopranos 2x1 sub, The Sopranos sinhala sub download, The Sopranos series sinhala sub pixelpoplk, pixelpoplk, Tony Soprano, Mafia series Sinhala Sub""> <meta name=""description"" content=""The Sopranos Season 2 Episode 1 Sinhala Subtitles. Download The Sopranos S02E01 Sinhala Sub online from pixelpoplk."">",https://t.me/Pixelpopnew_bot?start=4R92m467whk,13
165,2026-08-04 13:03:55.568064+00,The Sopranos,https://frdgyadvbdpacwfoqybw.supabase.co/storage/v1/object/public/subtitles/The%20Sopranos%20S02e02%20713497/The_Sopranos_S02E02_713497.zip?download,https://image.tmdb.org/t/p/original/u7dlARwP2zsqHaMNL5HtHhaEPea.jpg,"Crime, Drama","🔫 The Sopranos Season 2 - සිංහල උපසිරැසි 🎬

Continue the legendary journey with The Sopranos Season 2, one of the most intense and captivating chapters in television history. As Tony Soprano steps up to lead the DiMeo crime family, he faces growing paranoia, betrayal from close associates, and unresolved psychological turmoil that threatens his mafia empire and family life.

Download all episodes of The Sopranos Season 2 in high-definition quality. Choose from 720p, 1080p WEB-DL video files, all paired with accurate Sinhala subtitles. Access your files instantly via high-speed direct download links or convenient Telegram links.

නිව් ජර්සි නගරය කේන්ද්‍ර කරගනිමින් ක්‍රියාත්මක වන ප්‍රබල මාෆියා කල්ලියක ප්‍රධානියෙකු වන ටෝනි සෝප්‍රානෝ (Tony Soprano) සාමාන්‍ය පවුල් ජීවිතයත්, අපරාධ ලෝකයත් අතර දෝලනය වන චරිතයකි. පළමු කලාපය ආරම්භ වන්නේ ඔහු මුහුණ දෙන අභ්‍යන්තර සහ බාහිර ගැටුම් රැසක් සමඟිනි. අධික මානසික පීඩනය නිසා ඇති වන හදිසි ක්ලාන්ත සහ භීතිකා තත්ත්වයන් (Panic Attacks) හේතුවෙන්, ටෝනිට සිදුවන්නේ රහසින් මනෝ වෛද්‍ය ජෙනිෆර් මෙල්ෆි (Dr. Jennifer Melfi) හමුවී ප්‍රතිකාර ලබා ගැනීමටය. මාෆියා සංස්කෘතිය තුළ මෙවැනි ප්‍රතිකාර ලබා ගැනීම බරපතළ දුර්වලතාවයක් ලෙස සලකන බැවින්, මෙම වෛද්‍ය හමුවීම් සඟවා තබා ගැනීමට ඔහුට දැඩි වෙහෙසක් දැරීමට සිදු වේ.

මේ අතර, කල්ලියේ ප්‍රධානියා වූ ජැකී ඇප්‍රිල්ගේ අභාවයත් සමඟ නායකත්වය සඳහා ටෝනි සහ ඔහුගේ බාප්පා වන ජූනියර් (Uncle Junior) අතර දැඩි බල අරගලයක් නිර්මාණය වේ. අනවශ්‍ය ගැටුම් මඟහරවා ගැනීම සඳහා ටෝනි ඉතා සූක්ෂ්ම ලෙස ජූනියර්ව නාමිකව පවුලේ ප්‍රධානියා (Official Boss) ලෙස පත් කිරීමට කටයුතු කරයි. කෙසේ වෙතත්, සැබෑ බලය සහ ප්‍රධාන තීරණ ගැනීම් සිදු කරන්නේ ටෝනි සහ ඔහුගේ සමීපතම කණ්ඩායම විසින් වන අතර, මෙය ජූනියර්ගේ නොසතුටට හේතු වේ.

ටෝනිගේ පෞද්ගලික ජීවිතය ද මෙවැනිම ගැටලුවලින් පිරී පවතී. ඔහුගේ අහංකාර සහ මානසිකව පීඩාකාරී මව වන ලිවියා (Livia) ව බලා ගැනීමට නොහැකි තැන, ටෝනි ඇයව විශ්‍රාමික නිවාසයක නතර කිරීමට තීරණය කරයි. තමන්ව මෙවැනි තැනකට යැවීම පිළිබඳව දැඩි වෛරයකින් පසුවන ලිවියා, ටෝනි කෙරෙහි පළිගැනීමේ චේතනාවෙන් පසුවේ.

ටෝනි රහසින් මනෝ වෛද්‍යවරයෙකු හමුවන බවත්, තමන්ව රවටා පවුලේ බලය හසුරුවන බවත් ජූනියර් මාමා දැනගන්නේ මෙම වටපිටාව තුළය. මේ සඳහා ලිවියා ද වක්‍රව ජූනියර්ව පොළඹවන අතර, එහි ප්‍රතිඵලයක් ලෙස ඔවුන් දෙදෙනා එක්ව ටෝනිව ඝාතනය කිරීමට සැලසුම් කරයි. කෙසේ වෙතත්, එම මාරාන්තික වෙඩි තැබීමේ උත්සාහයෙන් ඉතා ආශ්චර්යමත් ලෙස ටෝනි බේරීමට සමත් වේ. පසුව, FBI ආයතනය විසින් පටිගත කරන ලද රහසිගත හඬපට මාර්ගයෙන් තමන්ව ඝාතනය කිරීමට සැලසුම් කළේ තමන්ගේම මව සහ බාප්පා බව ටෝනි වටහා ගනී.

පළමු කලාපය අවසන් වන්නේ මෙම පාවාදීම් පිළිබඳ ඇත්ත හෙළිවීමත් සමඟය. ටෝනිගේ ප්‍රතිප්‍රහාර හමුවේ ජූනියර් මාමාගේ සමීපතමයින් විනාශ වන අතර, අවසානයේදී ජූනියර් FBI අත්අඩංගුවට පත් වේ. තම පුතාගේ කෝපයෙන් බේරීම සඳහා ලිවියා හදිසි ආඝාත තත්ත්වයක් රඟපාමින් රෝහල්ගත වේ. පළමු කලාපය නිමාවට පත්වන විට ටෝනි පවුලේ අවිවාදිත සැබෑ නායකයා බවට පත් වුවද, සමීපතමයන්ගෙන් ලැබුණු ද්‍රෝහීකම් නිසා ඔහුගේ සිත තුළ ගැඹුරු කැලඹීමක් ඉතිරි වේ. දෙවන කලාපය ආරම්භ වන්නේ මෙම සිදුවීම් මාලාවෙන් පසුව ඇති වන නව අභියෝග රැසක් සමඟිනි.

📥 වීඩියෝ පිටපත් සහ උපසිරැසි ලබාගන්නා ආකාරය:

📄 Direct Download: කිසිදු බාධාවකින් තොරව සිංහල උපසිරැසි ගොනුව (SRT) සෘජුවම බාගත කරගත හැක.

✈️ Telegram download: 720p සහ 1080p උසස් තත්ත්වයේ WEBRip වීඩියෝ පිටපත් ටෙලිග්‍රෑම් චැනලය හරහා ලබාගත හැක.",9.2,2000,2,2,"<meta name=""keywords"" content=""The Sopranos Season 2 Episode 2 Sinhala Subtitles, The Sopranos S02E02 Sinhala Sub, The Sopranos 2x2 sub, The Sopranos sinhala sub download, The Sopranos series sinhala sub pixelpoplk, pixelpoplk, Tony Soprano, Mafia series Sinhala Sub""> <meta name=""description"" content=""The Sopranos Season 2 Episode 2 Sinhala Subtitles. Download The Sopranos S02E02 Sinhala Sub online from pixelpoplk."">",https://t.me/Pixelpopnew_bot?start=ONCV16Hzu-g,13
166,2026-08-04 13:03:55.568064+00,The Sopranos,https://frdgyadvbdpacwfoqybw.supabase.co/storage/v1/object/public/subtitles/The%20Sopranos%20S02e03%20564981/The_Sopranos_S02E03_564981.zip?download,https://image.tmdb.org/t/p/original/u7dlARwP2zsqHaMNL5HtHhaEPea.jpg,"Crime, Drama","🔫 The Sopranos Season 2 - සිංහල උපසිරැසි 🎬

Continue the legendary journey with The Sopranos Season 2, one of the most intense and captivating chapters in television history. As Tony Soprano steps up to lead the DiMeo crime family, he faces growing paranoia, betrayal from close associates, and unresolved psychological turmoil that threatens his mafia empire and family life.

Download all episodes of The Sopranos Season 2 in high-definition quality. Choose from 720p, 1080p WEB-DL video files, all paired with accurate Sinhala subtitles. Access your files instantly via high-speed direct download links or convenient Telegram links.

නිව් ජර්සි නගරය කේන්ද්‍ර කරගනිමින් ක්‍රියාත්මක වන ප්‍රබල මාෆියා කල්ලියක ප්‍රධානියෙකු වන ටෝනි සෝප්‍රානෝ (Tony Soprano) සාමාන්‍ය පවුල් ජීවිතයත්, අපරාධ ලෝකයත් අතර දෝලනය වන චරිතයකි. පළමු කලාපය ආරම්භ වන්නේ ඔහු මුහුණ දෙන අභ්‍යන්තර සහ බාහිර ගැටුම් රැසක් සමඟිනි. අධික මානසික පීඩනය නිසා ඇති වන හදිසි ක්ලාන්ත සහ භීතිකා තත්ත්වයන් (Panic Attacks) හේතුවෙන්, ටෝනිට සිදුවන්නේ රහසින් මනෝ වෛද්‍ය ජෙනිෆර් මෙල්ෆි (Dr. Jennifer Melfi) හමුවී ප්‍රතිකාර ලබා ගැනීමටය. මාෆියා සංස්කෘතිය තුළ මෙවැනි ප්‍රතිකාර ලබා ගැනීම බරපතළ දුර්වලතාවයක් ලෙස සලකන බැවින්, මෙම වෛද්‍ය හමුවීම් සඟවා තබා ගැනීමට ඔහුට දැඩි වෙහෙසක් දැරීමට සිදු වේ.

මේ අතර, කල්ලියේ ප්‍රධානියා වූ ජැකී ඇප්‍රිල්ගේ අභාවයත් සමඟ නායකත්වය සඳහා ටෝනි සහ ඔහුගේ බාප්පා වන ජූනියර් (Uncle Junior) අතර දැඩි බල අරගලයක් නිර්මාණය වේ. අනවශ්‍ය ගැටුම් මඟහරවා ගැනීම සඳහා ටෝනි ඉතා සූක්ෂ්ම ලෙස ජූනියර්ව නාමිකව පවුලේ ප්‍රධානියා (Official Boss) ලෙස පත් කිරීමට කටයුතු කරයි. කෙසේ වෙතත්, සැබෑ බලය සහ ප්‍රධාන තීරණ ගැනීම් සිදු කරන්නේ ටෝනි සහ ඔහුගේ සමීපතම කණ්ඩායම විසින් වන අතර, මෙය ජූනියර්ගේ නොසතුටට හේතු වේ.

ටෝනිගේ පෞද්ගලික ජීවිතය ද මෙවැනිම ගැටලුවලින් පිරී පවතී. ඔහුගේ අහංකාර සහ මානසිකව පීඩාකාරී මව වන ලිවියා (Livia) ව බලා ගැනීමට නොහැකි තැන, ටෝනි ඇයව විශ්‍රාමික නිවාසයක නතර කිරීමට තීරණය කරයි. තමන්ව මෙවැනි තැනකට යැවීම පිළිබඳව දැඩි වෛරයකින් පසුවන ලිවියා, ටෝනි කෙරෙහි පළිගැනීමේ චේතනාවෙන් පසුවේ.

ටෝනි රහසින් මනෝ වෛද්‍යවරයෙකු හමුවන බවත්, තමන්ව රවටා පවුලේ බලය හසුරුවන බවත් ජූනියර් මාමා දැනගන්නේ මෙම වටපිටාව තුළය. මේ සඳහා ලිවියා ද වක්‍රව ජූනියර්ව පොළඹවන අතර, එහි ප්‍රතිඵලයක් ලෙස ඔවුන් දෙදෙනා එක්ව ටෝනිව ඝාතනය කිරීමට සැලසුම් කරයි. කෙසේ වෙතත්, එම මාරාන්තික වෙඩි තැබීමේ උත්සාහයෙන් ඉතා ආශ්චර්යමත් ලෙස ටෝනි බේරීමට සමත් වේ. පසුව, FBI ආයතනය විසින් පටිගත කරන ලද රහසිගත හඬපට මාර්ගයෙන් තමන්ව ඝාතනය කිරීමට සැලසුම් කළේ තමන්ගේම මව සහ බාප්පා බව ටෝනි වටහා ගනී.

පළමු කලාපය අවසන් වන්නේ මෙම පාවාදීම් පිළිබඳ ඇත්ත හෙළිවීමත් සමඟය. ටෝනිගේ ප්‍රතිප්‍රහාර හමුවේ ජූනියර් මාමාගේ සමීපතමයින් විනාශ වන අතර, අවසානයේදී ජූනියර් FBI අත්අඩංගුවට පත් වේ. තම පුතාගේ කෝපයෙන් බේරීම සඳහා ලිවියා හදිසි ආඝාත තත්ත්වයක් රඟපාමින් රෝහල්ගත වේ. පළමු කලාපය නිමාවට පත්වන විට ටෝනි පවුලේ අවිවාදිත සැබෑ නායකයා බවට පත් වුවද, සමීපතමයන්ගෙන් ලැබුණු ද්‍රෝහීකම් නිසා ඔහුගේ සිත තුළ ගැඹුරු කැලඹීමක් ඉතිරි වේ. දෙවන කලාපය ආරම්භ වන්නේ මෙම සිදුවීම් මාලාවෙන් පසුව ඇති වන නව අභියෝග රැසක් සමඟිනි.

📥 වීඩියෝ පිටපත් සහ උපසිරැසි ලබාගන්නා ආකාරය:

📄 Direct Download: කිසිදු බාධාවකින් තොරව සිංහල උපසිරැසි ගොනුව (SRT) සෘජුවම බාගත කරගත හැක.

✈️ Telegram download: 720p සහ 1080p උසස් තත්ත්වයේ WEBRip වීඩියෝ පිටපත් ටෙලිග්‍රෑම් චැනලය හරහා ලබාගත හැක.",9.2,2000,2,3,"<meta name=""keywords"" content=""The Sopranos Season 2 Episode 3 Sinhala Subtitles, The Sopranos S02E03 Sinhala Sub, The Sopranos 2x3 sub, The Sopranos sinhala sub download, The Sopranos series sinhala sub pixelpoplk, pixelpoplk, Tony Soprano, Mafia series Sinhala Sub""> <meta name=""description"" content=""The Sopranos Season 2 Episode 3 Sinhala Subtitles. Download The Sopranos S02E03 Sinhala Sub online from pixelpoplk."">",https://t.me/Pixelpopnew_bot?start=r6iZ7SZf7lw,11
167,2026-08-04 13:03:55.568064+00,The Sopranos,https://frdgyadvbdpacwfoqybw.supabase.co/storage/v1/object/public/subtitles/The%20Sopranos%20S02e04%20190095/The_Sopranos_S02E04_190095.zip?download,https://image.tmdb.org/t/p/original/u7dlARwP2zsqHaMNL5HtHhaEPea.jpg,"Crime, Drama","🔫 The Sopranos Season 2 - සිංහල උපසිරැසි 🎬

Continue the legendary journey with The Sopranos Season 2, one of the most intense and captivating chapters in television history. As Tony Soprano steps up to lead the DiMeo crime family, he faces growing paranoia, betrayal from close associates, and unresolved psychological turmoil that threatens his mafia empire and family life.

Download all episodes of The Sopranos Season 2 in high-definition quality. Choose from 720p, 1080p WEB-DL video files, all paired with accurate Sinhala subtitles. Access your files instantly via high-speed direct download links or convenient Telegram links.

නිව් ජර්සි නගරය කේන්ද්‍ර කරගනිමින් ක්‍රියාත්මක වන ප්‍රබල මාෆියා කල්ලියක ප්‍රධානියෙකු වන ටෝනි සෝප්‍රානෝ (Tony Soprano) සාමාන්‍ය පවුල් ජීවිතයත්, අපරාධ ලෝකයත් අතර දෝලනය වන චරිතයකි. පළමු කලාපය ආරම්භ වන්නේ ඔහු මුහුණ දෙන අභ්‍යන්තර සහ බාහිර ගැටුම් රැසක් සමඟිනි. අධික මානසික පීඩනය නිසා ඇති වන හදිසි ක්ලාන්ත සහ භීතිකා තත්ත්වයන් (Panic Attacks) හේතුවෙන්, ටෝනිට සිදුවන්නේ රහසින් මනෝ වෛද්‍ය ජෙනිෆර් මෙල්ෆි (Dr. Jennifer Melfi) හමුවී ප්‍රතිකාර ලබා ගැනීමටය. මාෆියා සංස්කෘතිය තුළ මෙවැනි ප්‍රතිකාර ලබා ගැනීම බරපතළ දුර්වලතාවයක් ලෙස සලකන බැවින්, මෙම වෛද්‍ය හමුවීම් සඟවා තබා ගැනීමට ඔහුට දැඩි වෙහෙසක් දැරීමට සිදු වේ.

මේ අතර, කල්ලියේ ප්‍රධානියා වූ ජැකී ඇප්‍රිල්ගේ අභාවයත් සමඟ නායකත්වය සඳහා ටෝනි සහ ඔහුගේ බාප්පා වන ජූනියර් (Uncle Junior) අතර දැඩි බල අරගලයක් නිර්මාණය වේ. අනවශ්‍ය ගැටුම් මඟහරවා ගැනීම සඳහා ටෝනි ඉතා සූක්ෂ්ම ලෙස ජූනියර්ව නාමිකව පවුලේ ප්‍රධානියා (Official Boss) ලෙස පත් කිරීමට කටයුතු කරයි. කෙසේ වෙතත්, සැබෑ බලය සහ ප්‍රධාන තීරණ ගැනීම් සිදු කරන්නේ ටෝනි සහ ඔහුගේ සමීපතම කණ්ඩායම විසින් වන අතර, මෙය ජූනියර්ගේ නොසතුටට හේතු වේ.

ටෝනිගේ පෞද්ගලික ජීවිතය ද මෙවැනිම ගැටලුවලින් පිරී පවතී. ඔහුගේ අහංකාර සහ මානසිකව පීඩාකාරී මව වන ලිවියා (Livia) ව බලා ගැනීමට නොහැකි තැන, ටෝනි ඇයව විශ්‍රාමික නිවාසයක නතර කිරීමට තීරණය කරයි. තමන්ව මෙවැනි තැනකට යැවීම පිළිබඳව දැඩි වෛරයකින් පසුවන ලිවියා, ටෝනි කෙරෙහි පළිගැනීමේ චේතනාවෙන් පසුවේ.

ටෝනි රහසින් මනෝ වෛද්‍යවරයෙකු හමුවන බවත්, තමන්ව රවටා පවුලේ බලය හසුරුවන බවත් ජූනියර් මාමා දැනගන්නේ මෙම වටපිටාව තුළය. මේ සඳහා ලිවියා ද වක්‍රව ජූනියර්ව පොළඹවන අතර, එහි ප්‍රතිඵලයක් ලෙස ඔවුන් දෙදෙනා එක්ව ටෝනිව ඝාතනය කිරීමට සැලසුම් කරයි. කෙසේ වෙතත්, එම මාරාන්තික වෙඩි තැබීමේ උත්සාහයෙන් ඉතා ආශ්චර්යමත් ලෙස ටෝනි බේරීමට සමත් වේ. පසුව, FBI ආයතනය විසින් පටිගත කරන ලද රහසිගත හඬපට මාර්ගයෙන් තමන්ව ඝාතනය කිරීමට සැලසුම් කළේ තමන්ගේම මව සහ බාප්පා බව ටෝනි වටහා ගනී.

පළමු කලාපය අවසන් වන්නේ මෙම පාවාදීම් පිළිබඳ ඇත්ත හෙළිවීමත් සමඟය. ටෝනිගේ ප්‍රතිප්‍රහාර හමුවේ ජූනියර් මාමාගේ සමීපතමයින් විනාශ වන අතර, අවසානයේදී ජූනියර් FBI අත්අඩංගුවට පත් වේ. තම පුතාගේ කෝපයෙන් බේරීම සඳහා ලිවියා හදිසි ආඝාත තත්ත්වයක් රඟපාමින් රෝහල්ගත වේ. පළමු කලාපය නිමාවට පත්වන විට ටෝනි පවුලේ අවිවාදිත සැබෑ නායකයා බවට පත් වුවද, සමීපතමයන්ගෙන් ලැබුණු ද්‍රෝහීකම් නිසා ඔහුගේ සිත තුළ ගැඹුරු කැලඹීමක් ඉතිරි වේ. දෙවන කලාපය ආරම්භ වන්නේ මෙම සිදුවීම් මාලාවෙන් පසුව ඇති වන නව අභියෝග රැසක් සමඟිනි.

📥 වීඩියෝ පිටපත් සහ උපසිරැසි ලබාගන්නා ආකාරය:

📄 Direct Download: කිසිදු බාධාවකින් තොරව සිංහල උපසිරැසි ගොනුව (SRT) සෘජුවම බාගත කරගත හැක.

✈️ Telegram download: 720p සහ 1080p උසස් තත්ත්වයේ WEBRip වීඩියෝ පිටපත් ටෙලිග්‍රෑම් චැනලය හරහා ලබාගත හැක.",9.2,2000,2,4,"<meta name=""keywords"" content=""The Sopranos Season 2 Episode 4 Sinhala Subtitles, The Sopranos S02E04 Sinhala Sub, The Sopranos 2x4 sub, The Sopranos sinhala sub download, The Sopranos series sinhala sub pixelpoplk, pixelpoplk, Tony Soprano, Mafia series Sinhala Sub""> <meta name=""description"" content=""The Sopranos Season 2 Episode 4 Sinhala Subtitles. Download The Sopranos S02E04 Sinhala Sub online from pixelpoplk."">",https://t.me/Pixelpopnew_bot?start=8EkhwMK4Tws,11
168,2026-08-04 13:03:55.568064+00,The Sopranos,https://frdgyadvbdpacwfoqybw.supabase.co/storage/v1/object/public/subtitles/The%20Sopranos%20S02e05%20797662/The_Sopranos_S02E05_797662.zip?download,https://image.tmdb.org/t/p/original/u7dlARwP2zsqHaMNL5HtHhaEPea.jpg,"Crime, Drama","🔫 The Sopranos Season 2 - සිංහල උපසිරැසි 🎬

Continue the legendary journey with The Sopranos Season 2, one of the most intense and captivating chapters in television history. As Tony Soprano steps up to lead the DiMeo crime family, he faces growing paranoia, betrayal from close associates, and unresolved psychological turmoil that threatens his mafia empire and family life.

Download all episodes of The Sopranos Season 2 in high-definition quality. Choose from 720p, 1080p WEB-DL video files, all paired with accurate Sinhala subtitles. Access your files instantly via high-speed direct download links or convenient Telegram links.

නිව් ජර්සි නගරය කේන්ද්‍ර කරගනිමින් ක්‍රියාත්මක වන ප්‍රබල මාෆියා කල්ලියක ප්‍රධානියෙකු වන ටෝනි සෝප්‍රානෝ (Tony Soprano) සාමාන්‍ය පවුල් ජීවිතයත්, අපරාධ ලෝකයත් අතර දෝලනය වන චරිතයකි. පළමු කලාපය ආරම්භ වන්නේ ඔහු මුහුණ දෙන අභ්‍යන්තර සහ බාහිර ගැටුම් රැසක් සමඟිනි. අධික මානසික පීඩනය නිසා ඇති වන හදිසි ක්ලාන්ත සහ භීතිකා තත්ත්වයන් (Panic Attacks) හේතුවෙන්, ටෝනිට සිදුවන්නේ රහසින් මනෝ වෛද්‍ය ජෙනිෆර් මෙල්ෆි (Dr. Jennifer Melfi) හමුවී ප්‍රතිකාර ලබා ගැනීමටය. මාෆියා සංස්කෘතිය තුළ මෙවැනි ප්‍රතිකාර ලබා ගැනීම බරපතළ දුර්වලතාවයක් ලෙස සලකන බැවින්, මෙම වෛද්‍ය හමුවීම් සඟවා තබා ගැනීමට ඔහුට දැඩි වෙහෙසක් දැරීමට සිදු වේ.

මේ අතර, කල්ලියේ ප්‍රධානියා වූ ජැකී ඇප්‍රිල්ගේ අභාවයත් සමඟ නායකත්වය සඳහා ටෝනි සහ ඔහුගේ බාප්පා වන ජූනියර් (Uncle Junior) අතර දැඩි බල අරගලයක් නිර්මාණය වේ. අනවශ්‍ය ගැටුම් මඟහරවා ගැනීම සඳහා ටෝනි ඉතා සූක්ෂ්ම ලෙස ජූනියර්ව නාමිකව පවුලේ ප්‍රධානියා (Official Boss) ලෙස පත් කිරීමට කටයුතු කරයි. කෙසේ වෙතත්, සැබෑ බලය සහ ප්‍රධාන තීරණ ගැනීම් සිදු කරන්නේ ටෝනි සහ ඔහුගේ සමීපතම කණ්ඩායම විසින් වන අතර, මෙය ජූනියර්ගේ නොසතුටට හේතු වේ.

ටෝනිගේ පෞද්ගලික ජීවිතය ද මෙවැනිම ගැටලුවලින් පිරී පවතී. ඔහුගේ අහංකාර සහ මානසිකව පීඩාකාරී මව වන ලිවියා (Livia) ව බලා ගැනීමට නොහැකි තැන, ටෝනි ඇයව විශ්‍රාමික නිවාසයක නතර කිරීමට තීරණය කරයි. තමන්ව මෙවැනි තැනකට යැවීම පිළිබඳව දැඩි වෛරයකින් පසුවන ලිවියා, ටෝනි කෙරෙහි පළිගැනීමේ චේතනාවෙන් පසුවේ.

ටෝනි රහසින් මනෝ වෛද්‍යවරයෙකු හමුවන බවත්, තමන්ව රවටා පවුලේ බලය හසුරුවන බවත් ජූනියර් මාමා දැනගන්නේ මෙම වටපිටාව තුළය. මේ සඳහා ලිවියා ද වක්‍රව ජූනියර්ව පොළඹවන අතර, එහි ප්‍රතිඵලයක් ලෙස ඔවුන් දෙදෙනා එක්ව ටෝනිව ඝාතනය කිරීමට සැලසුම් කරයි. කෙසේ වෙතත්, එම මාරාන්තික වෙඩි තැබීමේ උත්සාහයෙන් ඉතා ආශ්චර්යමත් ලෙස ටෝනි බේරීමට සමත් වේ. පසුව, FBI ආයතනය විසින් පටිගත කරන ලද රහසිගත හඬපට මාර්ගයෙන් තමන්ව ඝාතනය කිරීමට සැලසුම් කළේ තමන්ගේම මව සහ බාප්පා බව ටෝනි වටහා ගනී.

පළමු කලාපය අවසන් වන්නේ මෙම පාවාදීම් පිළිබඳ ඇත්ත හෙළිවීමත් සමඟය. ටෝනිගේ ප්‍රතිප්‍රහාර හමුවේ ජූනියර් මාමාගේ සමීපතමයින් විනාශ වන අතර, අවසානයේදී ජූනියර් FBI අත්අඩංගුවට පත් වේ. තම පුතාගේ කෝපයෙන් බේරීම සඳහා ලිවියා හදිසි ආඝාත තත්ත්වයක් රඟපාමින් රෝහල්ගත වේ. පළමු කලාපය නිමාවට පත්වන විට ටෝනි පවුලේ අවිවාදිත සැබෑ නායකයා බවට පත් වුවද, සමීපතමයන්ගෙන් ලැබුණු ද්‍රෝහීකම් නිසා ඔහුගේ සිත තුළ ගැඹුරු කැලඹීමක් ඉතිරි වේ. දෙවන කලාපය ආරම්භ වන්නේ මෙම සිදුවීම් මාලාවෙන් පසුව ඇති වන නව අභියෝග රැසක් සමඟිනි.

📥 වීඩියෝ පිටපත් සහ උපසිරැසි ලබාගන්නා ආකාරය:

📄 Direct Download: කිසිදු බාධාවකින් තොරව සිංහල උපසිරැසි ගොනුව (SRT) සෘජුවම බාගත කරගත හැක.

✈️ Telegram download: 720p සහ 1080p උසස් තත්ත්වයේ WEBRip වීඩියෝ පිටපත් ටෙලිග්‍රෑම් චැනලය හරහා ලබාගත හැක.",9.2,2000,2,5,"<meta name=""keywords"" content=""The Sopranos Season 2 Episode 5 Sinhala Subtitles, The Sopranos S02E05 Sinhala Sub, The Sopranos 2x5 sub, The Sopranos sinhala sub download, The Sopranos series sinhala sub pixelpoplk, pixelpoplk, Tony Soprano, Mafia series Sinhala Sub""> <meta name=""description"" content=""The Sopranos Season 2 Episode 5 Sinhala Subtitles. Download The Sopranos S02E05 Sinhala Sub online from pixelpoplk."">",https://t.me/Pixelpopnew_bot?start=3mxhNy2a_sU,7
169,2026-08-04 13:03:55.568064+00,The Sopranos,https://frdgyadvbdpacwfoqybw.supabase.co/storage/v1/object/public/subtitles/The%20Sopranos%20S02e06%20535651/The_Sopranos_S02E06_535651.zip?download,https://image.tmdb.org/t/p/original/u7dlARwP2zsqHaMNL5HtHhaEPea.jpg,"Crime, Drama","🔫 The Sopranos Season 2 - සිංහල උපසිරැසි 🎬

Continue the legendary journey with The Sopranos Season 2, one of the most intense and captivating chapters in television history. As Tony Soprano steps up to lead the DiMeo crime family, he faces growing paranoia, betrayal from close associates, and unresolved psychological turmoil that threatens his mafia empire and family life.

Download all episodes of The Sopranos Season 2 in high-definition quality. Choose from 720p, 1080p WEB-DL video files, all paired with accurate Sinhala subtitles. Access your files instantly via high-speed direct download links or convenient Telegram links.

නිව් ජර්සි නගරය කේන්ද්‍ර කරගනිමින් ක්‍රියාත්මක වන ප්‍රබල මාෆියා කල්ලියක ප්‍රධානියෙකු වන ටෝනි සෝප්‍රානෝ (Tony Soprano) සාමාන්‍ය පවුල් ජීවිතයත්, අපරාධ ලෝකයත් අතර දෝලනය වන චරිතයකි. පළමු කලාපය ආරම්භ වන්නේ ඔහු මුහුණ දෙන අභ්‍යන්තර සහ බාහිර ගැටුම් රැසක් සමඟිනි. අධික මානසික පීඩනය නිසා ඇති වන හදිසි ක්ලාන්ත සහ භීතිකා තත්ත්වයන් (Panic Attacks) හේතුවෙන්, ටෝනිට සිදුවන්නේ රහසින් මනෝ වෛද්‍ය ජෙනිෆර් මෙල්ෆි (Dr. Jennifer Melfi) හමුවී ප්‍රතිකාර ලබා ගැනීමටය. මාෆියා සංස්කෘතිය තුළ මෙවැනි ප්‍රතිකාර ලබා ගැනීම බරපතළ දුර්වලතාවයක් ලෙස සලකන බැවින්, මෙම වෛද්‍ය හමුවීම් සඟවා තබා ගැනීමට ඔහුට දැඩි වෙහෙසක් දැරීමට සිදු වේ.

මේ අතර, කල්ලියේ ප්‍රධානියා වූ ජැකී ඇප්‍රිල්ගේ අභාවයත් සමඟ නායකත්වය සඳහා ටෝනි සහ ඔහුගේ බාප්පා වන ජූනියර් (Uncle Junior) අතර දැඩි බල අරගලයක් නිර්මාණය වේ. අනවශ්‍ය ගැටුම් මඟහරවා ගැනීම සඳහා ටෝනි ඉතා සූක්ෂ්ම ලෙස ජූනියර්ව නාමිකව පවුලේ ප්‍රධානියා (Official Boss) ලෙස පත් කිරීමට කටයුතු කරයි. කෙසේ වෙතත්, සැබෑ බලය සහ ප්‍රධාන තීරණ ගැනීම් සිදු කරන්නේ ටෝනි සහ ඔහුගේ සමීපතම කණ්ඩායම විසින් වන අතර, මෙය ජූනියර්ගේ නොසතුටට හේතු වේ.

ටෝනිගේ පෞද්ගලික ජීවිතය ද මෙවැනිම ගැටලුවලින් පිරී පවතී. ඔහුගේ අහංකාර සහ මානසිකව පීඩාකාරී මව වන ලිවියා (Livia) ව බලා ගැනීමට නොහැකි තැන, ටෝනි ඇයව විශ්‍රාමික නිවාසයක නතර කිරීමට තීරණය කරයි. තමන්ව මෙවැනි තැනකට යැවීම පිළිබඳව දැඩි වෛරයකින් පසුවන ලිවියා, ටෝනි කෙරෙහි පළිගැනීමේ චේතනාවෙන් පසුවේ.

ටෝනි රහසින් මනෝ වෛද්‍යවරයෙකු හමුවන බවත්, තමන්ව රවටා පවුලේ බලය හසුරුවන බවත් ජූනියර් මාමා දැනගන්නේ මෙම වටපිටාව තුළය. මේ සඳහා ලිවියා ද වක්‍රව ජූනියර්ව පොළඹවන අතර, එහි ප්‍රතිඵලයක් ලෙස ඔවුන් දෙදෙනා එක්ව ටෝනිව ඝාතනය කිරීමට සැලසුම් කරයි. කෙසේ වෙතත්, එම මාරාන්තික වෙඩි තැබීමේ උත්සාහයෙන් ඉතා ආශ්චර්යමත් ලෙස ටෝනි බේරීමට සමත් වේ. පසුව, FBI ආයතනය විසින් පටිගත කරන ලද රහසිගත හඬපට මාර්ගයෙන් තමන්ව ඝාතනය කිරීමට සැලසුම් කළේ තමන්ගේම මව සහ බාප්පා බව ටෝනි වටහා ගනී.

පළමු කලාපය අවසන් වන්නේ මෙම පාවාදීම් පිළිබඳ ඇත්ත හෙළිවීමත් සමඟය. ටෝනිගේ ප්‍රතිප්‍රහාර හමුවේ ජූනියර් මාමාගේ සමීපතමයින් විනාශ වන අතර, අවසානයේදී ජූනියර් FBI අත්අඩංගුවට පත් වේ. තම පුතාගේ කෝපයෙන් බේරීම සඳහා ලිවියා හදිසි ආඝාත තත්ත්වයක් රඟපාමින් රෝහල්ගත වේ. පළමු කලාපය නිමාවට පත්වන විට ටෝනි පවුලේ අවිවාදිත සැබෑ නායකයා බවට පත් වුවද, සමීපතමයන්ගෙන් ලැබුණු ද්‍රෝහීකම් නිසා ඔහුගේ සිත තුළ ගැඹුරු කැලඹීමක් ඉතිරි වේ. දෙවන කලාපය ආරම්භ වන්නේ මෙම සිදුවීම් මාලාවෙන් පසුව ඇති වන නව අභියෝග රැසක් සමඟිනි.

📥 වීඩියෝ පිටපත් සහ උපසිරැසි ලබාගන්නා ආකාරය:

📄 Direct Download: කිසිදු බාධාවකින් තොරව සිංහල උපසිරැසි ගොනුව (SRT) සෘජුවම බාගත කරගත හැක.

✈️ Telegram download: 720p සහ 1080p උසස් තත්ත්වයේ WEBRip වීඩියෝ පිටපත් ටෙලිග්‍රෑම් චැනලය හරහා ලබාගත හැක.",9.2,2000,2,6,"<meta name=""keywords"" content=""The Sopranos Season 2 Episode 6 Sinhala Subtitles, The Sopranos S02E06 Sinhala Sub, The Sopranos 2x6 sub, The Sopranos sinhala sub download, The Sopranos series sinhala sub pixelpoplk, pixelpoplk, Tony Soprano, Mafia series Sinhala Sub""> <meta name=""description"" content=""The Sopranos Season 2 Episode 6 Sinhala Subtitles. Download The Sopranos S02E06 Sinhala Sub online from pixelpoplk."">",https://t.me/Pixelpopnew_bot?start=1NZ3QrMdBj8,7
170,2026-08-04 13:03:55.568064+00,The Sopranos,https://frdgyadvbdpacwfoqybw.supabase.co/storage/v1/object/public/subtitles/The%20Sopranos%20S02e07%20303750/The_Sopranos_S02E07_303750.zip?download,https://image.tmdb.org/t/p/original/u7dlARwP2zsqHaMNL5HtHhaEPea.jpg,"Crime, Drama","🔫 The Sopranos Season 2 - සිංහල උපසිරැසි 🎬

Continue the legendary journey with The Sopranos Season 2, one of the most intense and captivating chapters in television history. As Tony Soprano steps up to lead the DiMeo crime family, he faces growing paranoia, betrayal from close associates, and unresolved psychological turmoil that threatens his mafia empire and family life.

Download all episodes of The Sopranos Season 2 in high-definition quality. Choose from 720p, 1080p WEB-DL video files, all paired with accurate Sinhala subtitles. Access your files instantly via high-speed direct download links or convenient Telegram links.

නිව් ජර්සි නගරය කේන්ද්‍ර කරගනිමින් ක්‍රියාත්මක වන ප්‍රබල මාෆියා කල්ලියක ප්‍රධානියෙකු වන ටෝනි සෝප්‍රානෝ (Tony Soprano) සාමාන්‍ය පවුල් ජීවිතයත්, අපරාධ ලෝකයත් අතර දෝලනය වන චරිතයකි. පළමු කලාපය ආරම්භ වන්නේ ඔහු මුහුණ දෙන අභ්‍යන්තර සහ බාහිර ගැටුම් රැසක් සමඟිනි. අධික මානසික පීඩනය නිසා ඇති වන හදිසි ක්ලාන්ත සහ භීතිකා තත්ත්වයන් (Panic Attacks) හේතුවෙන්, ටෝනිට සිදුවන්නේ රහසින් මනෝ වෛද්‍ය ජෙනිෆර් මෙල්ෆි (Dr. Jennifer Melfi) හමුවී ප්‍රතිකාර ලබා ගැනීමටය. මාෆියා සංස්කෘතිය තුළ මෙවැනි ප්‍රතිකාර ලබා ගැනීම බරපතළ දුර්වලතාවයක් ලෙස සලකන බැවින්, මෙම වෛද්‍ය හමුවීම් සඟවා තබා ගැනීමට ඔහුට දැඩි වෙහෙසක් දැරීමට සිදු වේ.

මේ අතර, කල්ලියේ ප්‍රධානියා වූ ජැකී ඇප්‍රිල්ගේ අභාවයත් සමඟ නායකත්වය සඳහා ටෝනි සහ ඔහුගේ බාප්පා වන ජූනියර් (Uncle Junior) අතර දැඩි බල අරගලයක් නිර්මාණය වේ. අනවශ්‍ය ගැටුම් මඟහරවා ගැනීම සඳහා ටෝනි ඉතා සූක්ෂ්ම ලෙස ජූනියර්ව නාමිකව පවුලේ ප්‍රධානියා (Official Boss) ලෙස පත් කිරීමට කටයුතු කරයි. කෙසේ වෙතත්, සැබෑ බලය සහ ප්‍රධාන තීරණ ගැනීම් සිදු කරන්නේ ටෝනි සහ ඔහුගේ සමීපතම කණ්ඩායම විසින් වන අතර, මෙය ජූනියර්ගේ නොසතුටට හේතු වේ.

ටෝනිගේ පෞද්ගලික ජීවිතය ද මෙවැනිම ගැටලුවලින් පිරී පවතී. ඔහුගේ අහංකාර සහ මානසිකව පීඩාකාරී මව වන ලිවියා (Livia) ව බලා ගැනීමට නොහැකි තැන, ටෝනි ඇයව විශ්‍රාමික නිවාසයක නතර කිරීමට තීරණය කරයි. තමන්ව මෙවැනි තැනකට යැවීම පිළිබඳව දැඩි වෛරයකින් පසුවන ලිවියා, ටෝනි කෙරෙහි පළිගැනීමේ චේතනාවෙන් පසුවේ.

ටෝනි රහසින් මනෝ වෛද්‍යවරයෙකු හමුවන බවත්, තමන්ව රවටා පවුලේ බලය හසුරුවන බවත් ජූනියර් මාමා දැනගන්නේ මෙම වටපිටාව තුළය. මේ සඳහා ලිවියා ද වක්‍රව ජූනියර්ව පොළඹවන අතර, එහි ප්‍රතිඵලයක් ලෙස ඔවුන් දෙදෙනා එක්ව ටෝනිව ඝාතනය කිරීමට සැලසුම් කරයි. කෙසේ වෙතත්, එම මාරාන්තික වෙඩි තැබීමේ උත්සාහයෙන් ඉතා ආශ්චර්යමත් ලෙස ටෝනි බේරීමට සමත් වේ. පසුව, FBI ආයතනය විසින් පටිගත කරන ලද රහසිගත හඬපට මාර්ගයෙන් තමන්ව ඝාතනය කිරීමට සැලසුම් කළේ තමන්ගේම මව සහ බාප්පා බව ටෝනි වටහා ගනී.

පළමු කලාපය අවසන් වන්නේ මෙම පාවාදීම් පිළිබඳ ඇත්ත හෙළිවීමත් සමඟය. ටෝනිගේ ප්‍රතිප්‍රහාර හමුවේ ජූනියර් මාමාගේ සමීපතමයින් විනාශ වන අතර, අවසානයේදී ජූනියර් FBI අත්අඩංගුවට පත් වේ. තම පුතාගේ කෝපයෙන් බේරීම සඳහා ලිවියා හදිසි ආඝාත තත්ත්වයක් රඟපාමින් රෝහල්ගත වේ. පළමු කලාපය නිමාවට පත්වන විට ටෝනි පවුලේ අවිවාදිත සැබෑ නායකයා බවට පත් වුවද, සමීපතමයන්ගෙන් ලැබුණු ද්‍රෝහීකම් නිසා ඔහුගේ සිත තුළ ගැඹුරු කැලඹීමක් ඉතිරි වේ. දෙවන කලාපය ආරම්භ වන්නේ මෙම සිදුවීම් මාලාවෙන් පසුව ඇති වන නව අභියෝග රැසක් සමඟිනි.

📥 වීඩියෝ පිටපත් සහ උපසිරැසි ලබාගන්නා ආකාරය:

📄 Direct Download: කිසිදු බාධාවකින් තොරව සිංහල උපසිරැසි ගොනුව (SRT) සෘජුවම බාගත කරගත හැක.

✈️ Telegram download: 720p සහ 1080p උසස් තත්ත්වයේ WEBRip වීඩියෝ පිටපත් ටෙලිග්‍රෑම් චැනලය හරහා ලබාගත හැක.",9.2,2000,2,7,"<meta name=""keywords"" content=""The Sopranos Season 2 Episode 7 Sinhala Subtitles, The Sopranos S02E07 Sinhala Sub, The Sopranos 2x7 sub, The Sopranos sinhala sub download, The Sopranos series sinhala sub pixelpoplk, pixelpoplk, Tony Soprano, Mafia series Sinhala Sub""> <meta name=""description"" content=""The Sopranos Season 2 Episode 7 Sinhala Subtitles. Download The Sopranos S02E07 Sinhala Sub online from pixelpoplk."">",https://t.me/Pixelpopnew_bot?start=CG-FHNqKaKY,8
171,2026-08-05 06:34:07.587586+00,The Isolate Thief (2026),https://frdgyadvbdpacwfoqybw.supabase.co/storage/v1/object/public/subtitles/The%20Isolate%20Thief/The.Isolate.Thief.2026.WEB-DL_sinhala.zip?download,https://image.tmdb.org/t/p/original/7pmvQNhIDwJTs4IVWxuihG7RjsL.jpg,"survival, action, drama, western","🎬 The Isolate Thief (2026) - සිංහල උපසිරැසි 🎬

The Isolate Thief (2026) delivers a high-stakes, adrenaline-fueled action thriller experience. Follow the story of a master thief forced out of hiding for one final, impossible heist that tests every limit. Download high-quality 720p and 1080p WEB-DL video files with Sinhala subtitles directly or via Telegram. Experience the suspense and intense action on pixelpop.lk.

The Isolate Thief (2026) කියන්නේ මේ අවුරුද්දේ එළියට ආපු සුපිරිම Action/Thriller චිත්‍රපටයක්. Fast & Furious වගේම වේගවත් ක්‍රියාදාම චිත්‍රපට වලට සහ Heist (සොරකම් කිරීම්) සම්බන්ධ කතා වලට කැමති අයට මේක කිසිම කම්මැලිකමක් නැතුව එක දිගටම බලන්න පුළුවන්.💯

කතාව ගැන කිසිම දෙයක් ස්පොයිල් කරන්නේ නැතුව කිව්වොත්, තමන්ගේ පාඩුවේ හැංගිලා ජීවත් වෙන ලෝකයේ දක්ෂතම සොරෙක්ට, තමන්ගේ කැමැත්තෙන් තොරව අවසාන වතාවට ලොකු මෙහෙයුමකට සම්බන්ධ වෙන්න සිද්ධ වෙනවා. මේක සාමාන්‍ය සොරකමක් නෙවෙයි, කිසිම කෙනෙක්ට ඇතුළු වෙන්න බැරි අධි ආරක්ෂිත තැනකින් කරන දැවැන්ත එකක්. මේ මෙහෙයුම අතරතුර එයාට මුහුණ දෙන්න වෙන බාධක සහ නොහිතන විදිහේ සිදුවීම් වලින් තමයි කතාව පුරාවටම කුතුහලය උපරිමයෙන්ම තියාගෙන ඉස්සරහට යන්නේ.✅

ක්‍රියාදාම සහ කුතුහලය පිරුණු අලුත්ම චිත්‍රපටයක් හොයනවා නම්, මේක අනිවාර්යයෙන්ම බලන්න ඕනේ නිර්මාණයක්.👈

📥 වීඩියෝ පිටපත් සහ උපසිරැසි ලබාගන්නා ආකාරය;

📄 Direct Download: කිසිදු බාධාවකින් තොරව සිංහල උපසිරැසි ගොනුව (SRT) සෘජුවම බාගත කරගත හැක.

✈️ Telegram Download: 720p සහ 1080p උසස් තත්ත්වයේ WEB-DL වීඩියෝ පිටපත්  ටෙලිග්‍රෑම් චැනලය හරහා ලබාගත හැක.",6.1,2026,,,"The Isolate Thief 2026 Sinhala Subtitles, The Isolate Thief sinhala sub, The Isolate Thief sinhala subtitle download, The Isolate Thief movie sinhala sub pixelpoplk, The Isolate Thief sinhala sub pixelpop.lk, pixelpoplk action movies, දි අයිසොලේට් තීෆ් සිංහල උපසිරැසි, The Isolate Thief 2026 full movie sinhala subtitles download, The Isolate Thief sinhala sub web-dl, pixelpoplk sinhala subtitles, action thriller sinhala sub, The Isolate Thief (2026) ,The Isolate Thief English subtitles , The Isolate Thief download , The Isolate Thief (2026) download",https://t.me/Pixelpopnew_bot?start=IyXLQl8Vog8,5
172,2026-08-05 06:40:15.262255+00,Batman: Caped Crusader,https://frdgyadvbdpacwfoqybw.supabase.co/storage/v1/object/public/subtitles/Batman%20Caped%20Crusader%20S01e06%20311606/Batman_Caped_Crusader_S01E06_311606.zip?download,https://image.tmdb.org/t/p/original/tJ7zq4VtvJqUyaRsLeNjpEFDXzk.jpg,"Animation, Action, Adventure, Crime, Drama, Mystery, Sci-Fi","🦇 Batman: Caped Crusader - සිංහල උපසිරැසි 🎬

Batman: Caped Crusader brings a dark, noir-inspired take on the Dark Knight's early days in Gotham City. Produced by Bruce Timm, Matt Reeves, and J.J. Abrams, this animated series is a must-watch for DC fans. Download high-quality 720p WEB-DL video files with Sinhala subtitles directly or via Telegram. Experience the ultimate psychological and action-packed detective story.

Batman: Caped Crusader කියන්නේ DC රසිකයින්ට ලැබුණු අලුත්ම සහ වෙනස්ම විදිහේ ඇනිමේටඩ් කතා මාලාවක්. සුප්‍රසිද්ධ Batman: The Animated Series එක හදපු Bruce Timm වගේම The Batman චිත්‍රපටය අධ්‍යක්ෂණය කරපු Matt Reeves ගේ සහ J.J. Abrams ගේ එකතුවෙන් තමයි මේක නිර්මාණය වෙලා තියෙන්නේ. ඒ නිසාම මේකට ලොකු ප්‍රේක්ෂක ආකර්ෂණයක් ලැබිලා තියෙනවා.

කතාව යන්නේ 1940 දශකයේ අඳුරු Gotham නගරයේ. ගොඩක් දියුණු තාක්ෂණයන් නැති, දූෂණය සහ අපරාධ වලින් පිරිච්ච නගරයක Bruce Wayne තමන්ගේ මුල්ම කාලයේ Batman විදිහට අපරාධකරුවන්ට විරුද්ධව සටන් කරන හැටි තමයි මේකෙන් පෙන්නන්නේ. මේ කතාවේ ඉන්න Batman ටිකක් රළුයි වගේම, අපි දන්න Catwoman, Harley Quinn, Two-Face සහ Penguin වගේ අනිත් චරිතත් මේ කතාවේදී සම්පූර්ණයෙන්ම අලුත් වගේම වෙනස්ම විදිහකට තමයි නිර්මාණය කරලා තියෙන්නේ.

DC කොමික් පොත් වල තිබුණු මුල්ම කාලයේ අඳුරු Noir ගතියට සහ රහස් පරීක්ෂක (Detective) කතා වලට කැමති අයට කිසිම කම්මැලිකමක් නැතුව බලන්න පුළුවන් සුපිරිම කතා මාලාවක් තමයි මේක.

📥 වීඩියෝ පිටපත් සහ උපසිරැසි ලබාගන්නා ආකාරය:
📄 Direct Download: කිසිදු බාධාවකින් තොරව සිංහල උපසිරැසි ගොනුව (SRT) සෘජුවම බාගත කරගත හැක.

✈️ Telegram Download: 720p උසස් තත්ත්වයේ WEB-DL වීඩියෝ පිටපත් Telegram චැනලය හරහා ලබාගත හැක.",7.2,2024,1,6,"<meta name=""keywords"" content=""Batman Caped Crusader Season 1 Episode 6 Sinhala Subtitles, Batman Caped Crusader S01E06 Sinhala Sub, Batman Caped Crusader 1x6 sub, Batman Caped Crusader sinhala sub, Batman Caped Crusader sinhala subtitle download, Batman Caped Crusader series sinhala sub pixelpoplk, Batman Caped Crusader sinhala sub pixelpop.lk, pixelpoplk DC series, බැට්මෑන් සිංහල උපසිරැසි, Batman Caped Crusader full series sinhala subtitles download, Batman Caped Crusader sinhala sub web-dl, pixelpoplk sinhala subtitles, Batman Caped Crusader ඇනිමේෂන් සිංහල සබ්""> <meta name=""description"" content=""Batman Caped Crusader Season 1 Episode 6 Sinhala Subtitles. Download Batman Caped Crusader S01E06 Sinhala Sub online from pixelpoplk."">",https://t.me/Pixelpopnew_bot?start=aP-YdpMmgZw,1
173,2026-08-05 06:40:15.262255+00,Batman: Caped Crusader,https://frdgyadvbdpacwfoqybw.supabase.co/storage/v1/object/public/subtitles/Batman%20Caped%20Crusader%20S01e07%20955765/Batman_Caped_Crusader_S01E07_955765.zip?download,https://image.tmdb.org/t/p/original/tJ7zq4VtvJqUyaRsLeNjpEFDXzk.jpg,"Animation, Action, Adventure, Crime, Drama, Mystery, Sci-Fi","🦇 Batman: Caped Crusader - සිංහල උපසිරැසි 🎬

Batman: Caped Crusader brings a dark, noir-inspired take on the Dark Knight's early days in Gotham City. Produced by Bruce Timm, Matt Reeves, and J.J. Abrams, this animated series is a must-watch for DC fans. Download high-quality 720p WEB-DL video files with Sinhala subtitles directly or via Telegram. Experience the ultimate psychological and action-packed detective story.

Batman: Caped Crusader කියන්නේ DC රසිකයින්ට ලැබුණු අලුත්ම සහ වෙනස්ම විදිහේ ඇනිමේටඩ් කතා මාලාවක්. සුප්‍රසිද්ධ Batman: The Animated Series එක හදපු Bruce Timm වගේම The Batman චිත්‍රපටය අධ්‍යක්ෂණය කරපු Matt Reeves ගේ සහ J.J. Abrams ගේ එකතුවෙන් තමයි මේක නිර්මාණය වෙලා තියෙන්නේ. ඒ නිසාම මේකට ලොකු ප්‍රේක්ෂක ආකර්ෂණයක් ලැබිලා තියෙනවා.

කතාව යන්නේ 1940 දශකයේ අඳුරු Gotham නගරයේ. ගොඩක් දියුණු තාක්ෂණයන් නැති, දූෂණය සහ අපරාධ වලින් පිරිච්ච නගරයක Bruce Wayne තමන්ගේ මුල්ම කාලයේ Batman විදිහට අපරාධකරුවන්ට විරුද්ධව සටන් කරන හැටි තමයි මේකෙන් පෙන්නන්නේ. මේ කතාවේ ඉන්න Batman ටිකක් රළුයි වගේම, අපි දන්න Catwoman, Harley Quinn, Two-Face සහ Penguin වගේ අනිත් චරිතත් මේ කතාවේදී සම්පූර්ණයෙන්ම අලුත් වගේම වෙනස්ම විදිහකට තමයි නිර්මාණය කරලා තියෙන්නේ.

DC කොමික් පොත් වල තිබුණු මුල්ම කාලයේ අඳුරු Noir ගතියට සහ රහස් පරීක්ෂක (Detective) කතා වලට කැමති අයට කිසිම කම්මැලිකමක් නැතුව බලන්න පුළුවන් සුපිරිම කතා මාලාවක් තමයි මේක.

📥 වීඩියෝ පිටපත් සහ උපසිරැසි ලබාගන්නා ආකාරය:
📄 Direct Download: කිසිදු බාධාවකින් තොරව සිංහල උපසිරැසි ගොනුව (SRT) සෘජුවම බාගත කරගත හැක.

✈️ Telegram Download: 720p උසස් තත්ත්වයේ WEB-DL වීඩියෝ පිටපත් Telegram චැනලය හරහා ලබාගත හැක.",7.2,2024,1,7,"<meta name=""keywords"" content=""Batman Caped Crusader Season 1 Episode 7 Sinhala Subtitles, Batman Caped Crusader S01E07 Sinhala Sub, Batman Caped Crusader 1x7 sub, Batman Caped Crusader sinhala sub, Batman Caped Crusader sinhala subtitle download, Batman Caped Crusader series sinhala sub pixelpoplk, Batman Caped Crusader sinhala sub pixelpop.lk, pixelpoplk DC series, බැට්මෑන් සිංහල උපසිරැසි, Batman Caped Crusader full series sinhala subtitles download, Batman Caped Crusader sinhala sub web-dl, pixelpoplk sinhala subtitles, Batman Caped Crusader ඇනිමේෂන් සිංහල සබ්""> <meta name=""description"" content=""Batman Caped Crusader Season 1 Episode 7 Sinhala Subtitles. Download Batman Caped Crusader S01E07 Sinhala Sub online from pixelpoplk."">",https://t.me/Pixelpopnew_bot?start=uAWGS7zYrMQ,1
174,2026-08-05 06:40:15.262255+00,Batman: Caped Crusader,https://frdgyadvbdpacwfoqybw.supabase.co/storage/v1/object/public/subtitles/Batman%20Caped%20Crusader%20S01e08%20817274/Batman_Caped_Crusader_S01E08_817274.zip?download,https://image.tmdb.org/t/p/original/tJ7zq4VtvJqUyaRsLeNjpEFDXzk.jpg,"Animation, Action, Adventure, Crime, Drama, Mystery, Sci-Fi","🦇 Batman: Caped Crusader - සිංහල උපසිරැසි 🎬

Batman: Caped Crusader brings a dark, noir-inspired take on the Dark Knight's early days in Gotham City. Produced by Bruce Timm, Matt Reeves, and J.J. Abrams, this animated series is a must-watch for DC fans. Download high-quality 720p WEB-DL video files with Sinhala subtitles directly or via Telegram. Experience the ultimate psychological and action-packed detective story.

Batman: Caped Crusader කියන්නේ DC රසිකයින්ට ලැබුණු අලුත්ම සහ වෙනස්ම විදිහේ ඇනිමේටඩ් කතා මාලාවක්. සුප්‍රසිද්ධ Batman: The Animated Series එක හදපු Bruce Timm වගේම The Batman චිත්‍රපටය අධ්‍යක්ෂණය කරපු Matt Reeves ගේ සහ J.J. Abrams ගේ එකතුවෙන් තමයි මේක නිර්මාණය වෙලා තියෙන්නේ. ඒ නිසාම මේකට ලොකු ප්‍රේක්ෂක ආකර්ෂණයක් ලැබිලා තියෙනවා.

කතාව යන්නේ 1940 දශකයේ අඳුරු Gotham නගරයේ. ගොඩක් දියුණු තාක්ෂණයන් නැති, දූෂණය සහ අපරාධ වලින් පිරිච්ච නගරයක Bruce Wayne තමන්ගේ මුල්ම කාලයේ Batman විදිහට අපරාධකරුවන්ට විරුද්ධව සටන් කරන හැටි තමයි මේකෙන් පෙන්නන්නේ. මේ කතාවේ ඉන්න Batman ටිකක් රළුයි වගේම, අපි දන්න Catwoman, Harley Quinn, Two-Face සහ Penguin වගේ අනිත් චරිතත් මේ කතාවේදී සම්පූර්ණයෙන්ම අලුත් වගේම වෙනස්ම විදිහකට තමයි නිර්මාණය කරලා තියෙන්නේ.

DC කොමික් පොත් වල තිබුණු මුල්ම කාලයේ අඳුරු Noir ගතියට සහ රහස් පරීක්ෂක (Detective) කතා වලට කැමති අයට කිසිම කම්මැලිකමක් නැතුව බලන්න පුළුවන් සුපිරිම කතා මාලාවක් තමයි මේක.

📥 වීඩියෝ පිටපත් සහ උපසිරැසි ලබාගන්නා ආකාරය:
📄 Direct Download: කිසිදු බාධාවකින් තොරව සිංහල උපසිරැසි ගොනුව (SRT) සෘජුවම බාගත කරගත හැක.

✈️ Telegram Download: 720p උසස් තත්ත්වයේ WEB-DL වීඩියෝ පිටපත් Telegram චැනලය හරහා ලබාගත හැක.",7.2,2024,1,8,"<meta name=""keywords"" content=""Batman Caped Crusader Season 1 Episode 8 Sinhala Subtitles, Batman Caped Crusader S01E08 Sinhala Sub, Batman Caped Crusader 1x8 sub, Batman Caped Crusader sinhala sub, Batman Caped Crusader sinhala subtitle download, Batman Caped Crusader series sinhala sub pixelpoplk, Batman Caped Crusader sinhala sub pixelpop.lk, pixelpoplk DC series, බැට්මෑන් සිංහල උපසිරැසි, Batman Caped Crusader full series sinhala subtitles download, Batman Caped Crusader sinhala sub web-dl, pixelpoplk sinhala subtitles, Batman Caped Crusader ඇනිමේෂන් සිංහල සබ්""> <meta name=""description"" content=""Batman Caped Crusader Season 1 Episode 8 Sinhala Subtitles. Download Batman Caped Crusader S01E08 Sinhala Sub online from pixelpoplk."">",https://t.me/Pixelpopnew_bot?start=-OFIIL8N0bk,1
175,2026-08-05 06:40:15.262255+00,Batman: Caped Crusader,https://frdgyadvbdpacwfoqybw.supabase.co/storage/v1/object/public/subtitles/Batman%20Caped%20Crusader%20S01e09%20177201/Batman_Caped_Crusader_S01E09_177201.zip?download,https://image.tmdb.org/t/p/original/tJ7zq4VtvJqUyaRsLeNjpEFDXzk.jpg,"Animation, Action, Adventure, Crime, Drama, Mystery, Sci-Fi","🦇 Batman: Caped Crusader - සිංහල උපසිරැසි 🎬

Batman: Caped Crusader brings a dark, noir-inspired take on the Dark Knight's early days in Gotham City. Produced by Bruce Timm, Matt Reeves, and J.J. Abrams, this animated series is a must-watch for DC fans. Download high-quality 720p WEB-DL video files with Sinhala subtitles directly or via Telegram. Experience the ultimate psychological and action-packed detective story.

Batman: Caped Crusader කියන්නේ DC රසිකයින්ට ලැබුණු අලුත්ම සහ වෙනස්ම විදිහේ ඇනිමේටඩ් කතා මාලාවක්. සුප්‍රසිද්ධ Batman: The Animated Series එක හදපු Bruce Timm වගේම The Batman චිත්‍රපටය අධ්‍යක්ෂණය කරපු Matt Reeves ගේ සහ J.J. Abrams ගේ එකතුවෙන් තමයි මේක නිර්මාණය වෙලා තියෙන්නේ. ඒ නිසාම මේකට ලොකු ප්‍රේක්ෂක ආකර්ෂණයක් ලැබිලා තියෙනවා.

කතාව යන්නේ 1940 දශකයේ අඳුරු Gotham නගරයේ. ගොඩක් දියුණු තාක්ෂණයන් නැති, දූෂණය සහ අපරාධ වලින් පිරිච්ච නගරයක Bruce Wayne තමන්ගේ මුල්ම කාලයේ Batman විදිහට අපරාධකරුවන්ට විරුද්ධව සටන් කරන හැටි තමයි මේකෙන් පෙන්නන්නේ. මේ කතාවේ ඉන්න Batman ටිකක් රළුයි වගේම, අපි දන්න Catwoman, Harley Quinn, Two-Face සහ Penguin වගේ අනිත් චරිතත් මේ කතාවේදී සම්පූර්ණයෙන්ම අලුත් වගේම වෙනස්ම විදිහකට තමයි නිර්මාණය කරලා තියෙන්නේ.

DC කොමික් පොත් වල තිබුණු මුල්ම කාලයේ අඳුරු Noir ගතියට සහ රහස් පරීක්ෂක (Detective) කතා වලට කැමති අයට කිසිම කම්මැලිකමක් නැතුව බලන්න පුළුවන් සුපිරිම කතා මාලාවක් තමයි මේක.

📥 වීඩියෝ පිටපත් සහ උපසිරැසි ලබාගන්නා ආකාරය:
📄 Direct Download: කිසිදු බාධාවකින් තොරව සිංහල උපසිරැසි ගොනුව (SRT) සෘජුවම බාගත කරගත හැක.

✈️ Telegram Download: 720p උසස් තත්ත්වයේ WEB-DL වීඩියෝ පිටපත් Telegram චැනලය හරහා ලබාගත හැක.",7.2,2024,1,9,"<meta name=""keywords"" content=""Batman Caped Crusader Season 1 Episode 9 Sinhala Subtitles, Batman Caped Crusader S01E09 Sinhala Sub, Batman Caped Crusader 1x9 sub, Batman Caped Crusader sinhala sub, Batman Caped Crusader sinhala subtitle download, Batman Caped Crusader series sinhala sub pixelpoplk, Batman Caped Crusader sinhala sub pixelpop.lk, pixelpoplk DC series, බැට්මෑන් සිංහල උපසිරැසි, Batman Caped Crusader full series sinhala subtitles download, Batman Caped Crusader sinhala sub web-dl, pixelpoplk sinhala subtitles, Batman Caped Crusader ඇනිමේෂන් සිංහල සබ්""> <meta name=""description"" content=""Batman Caped Crusader Season 1 Episode 9 Sinhala Subtitles. Download Batman Caped Crusader S01E09 Sinhala Sub online from pixelpoplk."">",https://t.me/Pixelpopnew_bot?start=y2wHtYalp2Y,1
176,2026-08-05 06:40:15.262255+00,Batman: Caped Crusader,https://frdgyadvbdpacwfoqybw.supabase.co/storage/v1/object/public/subtitles/Batman%20Caped%20Crusader%20S01e10%20918984/Batman_Caped_Crusader_S01E10_918984.zip?download,https://image.tmdb.org/t/p/original/tJ7zq4VtvJqUyaRsLeNjpEFDXzk.jpg,"Animation, Action, Adventure, Crime, Drama, Mystery, Sci-Fi","🦇 Batman: Caped Crusader - සිංහල උපසිරැසි 🎬

Batman: Caped Crusader brings a dark, noir-inspired take on the Dark Knight's early days in Gotham City. Produced by Bruce Timm, Matt Reeves, and J.J. Abrams, this animated series is a must-watch for DC fans. Download high-quality 720p WEB-DL video files with Sinhala subtitles directly or via Telegram. Experience the ultimate psychological and action-packed detective story.

Batman: Caped Crusader කියන්නේ DC රසිකයින්ට ලැබුණු අලුත්ම සහ වෙනස්ම විදිහේ ඇනිමේටඩ් කතා මාලාවක්. සුප්‍රසිද්ධ Batman: The Animated Series එක හදපු Bruce Timm වගේම The Batman චිත්‍රපටය අධ්‍යක්ෂණය කරපු Matt Reeves ගේ සහ J.J. Abrams ගේ එකතුවෙන් තමයි මේක නිර්මාණය වෙලා තියෙන්නේ. ඒ නිසාම මේකට ලොකු ප්‍රේක්ෂක ආකර්ෂණයක් ලැබිලා තියෙනවා.

කතාව යන්නේ 1940 දශකයේ අඳුරු Gotham නගරයේ. ගොඩක් දියුණු තාක්ෂණයන් නැති, දූෂණය සහ අපරාධ වලින් පිරිච්ච නගරයක Bruce Wayne තමන්ගේ මුල්ම කාලයේ Batman විදිහට අපරාධකරුවන්ට විරුද්ධව සටන් කරන හැටි තමයි මේකෙන් පෙන්නන්නේ. මේ කතාවේ ඉන්න Batman ටිකක් රළුයි වගේම, අපි දන්න Catwoman, Harley Quinn, Two-Face සහ Penguin වගේ අනිත් චරිතත් මේ කතාවේදී සම්පූර්ණයෙන්ම අලුත් වගේම වෙනස්ම විදිහකට තමයි නිර්මාණය කරලා තියෙන්නේ.

DC කොමික් පොත් වල තිබුණු මුල්ම කාලයේ අඳුරු Noir ගතියට සහ රහස් පරීක්ෂක (Detective) කතා වලට කැමති අයට කිසිම කම්මැලිකමක් නැතුව බලන්න පුළුවන් සුපිරිම කතා මාලාවක් තමයි මේක.

📥 වීඩියෝ පිටපත් සහ උපසිරැසි ලබාගන්නා ආකාරය:
📄 Direct Download: කිසිදු බාධාවකින් තොරව සිංහල උපසිරැසි ගොනුව (SRT) සෘජුවම බාගත කරගත හැක.

✈️ Telegram Download: 720p උසස් තත්ත්වයේ WEB-DL වීඩියෝ පිටපත් Telegram චැනලය හරහා ලබාගත හැක.",7.2,2024,1,10,"<meta name=""keywords"" content=""Batman Caped Crusader Season 1 Episode 10 Sinhala Subtitles, Batman Caped Crusader S01E10 Sinhala Sub, Batman Caped Crusader 1x10 sub, Batman Caped Crusader sinhala sub, Batman Caped Crusader sinhala subtitle download, Batman Caped Crusader series sinhala sub pixelpoplk, Batman Caped Crusader sinhala sub pixelpop.lk, pixelpoplk DC series, බැට්මෑන් සිංහල උපසිරැසි, Batman Caped Crusader full series sinhala subtitles download, Batman Caped Crusader sinhala sub web-dl, pixelpoplk sinhala subtitles, Batman Caped Crusader ඇනිමේෂන් සිංහල සබ්""> <meta name=""description"" content=""Batman Caped Crusader Season 1 Episode 10 Sinhala Subtitles. Download Batman Caped Crusader S01E10 Sinhala Sub online from pixelpoplk."">",https://t.me/Pixelpopnew_bot?start=873lLDC5gUQ,1
177,2026-08-05 14:04:25.09645+00,The Sopranos,https://frdgyadvbdpacwfoqybw.supabase.co/storage/v1/object/public/subtitles/The%20Sopranos%20S02e08%20397981/The_Sopranos_S02E08_397981.zip?download,https://image.tmdb.org/t/p/original/u7dlARwP2zsqHaMNL5HtHhaEPea.jpg,"Crime, Drama","🎬 The Sopranos Season 2 - සිංහල උපසිරැසි 🎬

Continue the legendary journey with The Sopranos Season 2, one of the most intense and captivating chapters in television history. As Tony Soprano steps up to lead the DiMeo family, he faces growing pressure, rivalry from close associates, and unresolved personal turmoil that threatens his empire and family life.

Download all episodes of The Sopranos Season 2 in high-definition quality. Choose from 720p, 1080p WEB-DL video files, all paired with accurate Sinhala subtitles. Access your files instantly via high-speed direct download links or convenient Telegram links.

නිව් ජර්සි නගරය කේන්ද්‍ර කරගනිමින් ක්‍රියාත්මක වන ප්‍රබල කණ්ඩායමක ප්‍රධානියෙකු වන ටෝනි සෝප්‍රානෝ (Tony Soprano) සාමාන්‍ය පවුල් ජීවිතයත්, ඔහුගේ රහසිගත ව්‍යාපාරික ලෝකයත් අතර දෝලනය වන චරිතයකි. පළමු කලාපය ආරම්භ වන්නේ ඔහු මුහුණ දෙන අභ්‍යන්තර සහ බාහිර ගැටුම් රැසක් සමඟිනි. අධික මානසික පීඩනය නිසා ඇති වන හදිසි ක්ලාන්ත සහ භීතිකා තත්ත්වයන් (Panic Attacks) හේතුවෙන්, ටෝනිට සිදුවන්නේ රහසින් මනෝ වෛද්‍ය ජෙනිෆර් මෙල්ෆි (Dr. Jennifer Melfi) හමුවී ප්‍රතිකාර ලබා ගැනීමටය. ඔහුගේ ව්‍යාපාරික වටපිටාව තුළ මෙවැනි ප්‍රතිකාර ලබා ගැනීම දුර්වලතාවයක් ලෙස සැලකිය හැකි බැවින්, මෙම වෛද්‍ය හමුවීම් සඟවා තබා ගැනීමට ඔහුට දැඩි වෙහෙසක් දැරීමට සිදු වේ.

මේ අතර, පෙර සිටි ප්‍රධානියාගේ අභාවයත් සමඟ නායකත්වය සඳහා ටෝනි සහ ඔහුගේ බාප්පා වන ජූනියර් (Uncle Junior) අතර දැඩි බල අරගලයක් නිර්මාණය වේ. අනවශ්‍ය ගැටුම් මඟහරවා ගැනීම සඳහා ටෝනි ඉතා සූක්ෂ්ම ලෙස ජූනියර්ව නාමිකව පවුලේ ප්‍රධානියා (Official Boss) ලෙස පත් කිරීමට කටයුතු කරයි. කෙසේ වෙතත්, සැබෑ බලය සහ ප්‍රධාන තීරණ ගැනීම් සිදු කරන්නේ ටෝනි සහ ඔහුගේ සමීපතම කණ්ඩායම විසින් වන අතර, මෙය ජූනියර්ගේ නොසතුටට හේතු වේ.

ටෝනිගේ පෞද්ගලික ජීවිතය ද මෙවැනිම ගැටලුවලින් පිරී පවතී. ඔහුගේ අහංකාර සහ මානසිකව පීඩාකාරී මව වන ලිවියා (Livia) ව බලා ගැනීමට නොහැකි තැන, ටෝනි ඇයව විශ්‍රාමික නිවාසයක නතර කිරීමට තීරණය කරයි. තමන්ව මෙවැනි තැනකට යැවීම පිළිබඳව දැඩි අමනාපයකින් පසුවන ලිවියා, ටෝනි කෙරෙහි විරෝධයෙන් පසුවේ.

ටෝනි රහසින් මනෝ වෛද්‍යවරයෙකු හමුවන බවත්, තමන්ව රවටා පවුලේ බලය හසුරුවන බවත් ජූනියර් මාමා දැනගන්නේ මෙම වටපිටාව තුළය. මේ සඳහා ලිවියා ද වක්‍රව ජූනියර්ව පොළඹවන අතර, එහි ප්‍රතිඵලයක් ලෙස ඔවුන් දෙදෙනා එක්ව ටෝනිට එරෙහිව දැඩි සැලසුම් සකස් කරයි. කෙසේ වෙතත්, එම අනපේක්ෂිත උපක්‍රමවලින් ඉතා ආශ්චර්යමත් ලෙස ටෝනි බේරීමට සමත් වේ. පසුව, රහසිගත තොරතුරු මාර්ගයෙන් තමන්ට එරෙහිව මෙම කුමන්ත්‍රණ මෙහෙයවූයේ තමන්ගේම මව සහ බාප්පා බව ටෝනි වටහා ගනී.

පළමු කලාපය අවසන් වන්නේ මෙම පාවාදීම් පිළිබඳ ඇත්ත හෙළිවීමත් සමඟය. ටෝනිගේ ප්‍රතිචාර හමුවේ ජූනියර් මාමාගේ සැලසුම් සහ සමීපතමයින්ගේ බලය බිඳ වැටෙන අතර, අවසානයේදී ජූනියර් නීතියේ රැහැනට හසු වේ. තම පුතාගේ කෝපයෙන් බේරීම සඳහා ලිවියා රෝහල්ගත වේ. පළමු කලාපය නිමාවට පත්වන විට ටෝනි පවුලේ අවිවාදිත සැබෑ නායකයා බවට පත් වුවද, සමීපතමයන්ගෙන් ලැබුණු ද්‍රෝහීකම් නිසා ඔහුගේ සිත තුළ ගැඹුරු කැලඹීමක් ඉතිරි වේ. දෙවන කලාපය ආරම්භ වන්නේ මෙම සිදුවීම් මාලාවෙන් පසුව ඇති වන නව අභියෝග රැසක් සමඟිනි.

📥 වීඩියෝ පිටපත් සහ උපසිරැසි ලබාගන්නා ආකාරය:

📄 Direct Download: කිසිදු බාධාවකින් තොරව සිංහල උපසිරැසි ගොනුව (SRT) සෘජුවම බාගත කරගත හැක.

✈️ Telegram download: 720p සහ 1080p උසස් තත්ත්වයේ WEBRip වීඩියෝ පිටපත් ටෙලිග්‍රෑම් චැනලය හරහා ලබාගත හැක.",9.2,2000,2,8,"<meta name=""keywords"" content=""The Sopranos Season 2 Episode 8 Sinhala Subtitles, The Sopranos S02E08 Sinhala Sub, The Sopranos 2x8 sub, The Sopranos sinhala sub download, The Sopranos series sinhala sub pixelpoplk, pixelpoplk, Tony Soprano, Drama series Sinhala Sub""> <meta name=""description"" content=""The Sopranos Season 2 Episode 8 Sinhala Subtitles. Download The Sopranos S02E08 Sinhala Sub online from pixelpoplk."">",https://t.me/Pixelpopnew_bot?start=8mDwdOCxUhA,7
178,2026-08-05 14:04:25.09645+00,The Sopranos,https://frdgyadvbdpacwfoqybw.supabase.co/storage/v1/object/public/subtitles/The%20Sopranos%20S02e09%20375801/The_Sopranos_S02E09_375801.zip?download,https://image.tmdb.org/t/p/original/u7dlARwP2zsqHaMNL5HtHhaEPea.jpg,"Crime, Drama","🎬 The Sopranos Season 2 - සිංහල උපසිරැසි 🎬

Continue the legendary journey with The Sopranos Season 2, one of the most intense and captivating chapters in television history. As Tony Soprano steps up to lead the DiMeo family, he faces growing pressure, rivalry from close associates, and unresolved personal turmoil that threatens his empire and family life.

Download all episodes of The Sopranos Season 2 in high-definition quality. Choose from 720p, 1080p WEB-DL video files, all paired with accurate Sinhala subtitles. Access your files instantly via high-speed direct download links or convenient Telegram links.

නිව් ජර්සි නගරය කේන්ද්‍ර කරගනිමින් ක්‍රියාත්මක වන ප්‍රබල කණ්ඩායමක ප්‍රධානියෙකු වන ටෝනි සෝප්‍රානෝ (Tony Soprano) සාමාන්‍ය පවුල් ජීවිතයත්, ඔහුගේ රහසිගත ව්‍යාපාරික ලෝකයත් අතර දෝලනය වන චරිතයකි. පළමු කලාපය ආරම්භ වන්නේ ඔහු මුහුණ දෙන අභ්‍යන්තර සහ බාහිර ගැටුම් රැසක් සමඟිනි. අධික මානසික පීඩනය නිසා ඇති වන හදිසි ක්ලාන්ත සහ භීතිකා තත්ත්වයන් (Panic Attacks) හේතුවෙන්, ටෝනිට සිදුවන්නේ රහසින් මනෝ වෛද්‍ය ජෙනිෆර් මෙල්ෆි (Dr. Jennifer Melfi) හමුවී ප්‍රතිකාර ලබා ගැනීමටය. ඔහුගේ ව්‍යාපාරික වටපිටාව තුළ මෙවැනි ප්‍රතිකාර ලබා ගැනීම දුර්වලතාවයක් ලෙස සැලකිය හැකි බැවින්, මෙම වෛද්‍ය හමුවීම් සඟවා තබා ගැනීමට ඔහුට දැඩි වෙහෙසක් දැරීමට සිදු වේ.

මේ අතර, පෙර සිටි ප්‍රධානියාගේ අභාවයත් සමඟ නායකත්වය සඳහා ටෝනි සහ ඔහුගේ බාප්පා වන ජූනියර් (Uncle Junior) අතර දැඩි බල අරගලයක් නිර්මාණය වේ. අනවශ්‍ය ගැටුම් මඟහරවා ගැනීම සඳහා ටෝනි ඉතා සූක්ෂ්ම ලෙස ජූනියර්ව නාමිකව පවුලේ ප්‍රධානියා (Official Boss) ලෙස පත් කිරීමට කටයුතු කරයි. කෙසේ වෙතත්, සැබෑ බලය සහ ප්‍රධාන තීරණ ගැනීම් සිදු කරන්නේ ටෝනි සහ ඔහුගේ සමීපතම කණ්ඩායම විසින් වන අතර, මෙය ජූනියර්ගේ නොසතුටට හේතු වේ.

ටෝනිගේ පෞද්ගලික ජීවිතය ද මෙවැනිම ගැටලුවලින් පිරී පවතී. ඔහුගේ අහංකාර සහ මානසිකව පීඩාකාරී මව වන ලිවියා (Livia) ව බලා ගැනීමට නොහැකි තැන, ටෝනි ඇයව විශ්‍රාමික නිවාසයක නතර කිරීමට තීරණය කරයි. තමන්ව මෙවැනි තැනකට යැවීම පිළිබඳව දැඩි අමනාපයකින් පසුවන ලිවියා, ටෝනි කෙරෙහි විරෝධයෙන් පසුවේ.

ටෝනි රහසින් මනෝ වෛද්‍යවරයෙකු හමුවන බවත්, තමන්ව රවටා පවුලේ බලය හසුරුවන බවත් ජූනියර් මාමා දැනගන්නේ මෙම වටපිටාව තුළය. මේ සඳහා ලිවියා ද වක්‍රව ජූනියර්ව පොළඹවන අතර, එහි ප්‍රතිඵලයක් ලෙස ඔවුන් දෙදෙනා එක්ව ටෝනිට එරෙහිව දැඩි සැලසුම් සකස් කරයි. කෙසේ වෙතත්, එම අනපේක්ෂිත උපක්‍රමවලින් ඉතා ආශ්චර්යමත් ලෙස ටෝනි බේරීමට සමත් වේ. පසුව, රහසිගත තොරතුරු මාර්ගයෙන් තමන්ට එරෙහිව මෙම කුමන්ත්‍රණ මෙහෙයවූයේ තමන්ගේම මව සහ බාප්පා බව ටෝනි වටහා ගනී.

පළමු කලාපය අවසන් වන්නේ මෙම පාවාදීම් පිළිබඳ ඇත්ත හෙළිවීමත් සමඟය. ටෝනිගේ ප්‍රතිචාර හමුවේ ජූනියර් මාමාගේ සැලසුම් සහ සමීපතමයින්ගේ බලය බිඳ වැටෙන අතර, අවසානයේදී ජූනියර් නීතියේ රැහැනට හසු වේ. තම පුතාගේ කෝපයෙන් බේරීම සඳහා ලිවියා රෝහල්ගත වේ. පළමු කලාපය නිමාවට පත්වන විට ටෝනි පවුලේ අවිවාදිත සැබෑ නායකයා බවට පත් වුවද, සමීපතමයන්ගෙන් ලැබුණු ද්‍රෝහීකම් නිසා ඔහුගේ සිත තුළ ගැඹුරු කැලඹීමක් ඉතිරි වේ. දෙවන කලාපය ආරම්භ වන්නේ මෙම සිදුවීම් මාලාවෙන් පසුව ඇති වන නව අභියෝග රැසක් සමඟිනි.

📥 වීඩියෝ පිටපත් සහ උපසිරැසි ලබාගන්නා ආකාරය:

📄 Direct Download: කිසිදු බාධාවකින් තොරව සිංහල උපසිරැසි ගොනුව (SRT) සෘජුවම බාගත කරගත හැක.

✈️ Telegram download: 720p සහ 1080p උසස් තත්ත්වයේ WEBRip වීඩියෝ පිටපත් ටෙලිග්‍රෑම් චැනලය හරහා ලබාගත හැක.",9.2,2000,2,9,"<meta name=""keywords"" content=""The Sopranos Season 2 Episode 9 Sinhala Subtitles, The Sopranos S02E09 Sinhala Sub, The Sopranos 2x9 sub, The Sopranos sinhala sub download, The Sopranos series sinhala sub pixelpoplk, pixelpoplk, Tony Soprano, Drama series Sinhala Sub""> <meta name=""description"" content=""The Sopranos Season 2 Episode 9 Sinhala Subtitles. Download The Sopranos S02E09 Sinhala Sub online from pixelpoplk."">",https://t.me/Pixelpopnew_bot?start=XaKaYZ4OYgw,8
179,2026-08-05 14:04:25.09645+00,The Sopranos,https://frdgyadvbdpacwfoqybw.supabase.co/storage/v1/object/public/subtitles/The%20Sopranos%20S02e10%20504007/The_Sopranos_S02E10_504007.zip?download,https://image.tmdb.org/t/p/original/u7dlARwP2zsqHaMNL5HtHhaEPea.jpg,"Crime, Drama","🎬 The Sopranos Season 2 - සිංහල උපසිරැසි 🎬

Continue the legendary journey with The Sopranos Season 2, one of the most intense and captivating chapters in television history. As Tony Soprano steps up to lead the DiMeo family, he faces growing pressure, rivalry from close associates, and unresolved personal turmoil that threatens his empire and family life.

Download all episodes of The Sopranos Season 2 in high-definition quality. Choose from 720p, 1080p WEB-DL video files, all paired with accurate Sinhala subtitles. Access your files instantly via high-speed direct download links or convenient Telegram links.

නිව් ජර්සි නගරය කේන්ද්‍ර කරගනිමින් ක්‍රියාත්මක වන ප්‍රබල කණ්ඩායමක ප්‍රධානියෙකු වන ටෝනි සෝප්‍රානෝ (Tony Soprano) සාමාන්‍ය පවුල් ජීවිතයත්, ඔහුගේ රහසිගත ව්‍යාපාරික ලෝකයත් අතර දෝලනය වන චරිතයකි. පළමු කලාපය ආරම්භ වන්නේ ඔහු මුහුණ දෙන අභ්‍යන්තර සහ බාහිර ගැටුම් රැසක් සමඟිනි. අධික මානසික පීඩනය නිසා ඇති වන හදිසි ක්ලාන්ත සහ භීතිකා තත්ත්වයන් (Panic Attacks) හේතුවෙන්, ටෝනිට සිදුවන්නේ රහසින් මනෝ වෛද්‍ය ජෙනිෆර් මෙල්ෆි (Dr. Jennifer Melfi) හමුවී ප්‍රතිකාර ලබා ගැනීමටය. ඔහුගේ ව්‍යාපාරික වටපිටාව තුළ මෙවැනි ප්‍රතිකාර ලබා ගැනීම දුර්වලතාවයක් ලෙස සැලකිය හැකි බැවින්, මෙම වෛද්‍ය හමුවීම් සඟවා තබා ගැනීමට ඔහුට දැඩි වෙහෙසක් දැරීමට සිදු වේ.

මේ අතර, පෙර සිටි ප්‍රධානියාගේ අභාවයත් සමඟ නායකත්වය සඳහා ටෝනි සහ ඔහුගේ බාප්පා වන ජූනියර් (Uncle Junior) අතර දැඩි බල අරගලයක් නිර්මාණය වේ. අනවශ්‍ය ගැටුම් මඟහරවා ගැනීම සඳහා ටෝනි ඉතා සූක්ෂ්ම ලෙස ජූනියර්ව නාමිකව පවුලේ ප්‍රධානියා (Official Boss) ලෙස පත් කිරීමට කටයුතු කරයි. කෙසේ වෙතත්, සැබෑ බලය සහ ප්‍රධාන තීරණ ගැනීම් සිදු කරන්නේ ටෝනි සහ ඔහුගේ සමීපතම කණ්ඩායම විසින් වන අතර, මෙය ජූනියර්ගේ නොසතුටට හේතු වේ.

ටෝනිගේ පෞද්ගලික ජීවිතය ද මෙවැනිම ගැටලුවලින් පිරී පවතී. ඔහුගේ අහංකාර සහ මානසිකව පීඩාකාරී මව වන ලිවියා (Livia) ව බලා ගැනීමට නොහැකි තැන, ටෝනි ඇයව විශ්‍රාමික නිවාසයක නතර කිරීමට تීරණය කරයි. තමන්ව මෙවැනි තැනකට යැවීම පිළිබඳව දැඩි අමනාපයකින් පසුවන ලිවියා, ටෝනි කෙරෙහි විරෝධයෙන් පසුවේ.

ටෝනි රහසින් මනෝ වෛද්‍යවරයෙකු හමුවන බවත්, තමන්ව රවටා පවුලේ බලය හසුරුවන බවත් ජූනියර් මාමා දැනගන්නේ මෙම වටපිටාව තුළය. මේ සඳහා ලිවියා ද වක්‍රව ජූනියර්ව පොළඹවන අතර, එහි ප්‍රතිඵලයක් ලෙස ඔවුන් දෙදෙනා එක්ව ටෝනිට එරෙහිව දැඩි සැලසුම් සකස් කරයි. කෙසේ වෙතත්, එම අනපේක්ෂිත උපක්‍රමවලින් ඉතා ආශ්චර්යමත් ලෙස ටෝනි බේරීමට සමත් වේ. පසුව, රහසිගත තොරතුරු මාර්ගයෙන් තමන්ට එරෙහිව මෙම කුමන්ත්‍රණ මෙහෙයවූයේ තමන්ගේම මව සහ බාප්පා බව ටෝනි වටහා ගනී.

පළමු කලාපය අවසන් වන්නේ මෙම පාවාදීම් පිළිබඳ ඇත්ත හෙළිවීමත් සමඟය. ටෝනිගේ ප්‍රතිචාර හමුවේ ජූනියර් මාමාගේ සැලසුම් සහ සමීපතමයින්ගේ බලය බිඳ වැටෙන අතර, අවසානයේදී ජූනියර් නීතියේ රැහැනට හසු වේ. තම පුතාගේ කෝපයෙන් බේරීම සඳහා ලිවියා රෝහල්ගත වේ. පළමු කලාපය නිමාවට පත්වන විට ටෝනි පවුලේ අවිවාදිත සැබෑ නායකයා බවට පත් වුවද, සමීපතමයන්ගෙන් ලැබුණු ද්‍රෝහීකම් නිසා ඔහුගේ සිත තුළ ගැඹුරු කැලඹීමක් ඉතිරි වේ. දෙවන කලාපය ආරම්භ වන්නේ මෙම සිදුවීම් මාලාවෙන් පසුව ඇති වන නව අභියෝග රැසක් සමඟිනි.

📥 වීඩියෝ පිටපත් සහ උපසිරැසි ලබාගන්නා ආකාරය:

📄 Direct Download: කිසිදු බාධාවකින් තොරව සිංහල උපසිරැසි ගොනුව (SRT) සෘජුවම බාගත කරගත හැක.

✈️ Telegram download: 720p සහ 1080p උසස් තත්ත්වයේ WEBRip වීඩියෝ පිටපත් ටෙලිග්‍රෑම් චැනලය හරහා ලබාගත හැක.",9.2,2000,2,10,"<meta name=""keywords"" content=""The Sopranos Season 2 Episode 10 Sinhala Subtitles, The Sopranos S02E10 Sinhala Sub, The Sopranos 2x10 sub, The Sopranos sinhala sub download, The Sopranos series sinhala sub pixelpoplk, pixelpoplk, Tony Soprano, Drama series Sinhala Sub""> <meta name=""description"" content=""The Sopranos Season 2 Episode 10 Sinhala Subtitles. Download The Sopranos S02E10 Sinhala Sub online from pixelpoplk."">",https://t.me/Pixelpopnew_bot?start=oJ3D1pN4eoI,7
180,2026-08-05 14:04:25.09645+00,The Sopranos,https://frdgyadvbdpacwfoqybw.supabase.co/storage/v1/object/public/subtitles/The%20Sopranos%20S02e11%20326649/The_Sopranos_S02E11_326649.zip?download,https://image.tmdb.org/t/p/original/u7dlARwP2zsqHaMNL5HtHhaEPea.jpg,"Crime, Drama","🎬 The Sopranos Season 2 - සිංහල උපසිරැසි 🎬

Continue the legendary journey with The Sopranos Season 2, one of the most intense and captivating chapters in television history. As Tony Soprano steps up to lead the DiMeo family, he faces growing pressure, rivalry from close associates, and unresolved personal turmoil that threatens his empire and family life.

Download all episodes of The Sopranos Season 2 in high-definition quality. Choose from 720p, 1080p WEB-DL video files, all paired with accurate Sinhala subtitles. Access your files instantly via high-speed direct download links or convenient Telegram links.

නිව් ජර්සි නගරය කේන්ද්‍ර කරගනිමින් ක්‍රියාත්මක වන ප්‍රබල කණ්ඩායමක ප්‍රධානියෙකු වන ටෝනි සෝප්‍රානෝ (Tony Soprano) සාමාන්‍ය පවුල් ජීවිතයත්, ඔහුගේ රහසිගත ව්‍යාපාරික ලෝකයත් අතර දෝලනය වන චරිතයකි. පළමු කලාපය ආරම්භ වන්නේ ඔහු මුහුණ දෙන අභ්‍යන්තර සහ බාහිර ගැටුම් රැසක් සමඟිනි. අධික මානසික පීඩනය නිසා ඇති වන හදිසි ක්ලාන්ත සහ භීතිකා තත්ත්වයන් (Panic Attacks) හේතුවෙන්, ටෝනිට සිදුවන්නේ රහසින් මනෝ වෛද්‍ය ජෙනිෆර් මෙල්ෆි (Dr. Jennifer Melfi) හමුවී ප්‍රතිකාර ලබා ගැනීමටය. ඔහුගේ ව්‍යාපාරික වටපිටාව තුළ මෙවැනි ප්‍රතිකාර ලබා ගැනීම දුර්වලතාවයක් ලෙස සැලකිය හැකි බැවින්, මෙම වෛද්‍ය හමුවීම් සඟවා තබා ගැනීමට ඔහුට දැඩි වෙහෙසක් දැරීමට සිදු වේ.

මේ අතර, පෙර සිටි ප්‍රධානියාගේ අභාවයත් සමඟ නායකත්වය සඳහා ටෝනි සහ ඔහුගේ බාප්පා වන ජූනියර් (Uncle Junior) අතර දැඩි බල අරගලයක් නිර්මාණය වේ. අනවශ්‍ය ගැටුම් මඟහරවා ගැනීම සඳහා ටෝනි ඉතා සූක්ෂ්ම ලෙස ජූනියර්ව නාමිකව පවුලේ ප්‍රධානියා (Official Boss) ලෙස පත් කිරීමට කටයුතු කරයි. කෙසේ වෙතත්, සැබෑ බලය සහ ප්‍රධාන තීරණ ගැනීම් සිදු කරන්නේ ටෝනි සහ ඔහුගේ සමීපතම කණ්ඩායම විසින් වන අතර, මෙය ජූනියර්ගේ නොසතුටට හේතු වේ.

ටෝනිගේ පෞද්ගලික ජීවිතය ද මෙවැනිම ගැටලුවලින් පිරී පවතී. ඔහුගේ අහංකාර සහ මානසිකව පීඩාකාරී මව වන ලිවියා (Livia) ව බලා ගැනීමට නොහැකි තැන, ටෝනි ඇයව විශ්‍රාමික නිවාසයක නතර කිරීමට තීරණය කරයි. තමන්ව මෙවැනි තැනකට යැවීම පිළිබඳව දැඩි අමනාපයකින් පසුවන ලිවියා, ටෝනි කෙරෙහි විරෝධයෙන් පසුවේ.

ටෝනි රහසින් මනෝ වෛද්‍යවරයෙකු හමුවන බවත්, තමන්ව රවටා පවුලේ බලය හසුරුවන බවත් ජූනියර් මාමා දැනගන්නේ මෙම වටපිටාව තුළය. මේ සඳහා ලිවියා ද වක්‍රව ජූනියර්ව පොළඹවන අතර, එහි ප්‍රතිඵලයක් ලෙස ඔවුන් දෙදෙනා එක්ව ටෝනිට එරෙහිව දැඩි සැලසුම් සකස් කරයි. කෙසේ වෙතත්, එම අනපේක්ෂිත උපක්‍රමවලින් ඉතා ආශ්චර්යමත් ලෙස ටෝනි බේරීමට සමත් වේ. පසුව, රහසිගත තොරතුරු මාර්ගයෙන් තමන්ට එරෙහිව මෙම කුමන්ත්‍රණ මෙහෙයවූයේ තමන්ගේම මව සහ බාප්පා බව ටෝනි වටහා ගනී.

පළමු කලාපය අවසන් වන්නේ මෙම පාවාදීම් පිළිබඳ ඇත්ත හෙළිවීමත් සමඟය. ටෝනිගේ ප්‍රතිචාර හමුවේ ජූනියර් මාමාගේ සැලසුම් සහ සමීපතමයින්ගේ බලය බිඳ වැටෙන අතර, අවසානයේදී ජූනියර් නීතියේ රැහැනට හසු වේ. තම පුතාගේ කෝපයෙන් බේරීම සඳහා ලිවියා රෝහල්ගත වේ. පළමු කලාපය නිමාවට පත්වන විට ටෝනි පවුලේ අවිවාදිත සැබෑ නායකයා බවට පත් වුවද, සමීපතමයන්ගෙන් ලැබුණු ද්‍රෝහීකම් නිසා ඔහුගේ සිත තුළ ගැඹුරු කැලඹීමක් ඉතිරි වේ. දෙවන කලාපය ආරම්භ වන්නේ මෙම සිදුවීම් මාලාවෙන් පසුව ඇති වන නව අභියෝග රැසක් සමඟිනි.

📥 වීඩියෝ පිටපත් සහ උපසිරැසි ලබාගන්නා ආකාරය:

📄 Direct Download: කිසිදු බාධාවකින් තොරව සිංහල උපසිරැසි ගොනුව (SRT) සෘජුවම බාගත කරගත හැක.

✈️ Telegram download: 720p සහ 1080p උසස් තත්ත්වයේ WEBRip වීඩියෝ පිටපත් ටෙලිග්‍රෑම් චැනලය හරහා ලබාගත හැක.",9.2,2000,2,11,"<meta name=""keywords"" content=""The Sopranos Season 2 Episode 11 Sinhala Subtitles, The Sopranos S02E11 Sinhala Sub, The Sopranos 2x11 sub, The Sopranos sinhala sub download, The Sopranos series sinhala sub pixelpoplk, pixelpoplk, Tony Soprano, Drama series Sinhala Sub""> <meta name=""description"" content=""The Sopranos Season 2 Episode 11 Sinhala Subtitles. Download The Sopranos S02E11 Sinhala Sub online from pixelpoplk."">",https://t.me/Pixelpopnew_bot?start=iqbq-BUrEx4,7
181,2026-08-05 14:04:25.09645+00,The Sopranos,https://frdgyadvbdpacwfoqybw.supabase.co/storage/v1/object/public/subtitles/The%20Sopranos%20S02e12%20646366/The_Sopranos_S02E12_646366.zip?download,https://image.tmdb.org/t/p/original/u7dlARwP2zsqHaMNL5HtHhaEPea.jpg,"Crime, Drama","🎬 The Sopranos Season 2 - සිංහල උපසිරැසි 🎬

Continue the legendary journey with The Sopranos Season 2, one of the most intense and captivating chapters in television history. As Tony Soprano steps up to lead the DiMeo family, he faces growing pressure, rivalry from close associates, and unresolved personal turmoil that threatens his empire and family life.

Download all episodes of The Sopranos Season 2 in high-definition quality. Choose from 720p, 1080p WEB-DL video files, all paired with accurate Sinhala subtitles. Access your files instantly via high-speed direct download links or convenient Telegram links.

නිව් ජර්සි නගරය කේන්ද්‍ර කරගනිමින් ක්‍රියාත්මක වන ප්‍රබල කණ්ඩායමක ප්‍රධානියෙකු වන ටෝනි සෝප්‍රානෝ (Tony Soprano) සාමාන්‍ය පවුල් ජීවිතයත්, ඔහුගේ රහසිගත ව්‍යාපාරික ලෝකයත් අතර දෝලනය වන චරිතයකි. පළමු කලාපය ආරම්භ වන්නේ ඔහු මුහුණ දෙන අභ්‍යන්තර සහ බාහිර ගැටුම් රැසක් සමඟිනි. අධික මානසික පීඩනය නිසා ඇති වන හදිසි ක්ලාන්ත සහ භීතිකා තත්ත්වයන් (Panic Attacks) හේතුවෙන්, ටෝනිට සිදුවන්නේ රහසින් මනෝ වෛද්‍ය ජෙනිෆර් මෙල්ෆි (Dr. Jennifer Melfi) හමුවී ප්‍රතිකාර ලබා ගැනීමටය. ඔහුගේ ව්‍යාපාරික වටපිටාව තුළ මෙවැනි ප්‍රතිකාර ලබා ගැනීම දුර්වලතාවයක් ලෙස සැලකිය හැකි බැවින්, මෙම වෛද්‍ය හමුවීම් සඟවා තබා ගැනීමට ඔහුට දැඩි වෙහෙසක් දැරීමට සිදු වේ.

මේ අතර, පෙර සිටි ප්‍රධානියාගේ අභාවයත් සමඟ නායකත්වය සඳහා ටෝනි සහ ඔහුගේ බාප්පා වන ජූනියර් (Uncle Junior) අතර දැඩි බල අරගලයක් නිර්මාණය වේ. අනවශ්‍ය ගැටුම් මඟහරවා ගැනීම සඳහා ටෝනි ඉතා සූක්ෂ්ම ලෙස ජූනියර්ව නාමිකව පවුලේ ප්‍රධානියා (Official Boss) ලෙස පත් කිරීමට කටයුතු කරයි. කෙසේ වෙතත්, සැබෑ බලය සහ ප්‍රධාන තීරණ ගැනීම් සිදු කරන්නේ ටෝනි සහ ඔහුගේ සමීපතම කණ්ඩායම විසින් වන අතර, මෙය ජූනියර්ගේ නොසතුටට හේතු වේ.

ටෝනිගේ පෞද්ගලික ජීවිතය ද මෙවැනිම ගැටලුවලින් පිරී පවතී. ඔහුගේ අහංකාර සහ මානසිකව පීඩාකාරී මව වන ලිවියා (Livia) ව බලා ගැනීමට නොහැකි තැන, ටෝනි ඇයව විශ්‍රාමික නිවාසයක නතර කිරීමට තීරණය කරයි. තමන්ව මෙවැනි තැනකට යැවීම පිළිබඳව දැඩි අමනාපයකින් පසුවන ලිවියා, ටෝනි කෙරෙහි විරෝධයෙන් පසුවේ.

ටෝනි රහසින් මනෝ වෛද්‍යවරයෙකු හමුවන බවත්, තමන්ව රවටා පවුලේ බලය හසුරුවන බවත් ජූනියර් මාමා දැනගන්නේ මෙම වටපිටාව තුළය. මේ සඳහා ලිවියා ද වක්‍රව ජූනියර්ව පොළඹවන අතර, එහි ප්‍රතිඵලයක් ලෙස ඔවුන් දෙදෙනා එක්ව ටෝනිට එරෙහිව දැඩි සැලසුම් සකස් කරයි. කෙසේ වෙතත්, එම අනපේක්ෂිත උපක්‍රමවලින් ඉතා ආශ්චර්යමත් ලෙස ටෝනි බේරීමට සමත් වේ. පසුව, රහසිගත තොරතුරු මාර්ගයෙන් තමන්ට එරෙහිව මෙම කුමන්ත්‍රණ මෙහෙයවූයේ තමන්ගේම මව සහ බාප්පා බව ටෝනි වටහා ගනී.

පළමු කලාපය අවසන් වන්නේ මෙම පාවාදීම් පිළිබඳ ඇත්ත හෙළිවීමත් සමඟය. ටෝනිගේ ප්‍රතිචාර හමුවේ ජූනියර් මාමාගේ සැලසුම් සහ සමීපතමයින්ගේ බලය බිඳ වැටෙන අතර, අවසානයේදී ජූනියර් නීතියේ රැහැනට හසු වේ. තම පුතාගේ කෝපයෙන් බේරීම සඳහා ලිවියා රෝහල්ගත වේ. පළමු කලාපය නිමාවට පත්වන විට ටෝනි පවුලේ අවිවාදිත සැබෑ නායකයා බවට පත් වුවද, සමීපතමයන්ගෙන් ලැබුණු ද්‍රෝහීකම් නිසා ඔහුගේ සිත තුළ ගැඹුරු කැලඹීමක් ඉතිරි වේ. දෙවන කලාපය ආරම්භ වන්නේ මෙම සිදුවීම් මාලාවෙන් පසුව ඇති වන නව අභියෝග රැසක් සමඟිනි.

📥 වීඩියෝ පිටපත් සහ උපසිරැසි ලබාගන්නා ආකාරය:

📄 Direct Download: කිසිදු බාධාවකින් තොරව සිංහල උපසිරැසි ගොනුව (SRT) සෘජුවම බාගත කරගත හැක.

✈️ Telegram download: 720p සහ 1080p උසස් තත්ත්වයේ WEBRip වීඩියෝ පිටපත් ටෙලිග්‍රෑම් චැනලය හරහා ලබාගත හැක.",9.2,2000,2,12,"<meta name=""keywords"" content=""The Sopranos Season 2 Episode 12 Sinhala Subtitles, The Sopranos S02E12 Sinhala Sub, The Sopranos 2x12 sub, The Sopranos sinhala sub download, The Sopranos series sinhala sub pixelpoplk, pixelpoplk, Tony Soprano, Drama series Sinhala Sub""> <meta name=""description"" content=""The Sopranos Season 2 Episode 12 Sinhala Subtitles. Download The Sopranos S02E12 Sinhala Sub online from pixelpoplk."">",https://t.me/Pixelpopnew_bot?start=pFj7buRsk_g,7
182,2026-08-05 14:04:25.09645+00,The Sopranos,https://frdgyadvbdpacwfoqybw.supabase.co/storage/v1/object/public/subtitles/The%20Sopranos%20S02e13%20327223/The_Sopranos_S02E13_327223.zip?download,https://image.tmdb.org/t/p/original/u7dlARwP2zsqHaMNL5HtHhaEPea.jpg,"Crime, Drama","🎬 The Sopranos Season 2 - සිංහල උපසිරැසි 🎬

Continue the legendary journey with The Sopranos Season 2, one of the most intense and captivating chapters in television history. As Tony Soprano steps up to lead the DiMeo family, he faces growing pressure, rivalry from close associates, and unresolved personal turmoil that threatens his empire and family life.

Download all episodes of The Sopranos Season 2 in high-definition quality. Choose from 720p, 1080p WEB-DL video files, all paired with accurate Sinhala subtitles. Access your files instantly via high-speed direct download links or convenient Telegram links.

නිව් ජර්සි නගරය කේන්ද්‍ර කරගනිමින් ක්‍රියාත්මක වන ප්‍රබල කණ්ඩායමක ප්‍රධානියෙකු වන ටෝනි සෝප්‍රානෝ (Tony Soprano) සාමාන්‍ය පවුල් ජීවිතයත්, ඔහුගේ රහසිගත ව්‍යාපාරික ලෝකයත් අතර දෝලනය වන චරිතයකි. පළමු කලාපය ආරම්භ වන්නේ ඔහු මුහුණ දෙන අභ්‍යන්තර සහ බාහිර ගැටුම් රැසක් සමඟිනි. අධික මානසික පීඩනය නිසා ඇති වන හදිසි ක්ලාන්ත සහ භීතිකා තත්ත්වයන් (Panic Attacks) හේතුවෙන්, ටෝනිට සිදුවන්නේ රහසින් මනෝ වෛද්‍ය ජෙනිෆර් මෙල්ෆි (Dr. Jennifer Melfi) හමුවී ප්‍රතිකාර ලබා ගැනීමටය. ඔහුගේ ව්‍යාපාරික වටපිටාව තුළ මෙවැනි ප්‍රතිකාර ලබා ගැනීම දුර්වලතාවයක් ලෙස සැලකිය හැකි බැවින්, මෙම වෛද්‍ය හමුවීම් සඟවා තබා ගැනීමට ඔහුට දැඩි වෙහෙසක් දැරීමට සිදු වේ.

මේ අතර, පෙර සිටි ප්‍රධානියාගේ අභාවයත් සමඟ නායකත්වය සඳහා ටෝනි සහ ඔහුගේ බාප්පා වන ජූනියර් (Uncle Junior) අතර දැඩි බල අරගලයක් නිර්මාණය වේ. අනවශ්‍ය ගැටුම් මඟහරවා ගැනීම සඳහා ටෝනි ඉතා සූක්ෂ්ම ලෙස ජූනියර්ව නාමිකව පවුලේ ප්‍රධානියා (Official Boss) ලෙස පත් කිරීමට කටයුතු කරයි. කෙසේ වෙතත්, සැබෑ බලය සහ ප්‍රධාන තීරණ ගැනීම් සිදු කරන්නේ ටෝනි සහ ඔහුගේ සමීපතම කණ්ඩායම විසින් වන අතර, මෙය ජූනියර්ගේ නොසතුටට හේතු වේ.

ටෝනිගේ පෞද්ගලික ජීවිතය ද මෙවැනිම ගැටලුවලින් පිරී පවතී. ඔහුගේ අහංකාර සහ මානසිකව පීඩාකාරී මව වන ලිවියා (Livia) ව බලා ගැනීමට නොහැකි තැන, ටෝනි ඇයව විශ්‍රාමික නිවාසයක නතර කිරීමට තීරණය කරයි. තමන්ව මෙවැනි තැනකට යැවීම පිළිබඳව දැඩි අමනාපයකින් පසුවන ලිවියා, ටෝනි කෙරෙහි විරෝධයෙන් පසුවේ.

ටෝනි රහසින් මනෝ වෛද්‍යවරයෙකු හමුවන බවත්, තමන්ව රවටා පවුලේ බලය හසුරුවන බවත් ජූනියර් මාමා දැනගන්නේ මෙම වටපිටාව තුළය. මේ සඳහා ලිවියා ද වක්‍රව ජූනියර්ව පොළඹවන අතර, එහි ප්‍රතිඵලයක් ලෙස ඔවුන් දෙදෙනා එක්ව ටෝනිට එරෙහිව දැඩි සැලසුම් සකස් කරයි. කෙසේ වෙතත්, එම අනපේක්ෂිත උපක්‍රමවලින් ඉතා ආශ්චර්යමත් ලෙස ටෝනි බේරීමට සමත් වේ. පසුව, රහසිගත තොරතුරු මාර්ගයෙන් තමන්ට එරෙහිව මෙම කුමන්ත්‍රණ මෙහෙයවූයේ තමන්ගේම මව සහ බාප්පා බව ටෝනි වටහා ගනී.

පළමු කලාපය අවසන් වන්නේ මෙම පාවාදීම් පිළිබඳ ඇත්ත හෙළිවීමත් සමඟය. ටෝනිගේ ප්‍රතිචාර හමුවේ ජූනියර් මාමාගේ සැලසුම් සහ සමීපතමයින්ගේ බලය බිඳ වැටෙන අතර, අවසානයේදී ජූනියර් නීතියේ රැහැනට හසු වේ. තම පුතාගේ කෝපයෙන් බේරීම සඳහා ලිවියා රෝහල්ගත වේ. පළමු කලාපය නිමාවට පත්වන විට ටෝනි පවුලේ අවිවාදිත සැබෑ නායකයා බවට පත් වුවද, සමීපතමයන්ගෙන් ලැබුණු ද්‍රෝහීකම් නිසා ඔහුගේ සිත තුළ ගැඹුරු කැලඹීමක් ඉතිරි වේ. දෙවන කලාපය ආරම්භ වන්නේ මෙම සිදුවීම් මාලාවෙන් පසුව ඇති වන නව අභියෝග රැසක් සමඟිනි.

📥 වීඩියෝ පිටපත් සහ උපසිරැසි ලබාගන්නා ආකාරය:

📄 Direct Download: කිසිදු බාධාවකින් තොරව සිංහල උපසිරැසි ගොනුව (SRT) සෘජුවම බාගත කරගත හැක.

✈️ Telegram download: 720p සහ 1080p උසස් තත්ත්වයේ WEBRip වීඩියෝ පිටපත් ටෙලිග්‍රෑම් චැනලය හරහා ලබාගත හැක.",9.2,2000,2,13,"<meta name=""keywords"" content=""The Sopranos Season 2 Episode 13 Sinhala Subtitles, The Sopranos S02E13 Sinhala Sub, The Sopranos 2x13 sub, The Sopranos sinhala sub download, The Sopranos series sinhala sub pixelpoplk, pixelpoplk, Tony Soprano, Drama series Sinhala Sub""> <meta name=""description"" content=""The Sopranos Season 2 Episode 13 Sinhala Subtitles. Download The Sopranos S02E13 Sinhala Sub online from pixelpoplk."">",https://t.me/Pixelpopnew_bot?start=KmfdPHTMPf0,7
183,2026-08-06 10:35:58.56554+00,Black Bird,https://frdgyadvbdpacwfoqybw.supabase.co/storage/v1/object/public/subtitles/Black%20Bird%20S01e01%20720813/Black_Bird_S01E01_720813.zip?download,https://image.tmdb.org/t/p/original/qu312pwM61NPTr7nexvovCClDNP.jpg,"Drama, Thriller, Crime","🕵️‍♂️ Black Bird - සිංහල උපසිරැසි 🎬

Black Bird is an acclaimed Apple TV+ crime drama miniseries based on true events. Starring Taron Egerton and Paul Walter Hauser, this intense psychological thriller follows a convicted drug dealer offered freedom in exchange for coaxing a confession from an alleged serial killer inside a maximum-security prison. Download high-quality 720p  WEB-DL video files via Telegram. Experience this gripping masterpiece on pixelpoplk.

ඇත්තම සිදුවීමක් ඇසුරෙන් නිර්මාණය වුණු Black Bird කියන්නේ Apple TV+ නාලිකාවෙන් එළියට ආපු, ලෝකයේම ලොකු කතාබහකට ලක්වුණු Crime / Psychological Thriller කතා මාලාවක්. Taron Egerton, Paul Walter Hauser සහ ප්‍රසිද්ධ රංගන ශිල්පී Ray Liotta ගේ විශිෂ්ට රංගනයන්ගෙන් මේ කතාව අතිශය සාර්ථක එකක් බවට පත්වුණා.

කතාව ගැන කිසිම දෙයක් ස්පොයිල් කරන්නේ නැතුව කිව්වොත්, අවුරුදු 10ක සිරදඬුවමක් ලැබෙන Jimmy Keene කියන තරුණයාට අමුතුම විදිහේ යෝජනාවක් ලැබෙනවා. ඒ තමයි අතිශය භයානක අපරාධකාරයින් ඉන්න හිරගෙදරකට ගිහින්, එහෙ ඉන්න සීරියල් කිලර් කෙනෙක් (Serial Killer) කියලා සැකකරන පුද්ගලයෙක් එක්ක යහළුවෙලා එයාගෙන් රහස් තොරතුරු ලබාගන්න එක. එහෙම කළොත් Jimmy ගේ සිරදඬුවම සම්පූර්ණයෙන්ම නිදහස් කරන්න රජයෙන් පොරොන්දු වෙනවා.

හැබැයි මේ භයානක මානසික සටන ඇතුළේ ජීවිතයත් මරණයත් අතර සටනක් කරන්න Jimmy ට සිද්ධ වෙනවා. True Crime සහ Crime Mystery කතා වලට ආස අයට එක හුස්මට බලලා ඉවර කරන්න පුළුවන් සුපිරිම කතා මාලාවක් තමයි මේක.

📥 වීඩියෝ පිටපත් සහ උපසිරැසි ලබාගන්නා ආකාරය:

📄 Direct Download: කිසිදු බාධාවකින් තොරව සිංහල උපසිරැසි ගොනුව (Zip) සෘජුවම බාගත කරගත හැක.

✈️ Telegram Download: 720p WEB-DL වීඩියෝ පිටපත් Telegram චැනලය හරහා ලබාගත හැක.",8.1,2022,1,1,"<meta name=""keywords"" content=""Black Bird Season 1 Episode 1 Sinhala Subtitles, Black Bird S01E01 Sinhala Sub, Black Bird 1x1 sub, Black Bird Sinhala Subtitles, Black Bird sinhala sub, Black Bird sinhala subtitle download, Black Bird tv series sinhala sub pixelpoplk, Black Bird sinhala sub pixelpop.lk, pixelpoplk Apple TV series, බ්ලැක් බර්ඩ් සිංහල උපසිරැසි, Black Bird full series sinhala subtitles download, Black Bird sinhala sub web-dl, pixelpoplk sinhala subtitles, Black Bird miniseries sinhala sub""> <meta name=""description"" content=""Black Bird Season 1 Episode 1 Sinhala Subtitles. Download Black Bird S01E01 Sinhala Sub online from pixelpoplk."">",https://t.me/Pixelpopnew_bot?start=mHjCjLg9mMc,42
184,2026-08-06 10:35:58.56554+00,Black Bird,https://frdgyadvbdpacwfoqybw.supabase.co/storage/v1/object/public/subtitles/Black%20Bird%20S01e02%20748252/Black_Bird_S01E02_748252.zip?download,https://image.tmdb.org/t/p/original/qu312pwM61NPTr7nexvovCClDNP.jpg,"Drama, Thriller, Crime","🕵️‍♂️ Black Bird - සිංහල උපසිරැසි 🎬

Black Bird is an acclaimed Apple TV+ crime drama miniseries based on true events. Starring Taron Egerton and Paul Walter Hauser, this intense psychological thriller follows a convicted drug dealer offered freedom in exchange for coaxing a confession from an alleged serial killer inside a maximum-security prison. Download high-quality 720p  WEB-DL video files via Telegram. Experience this gripping masterpiece on pixelpoplk.

ඇත්තම සිදුවීමක් ඇසුරෙන් නිර්මාණය වුණු Black Bird කියන්නේ Apple TV+ නාලිකාවෙන් එළියට ආපු, ලෝකයේම ලොකු කතාබහකට ලක්වුණු Crime / Psychological Thriller කතා මාලාවක්. Taron Egerton, Paul Walter Hauser සහ ප්‍රසිද්ධ රංගන ශිල්පී Ray Liotta ගේ විශිෂ්ට රංගනයන්ගෙන් මේ කතාව අතිශය සාර්ථක එකක් බවට පත්වුණා.

කතාව ගැන කිසිම දෙයක් ස්පොයිල් කරන්නේ නැතුව කිව්වොත්, අවුරුදු 10ක සිරදඬුවමක් ලැබෙන Jimmy Keene කියන තරුණයාට අමුතුම විදිහේ යෝජනාවක් ලැබෙනවා. ඒ තමයි අතිශය භයානක අපරාධකාරයින් ඉන්න හිරගෙදරකට ගිහින්, එහෙ ඉන්න සීරියල් කිලර් කෙනෙක් (Serial Killer) කියලා සැකකරන පුද්ගලයෙක් එක්ක යහළුවෙලා එයාගෙන් රහස් තොරතුරු ලබාගන්න එක. එහෙම කළොත් Jimmy ගේ සිරදඬුවම සම්පූර්ණයෙන්ම නිදහස් කරන්න රජයෙන් පොරොන්දු වෙනවා.

හැබැයි මේ භයානක මානසික සටන ඇතුළේ ජීවිතයත් මරණයත් අතර සටනක් කරන්න Jimmy ට සිද්ධ වෙනවා. True Crime සහ Crime Mystery කතා වලට ආස අයට එක හුස්මට බලලා ඉවර කරන්න පුළුවන් සුපිරිම කතා මාලාවක් තමයි මේක.

📥 වීඩියෝ පිටපත් සහ උපසිරැසි ලබාගන්නා ආකාරය:

📄 Direct Download: කිසිදු බාධාවකින් තොරව සිංහල උපසිරැසි ගොනුව (Zip) සෘජුවම බාගත කරගත හැක.

✈️ Telegram Download: 720p WEB-DL වීඩියෝ පිටපත් Telegram චැනලය හරහා ලබාගත හැක.",8.1,2022,1,2,"<meta name=""keywords"" content=""Black Bird Season 1 Episode 2 Sinhala Subtitles, Black Bird S01E02 Sinhala Sub, Black Bird 1x2 sub, Black Bird Sinhala Subtitles, Black Bird sinhala sub, Black Bird sinhala subtitle download, Black Bird tv series sinhala sub pixelpoplk, Black Bird sinhala sub pixelpop.lk, pixelpoplk Apple TV series, බ්ලැක් බර්ඩ් සිංහල උපසිරැසි, Black Bird full series sinhala subtitles download, Black Bird sinhala sub web-dl, pixelpoplk sinhala subtitles, Black Bird miniseries sinhala sub""> <meta name=""description"" content=""Black Bird Season 1 Episode 2 Sinhala Subtitles. Download Black Bird S01E02 Sinhala Sub online from pixelpoplk."">",https://t.me/Pixelpopnew_bot?start=zFRARMXn88g,34
185,2026-08-06 10:35:58.56554+00,Black Bird,https://frdgyadvbdpacwfoqybw.supabase.co/storage/v1/object/public/subtitles/Black%20Bird%20S01e03%20897257/Black_Bird_S01E03_897257.zip?download,https://image.tmdb.org/t/p/original/qu312pwM61NPTr7nexvovCClDNP.jpg,"Drama, Thriller, Crime","🕵️‍♂️ Black Bird - සිංහල උපසිරැසි 🎬

Black Bird is an acclaimed Apple TV+ crime drama miniseries based on true events. Starring Taron Egerton and Paul Walter Hauser, this intense psychological thriller follows a convicted drug dealer offered freedom in exchange for coaxing a confession from an alleged serial killer inside a maximum-security prison. Download high-quality 720p  WEB-DL video files via Telegram. Experience this gripping masterpiece on pixelpoplk.

ඇත්තම සිදුවීමක් ඇසුරෙන් නිර්මාණය වුණු Black Bird කියන්නේ Apple TV+ නාලිකාවෙන් එළියට ආපු, ලෝකයේම ලොකු කතාබහකට ලක්වුණු Crime / Psychological Thriller කතා මාලාවක්. Taron Egerton, Paul Walter Hauser සහ ප්‍රසිද්ධ රංගන ශිල්පී Ray Liotta ගේ විශිෂ්ට රංගනයන්ගෙන් මේ කතාව අතිශය සාර්ථක එකක් බවට පත්වුණා.

කතාව ගැන කිසිම දෙයක් ස්පොයිල් කරන්නේ නැතුව කිව්වොත්, අවුරුදු 10ක සිරදඬුවමක් ලැබෙන Jimmy Keene කියන තරුණයාට අමුතුම විදිහේ යෝජනාවක් ලැබෙනවා. ඒ තමයි අතිශය භයානක අපරාධකාරයින් ඉන්න හිරගෙදරකට ගිහින්, එහෙ ඉන්න සීරියල් කිලර් කෙනෙක් (Serial Killer) කියලා සැකකරන පුද්ගලයෙක් එක්ක යහළුවෙලා එයාගෙන් රහස් තොරතුරු ලබාගන්න එක. එහෙම කළොත් Jimmy ගේ සිරදඬුවම සම්පූර්ණයෙන්ම නිදහස් කරන්න රජයෙන් පොරොන්දු වෙනවා.

හැබැයි මේ භයානක මානසික සටන ඇතුළේ ජීවිතයත් මරණයත් අතර සටනක් කරන්න Jimmy ට සිද්ධ වෙනවා. True Crime සහ Crime Mystery කතා වලට ආස අයට එක හුස්මට බලලා ඉවර කරන්න පුළුවන් සුපිරිම කතා මාලාවක් තමයි මේක.

📥 වීඩියෝ පිටපත් සහ උපසිරැසි ලබාගන්නා ආකාරය:

📄 Direct Download: කිසිදු බාධාවකින් තොරව සිංහල උපසිරැසි ගොනුව (Zip) සෘජුවම බාගත කරගත හැක.

✈️ Telegram Download: 720p WEB-DL වීඩියෝ පිටපත් Telegram චැනලය හරහා ලබාගත හැක.",8.1,2022,1,3,"<meta name=""keywords"" content=""Black Bird Season 1 Episode 3 Sinhala Subtitles, Black Bird S01E03 Sinhala Sub, Black Bird 1x3 sub, Black Bird Sinhala Subtitles, Black Bird sinhala sub, Black Bird sinhala subtitle download, Black Bird tv series sinhala sub pixelpoplk, Black Bird sinhala sub pixelpop.lk, pixelpoplk Apple TV series, බ්ලැක් බර්ඩ් සිංහල උපසිරැසි, Black Bird full series sinhala subtitles download, Black Bird sinhala sub web-dl, pixelpoplk sinhala subtitles, Black Bird miniseries sinhala sub""> <meta name=""description"" content=""Black Bird Season 1 Episode 3 Sinhala Subtitles. Download Black Bird S01E03 Sinhala Sub online from pixelpoplk."">",https://t.me/Pixelpopnew_bot?start=Ig7BUCTE7es,17
186,2026-08-06 10:35:58.56554+00,Black Bird,https://frdgyadvbdpacwfoqybw.supabase.co/storage/v1/object/public/subtitles/Black%20Bird%20S01e04%20489323/Black_Bird_S01E04_489323.zip?download,https://image.tmdb.org/t/p/original/qu312pwM61NPTr7nexvovCClDNP.jpg,"Drama, Thriller, Crime","🕵️‍♂️ Black Bird - සිංහල උපසිරැසි 🎬

Black Bird is an acclaimed Apple TV+ crime drama miniseries based on true events. Starring Taron Egerton and Paul Walter Hauser, this intense psychological thriller follows a convicted drug dealer offered freedom in exchange for coaxing a confession from an alleged serial killer inside a maximum-security prison. Download high-quality 720p  WEB-DL video files via Telegram. Experience this gripping masterpiece on pixelpoplk.

ඇත්තම සිදුවීමක් ඇසුරෙන් නිර්මාණය වුණු Black Bird කියන්නේ Apple TV+ නාලිකාවෙන් එළියට ආපු, ලෝකයේම ලොකු කතාබහකට ලක්වුණු Crime / Psychological Thriller කතා මාලාවක්. Taron Egerton, Paul Walter Hauser සහ ප්‍රසිද්ධ රංගන ශිල්පී Ray Liotta ගේ විශිෂ්ට රංගනයන්ගෙන් මේ කතාව අතිශය සාර්ථක එකක් බවට පත්වුණා.

කතාව ගැන කිසිම දෙයක් ස්පොයිල් කරන්නේ නැතුව කිව්වොත්, අවුරුදු 10ක සිරදඬුවමක් ලැබෙන Jimmy Keene කියන තරුණයාට අමුතුම විදිහේ යෝජනාවක් ලැබෙනවා. ඒ තමයි අතිශය භයානක අපරාධකාරයින් ඉන්න හිරගෙදරකට ගිහින්, එහෙ ඉන්න සීරියල් කිලර් කෙනෙක් (Serial Killer) කියලා සැකකරන පුද්ගලයෙක් එක්ක යහළුවෙලා එයාගෙන් රහස් තොරතුරු ලබාගන්න එක. එහෙම කළොත් Jimmy ගේ සිරදඬුවම සම්පූර්ණයෙන්ම නිදහස් කරන්න රජයෙන් පොරොන්දු වෙනවා.

හැබැයි මේ භයානක මානසික සටන ඇතුළේ ජීවිතයත් මරණයත් අතර සටනක් කරන්න Jimmy ට සිද්ධ වෙනවා. True Crime සහ Crime Mystery කතා වලට ආස අයට එක හුස්මට බලලා ඉවර කරන්න පුළුවන් සුපිරිම කතා මාලාවක් තමයි මේක.

📥 වීඩියෝ පිටපත් සහ උපසිරැසි ලබාගන්නා ආකාරය:

📄 Direct Download: කිසිදු බාධාවකින් තොරව සිංහල උපසිරැසි ගොනුව (Zip) සෘජුවම බාගත කරගත හැක.

✈️ Telegram Download: 720p WEB-DL වීඩියෝ පිටපත් Telegram චැනලය හරහා ලබාගත හැක.",8.1,2022,1,4,"<meta name=""keywords"" content=""Black Bird Season 1 Episode 4 Sinhala Subtitles, Black Bird S01E04 Sinhala Sub, Black Bird 1x4 sub, Black Bird Sinhala Subtitles, Black Bird sinhala sub, Black Bird sinhala subtitle download, Black Bird tv series sinhala sub pixelpoplk, Black Bird sinhala sub pixelpop.lk, pixelpoplk Apple TV series, බ්ලැක් බර්ඩ් සිංහල උපසිරැසි, Black Bird full series sinhala subtitles download, Black Bird sinhala sub web-dl, pixelpoplk sinhala subtitles, Black Bird miniseries sinhala sub""> <meta name=""description"" content=""Black Bird Season 1 Episode 4 Sinhala Subtitles. Download Black Bird S01E04 Sinhala Sub online from pixelpoplk."">",https://t.me/Pixelpopnew_bot?start=neY3EQ_L3zw,12
187,2026-08-06 10:35:58.56554+00,Black Bird,https://frdgyadvbdpacwfoqybw.supabase.co/storage/v1/object/public/subtitles/Black%20Bird%20S01e05%20471717/Black_Bird_S01E05_471717.zip?download,https://image.tmdb.org/t/p/original/qu312pwM61NPTr7nexvovCClDNP.jpg,"Drama, Thriller, Crime","🕵️‍♂️ Black Bird - සිංහල උපසිරැසි 🎬

Black Bird is an acclaimed Apple TV+ crime drama miniseries based on true events. Starring Taron Egerton and Paul Walter Hauser, this intense psychological thriller follows a convicted drug dealer offered freedom in exchange for coaxing a confession from an alleged serial killer inside a maximum-security prison. Download high-quality 720p  WEB-DL video files via Telegram. Experience this gripping masterpiece on pixelpoplk.

ඇත්තම සිදුවීමක් ඇසුරෙන් නිර්මාණය වුණු Black Bird කියන්නේ Apple TV+ නාලිකාවෙන් එළියට ආපු, ලෝකයේම ලොකු කතාබහකට ලක්වුණු Crime / Psychological Thriller කතා මාලාවක්. Taron Egerton, Paul Walter Hauser සහ ප්‍රසිද්ධ රංගන ශිල්පී Ray Liotta ගේ විශිෂ්ට රංගනයන්ගෙන් මේ කතාව අතිශය සාර්ථක එකක් බවට පත්වුණා.

කතාව ගැන කිසිම දෙයක් ස්පොයිල් කරන්නේ නැතුව කිව්වොත්, අවුරුදු 10ක සිරදඬුවමක් ලැබෙන Jimmy Keene කියන තරුණයාට අමුතුම විදිහේ යෝජනාවක් ලැබෙනවා. ඒ තමයි අතිශය භයානක අපරාධකාරයින් ඉන්න හිරගෙදරකට ගිහින්, එහෙ ඉන්න සීරියල් කිලර් කෙනෙක් (Serial Killer) කියලා සැකකරන පුද්ගලයෙක් එක්ක යහළුවෙලා එයාගෙන් රහස් තොරතුරු ලබාගන්න එක. එහෙම කළොත් Jimmy ගේ සිරදඬුවම සම්පූර්ණයෙන්ම නිදහස් කරන්න රජයෙන් පොරොන්දු වෙනවා.

හැබැයි මේ භයානක මානසික සටන ඇතුළේ ජීවිතයත් මරණයත් අතර සටනක් කරන්න Jimmy ට සිද්ධ වෙනවා. True Crime සහ Crime Mystery කතා වලට ආස අයට එක හුස්මට බලලා ඉවර කරන්න පුළුවන් සුපිරිම කතා මාලාවක් තමයි මේක.

📥 වීඩියෝ පිටපත් සහ උපසිරැසි ලබාගන්නා ආකාරය:

📄 Direct Download: කිසිදු බාධාවකින් තොරව සිංහල උපසිරැසි ගොනුව (Zip) සෘජුවම බාගත කරගත හැක.

✈️ Telegram Download: 720p WEB-DL වීඩියෝ පිටපත් Telegram චැනලය හරහා ලබාගත හැක.",8.1,2022,1,5,"<meta name=""keywords"" content=""Black Bird Season 1 Episode 5 Sinhala Subtitles, Black Bird S01E05 Sinhala Sub, Black Bird 1x5 sub, Black Bird Sinhala Subtitles, Black Bird sinhala sub, Black Bird sinhala subtitle download, Black Bird tv series sinhala sub pixelpoplk, Black Bird sinhala sub pixelpop.lk, pixelpoplk Apple TV series, බ්ලැක් බර්ඩ් සිංහල උපසිරැසි, Black Bird full series sinhala subtitles download, Black Bird sinhala sub web-dl, pixelpoplk sinhala subtitles, Black Bird miniseries sinhala sub""> <meta name=""description"" content=""Black Bird Season 1 Episode 5 Sinhala Subtitles. Download Black Bird S01E05 Sinhala Sub online from pixelpoplk."">",https://t.me/Pixelpopnew_bot?start=lVBTeEmTcgU,9
188,2026-08-06 10:35:58.56554+00,Black Bird,https://frdgyadvbdpacwfoqybw.supabase.co/storage/v1/object/public/subtitles/Black%20Bird%20S01e06%20728697/Black_Bird_S01E06_728697.zip?download,https://image.tmdb.org/t/p/original/qu312pwM61NPTr7nexvovCClDNP.jpg,"Drama, Thriller, Crime, mini series","🕵️‍♂️ Black Bird (2022) - සිංහල උපසිරැසි 🎬

Black Bird is an acclaimed Apple TV+ crime drama miniseries based on true events. Starring Taron Egerton and Paul Walter Hauser, this intense psychological thriller follows a convicted drug dealer offered freedom in exchange for coaxing a confession from an alleged serial killer inside a maximum-security prison. Download high-quality 720p  WEB-DL video files via Telegram. Experience this gripping masterpiece on pixelpoplk.

ඇත්තම සිදුවීමක් ඇසුරෙන් නිර්මාණය වුණු Black Bird කියන්නේ Apple TV+ නාලිකාවෙන් එළියට ආපු, ලෝකයේම ලොකු කතාබහකට ලක්වුණු Crime / Psychological Thriller කතා මාලාවක්. Taron Egerton, Paul Walter Hauser සහ ප්‍රසිද්ධ රංගන ශිල්පී Ray Liotta ගේ විශිෂ්ට රංගනයන්ගෙන් මේ කතාව අතිශය සාර්ථක එකක් බවට පත්වුණා.

කතාව ගැන කිසිම දෙයක් ස්පොයිල් කරන්නේ නැතුව කිව්වොත්, අවුරුදු 10ක සිරදඬුවමක් ලැබෙන Jimmy Keene කියන තරුණයාට අමුතුම විදිහේ යෝජනාවක් ලැබෙනවා. ඒ තමයි අතිශය භයානක අපරාධකාරයින් ඉන්න හිරගෙදරකට ගිහින්, එහෙ ඉන්න සීරියල් කිලර් කෙනෙක් (Serial Killer) කියලා සැකකරන පුද්ගලයෙක් එක්ක යහළුවෙලා එයාගෙන් රහස් තොරතුරු ලබාගන්න එක. එහෙම කළොත් Jimmy ගේ සිරදඬුවම සම්පූර්ණයෙන්ම නිදහස් කරන්න රජයෙන් පොරොන්දු වෙනවා.

හැබැයි මේ භයානක මානසික සටන ඇතුළේ ජීවිතයත් මරණයත් අතර සටනක් කරන්න Jimmy ට සිද්ධ වෙනවා. True Crime සහ Crime Mystery කතා වලට ආස අයට එක හුස්මට බලලා ඉවර කරන්න පුළුවන් සුපිරිම කතා මාලාවක් තමයි මේක.

📥 වීඩියෝ පිටපත් සහ උපසිරැසි ලබාගන්නා ආකාරය:

📄 Direct Download: කිසිදු බාධාවකින් තොරව සිංහල උපසිරැසි ගොනුව (Zip) සෘජුවම බාගත කරගත හැක.

✈️ Telegram Download: 720p WEB-DL වීඩියෝ පිටපත් Telegram චැනලය හරහා ලබාගත හැක.",8.1,2022,1,6,"<meta name=""keywords"" content=""Black Bird Season 1 Episode 6 Sinhala Subtitles, Black Bird S01E06 Sinhala Sub, Black Bird 1x6 sub, Black Bird Sinhala Subtitles, Black Bird sinhala sub, Black Bird sinhala subtitle download, Black Bird tv series sinhala sub pixelpoplk, Black Bird sinhala sub pixelpop.lk, pixelpoplk Apple TV series, බ්ලැක් බර්ඩ් සිංහල උපසිරැසි, Black Bird full series sinhala subtitles download, Black Bird sinhala sub web-dl, pixelpoplk sinhala subtitles, Black Bird miniseries sinhala sub""> <meta name=""description"" content=""Black Bird Season 1 Episode 6 Sinhala Subtitles. Download Black Bird S01E06 Sinhala Sub online from pixelpoplk."">",https://t.me/Pixelpopnew_bot?start=IaJFkFVNlW8,8
189,2026-08-07 07:34:34.672569+00,Lenin (2026),https://frdgyadvbdpacwfoqybw.supabase.co/storage/v1/object/public/subtitles/Lenin/Lenin.2026.720p.ZEE5.WEB-DL_sinhala.zip?download,https://image.tmdb.org/t/p/original/rAHQviBq8Fxi20hNtHPGLnr4L0f.jpg,"Action, Drama, Romance, Thriller","🕵️‍♂️ Lenin (2026) - සිංහල උපසිරැසි 🎬

Lenin delivers a high-stakes rural action-romance drama rooted in love, loyalty, and fierce village conflicts. Set against a gritty rural backdrop, a fearless young man fights to end a bloody, long-standing cycle of violence tied to a turbulent village festival. Download high-quality 720p, 1080p WEB-DL video files directly or via Telegram on pixelpoplk.

ඔන්න අරගෙන ආවා Action, Drama සහ Romance ගණයට ආස කරන අයට කිසිසේත්ම මඟහැරින්න බැරි, ආදරය, මිත්‍රත්වය සහ පලිගැනීම එකට මුසු වුණු සිනමාපටයක්. Zee5 ප්‍රවාහන සේවය ඔස්සේ නිකුත් වුණු, මහාභාරතයේ ආභාසය ලබාගනිමින් නිර්මාණය වුණු Lenin කියන්නේ IMDB හි 6.7/10 ක අගයක් දිනාගත්තු, ප්‍රේක්ෂක අවධානය දිනාගත්තු නිර්මාණයක්.

කතාව ගැන කිසිම දෙයක් ස්පොයිල් කරන්නේ නැතුව සරලවම කිව්වොත්, ශ්‍රීරාම්පුරම් කියන ගම්මානයේ වාර්ෂිකව සිදුවන ද්‍රෞපදී උත්සවය අතරතුර කිසිදු ලේ වැගිරීමක් සිදුනොවිය යුතු බවට ගම්වැසියන් දැඩිව විශ්වාස කරනවා. මෙම ගමේ හැදී වැඩෙන ලෙනින් (Akhil Akkineni) සහ තමන්ගේ සහෝදරයා වැනි මිතුරාට ගමේ පවතින කුමන්ත්‍රණ සහ පවුල් බලඅරගල නිසා දැඩි අභියෝගයන්ට මුහුණ දෙන්න සිද්ධ වෙනවා. තමන්ගේ ආදරය බේරාගන්නත්, ගමේ පවතින මේ වෛරී පලිගැනීමේ චක්‍රය නතර කරන්නත් ඔහුට අතිශය භයානක සටනකට මුහුණ දෙන්න වෙනවා.

Thaman S ගේ විශිෂ්ට සංගීතයෙන් හැඩවුණු, Akhil Akkineni සහ Bhagyashri Borse ගේ රංගනයෙන් හැඩවුණු මේ චිත්‍රපටය, තෙලිඟු සිනමාලෝලීන් අනිවාර්යයෙන්ම නැරඹිය යුතු එකක්.

📥 වීඩියෝ පිටපත් සහ උපසිරැසි ලබාගන්නා ආකාරය:

📄 Direct Subtitle Download: කිසිදු බාධාවකින් තොරව සිංහල උපසිරැසි ගොනුව (SRT) සෘජුවම බාගත කරගත හැක.

✈️ Telegram Download: වීඩියෝව සමඟ උපසිරැසි නැරඹීමට කැමති අය සඳහා 720p, 1080p උසස් තත්ත්වයේ WEB-DL වීඩියෝ පිටපත් ටෙලිග්‍රෑම් චැනලය හරහා ලබාගත හැක.",6.7,2026,,,"Lenin Sinhala Subtitles, Lenin sinhala sub, Lenin sinhala subtitle download, Lenin movie sinhala sub pixelpoplk, Lenin sinhala sub pixelpop.lk, pixelpoplk Zee5 Telugu movie, ලෙනින් සිංහල උපසිරැසි, Lenin full movie sinhala subtitles download, Lenin sinhala sub web-dl, pixelpoplk sinhala subtitles, Lenin Telugu movie sinhala sub, rural action drama sinhala sub",https://t.me/Pixelpopnew_bot?start=lnHDjEpwOhg,6
190,2026-08-07 09:54:02.964215+00,Idhayam Murali (2026),https://frdgyadvbdpacwfoqybw.supabase.co/storage/v1/object/public/subtitles/Idhayam%20Murali%20(/Idhayam%20Murali%20(2026)%20HQ%20HDRip%20-%20sinhala.zip?download,https://image.tmdb.org/t/p/original/xeb6080yZcKijIoXc1YxOU5A2Gb.jpg,"Romance, Comedy, Drama, Tamil","🕵️‍♂️ Idhayam Murali (2026) - සිංහල උපසිරැසි 🎬

Idhayam Murali delivers a breezy, heartwarming coming-of-age romantic drama centered on unspoken feelings. Follow a young man's emotional journey through different stages of life, from boyhood crushes to college sweethearts, as he struggles to express his love. Download high-quality 720p, 1080p WEB-DL video files directly or via Telegram on pixelpoplk.

ඔන්න අරගෙන ආවා Romance, Comedy සහ Drama ගණයට අයත් වෙන, ආදරය සහ මිත්‍රත්වය පිරිණු සුන්දර තමිල් සිනමාපටයක්. 1991 වසරේ තිරගත වුණු සුප්‍රසිද්ධ ""Idhayam"" චිත්‍රපටයට උපහාරයක් ලෙසින් නිර්මාණය වුණු මෙය, එහි ප්‍රධාන නළුවා වූ මුරලිගේ පුත් අදර්වා (Atharvaa) ගේ ප්‍රධාන රංගනයෙන් හැඩවෙනවා.

කතාව ගැන කිසිම දෙයක් ස්පොයිල් කරන්නේ නැතුව සරලවම කිව්වොත්, තමන්ගේ හිතේ තියෙන ආදරය සහ හැඟීම් පිටතට ප්‍රකාශ කිරීමට අසීරු තරුණයෙක් වන ඉධයා (Idhaya) ගේ ආදර කතාව වටා තමයි මේ චිත්‍රපටය ගෙතෙන්නේ. තමන්ගේ විවාහයට පෙර, නාඳුනන පුද්ගලයෙක් (Fahadh Faasil) හමුවන ඔහු, තමන්ගේ පාසල් කාලයේ සිට විවිධ අවධීන් වලදී ජීවිතයට පැමිණි ආදරවන්තියන් පිළිබඳව අතීතාවර්ජනයක යෙදෙනවා. අවසානයේදී ඔහුට තමන්ගේ සැබෑ ආදරය ප්‍රකාශ කරලා ඇයව තමන්ගේ කරගන්න ලැබෙයිද?

Thaman S ගේ ලස්සන සංගීතයෙන් සහ Atharvaa සමඟ Preity Mukhundhan, Kayadu Lohar ගේ රංගනයෙන් හැඩවුණු මේ චිත්‍රපටය, සැහැල්ලු ආදර කතාවලට ප්‍රිය කරන ඔබ නැරඹිය යුතුම එකක්.

📥 වීඩියෝ පිටපත් සහ උපසිරැසි ලබාගන්නා ආකාරය:

📄 Direct Subtitle Download: කිසිදු බාධාවකින් තොරව සිංහල උපසිරැසි ගොනුව (SRT) සෘජුවම බාගත කරගත හැක.

✈️ Telegram Download: වීඩියෝව සමඟ උපසිරැසි නැරඹීමට කැමති අය සඳහා 720p, 1080p උසස් තත්ත්වයේ WEB-DL වීඩියෝ පිටපත් ටෙලිග්‍රෑම් චැනලය හරහා ලබාගත හැක.",8.7,2026,,,"Idhayam Murali Sinhala Subtitles, Idhayam Murali sinhala sub, Idhayam Murali sinhala subtitle download, Idhayam Murali movie sinhala sub pixelpoplk, Idhayam Murali sinhala sub pixelpop.lk, pixelpoplk Tamil movie, ඉධයම් මුරලි සිංහල උපසිරැසි, Idhayam Murali full movie sinhala subtitles download, Idhayam Murali sinhala sub web-dl, pixelpoplk sinhala subtitles, Idhayam Murali Tamil movie sinhala sub, romantic drama sinhala sub",https://t.me/Pixelpopnew_bot?start=PJLeftrWSoM,20
191,2026-08-08 08:30:23.609856+00,Our Sticky Love,https://frdgyadvbdpacwfoqybw.supabase.co/storage/v1/object/public/subtitles/Our%20Sticky%20Love%20S01e01%20993851/Our_Sticky_Love_S01E01_993851.zip?download,https://image.tmdb.org/t/p/original/tSZ4aFpTGc8Oj52SuzPUUZ7WKL0.jpg,"Romantic, Comedy, Melodrama, Action, Thriller, K-Drama","🕵️‍♂️ Our Sticky Love (2026) - සිංහල උපසිරැසි 🎬

Our Sticky Love delivers a sweet yet action-packed romantic comedy centered on an unexpected cohabitation. An ambitious prosecutor loses her memory and finds herself hiding in a countryside village with a mysterious boxing coach who claims to be her boyfriend to protect her from a crime syndicate. Download high-quality 720p, 1080p WEB-DL video files directly or via Telegram on pixelpoplk.

ඔන්න අරගෙන ආවා Romantic Comedy, Action සහ Thriller කියන හැම රසයක්ම එකතු කරපු, Netflix හරහා නිකුත් වුණු අලුත්ම සුපිරි කොරියානු කතා මාලාව. D.P. සහ Love Next Door කතා මාලා හරහා අතිශය ජනප්‍රිය වුණු Jung Hae-in සහ දක්ෂ නිළි Ha Young ප්‍රධාන චරිත නිරූපණය කරන Our Sticky Love කියන්නේ නිකුත් වුණු දවසේ ඉඳලම ලෝකයේම ලොකු ප්‍රේක්ෂක අවධානයක් දිනාගත්තු අපූරු නිර්මාණයක්.

කතාව ගැන කිසිම දෙයක් ස්පොයිල් කරන්නේ නැතුව සරලවම කිව්වොත්, දූෂිත දේශපාලකයින් සහ මැර කල්ලියක් ගැන පරීක්ෂණ පවත්වන දක්ෂ රජයේ නීතිඥවරියක් වන Go Eun-sae ට මුහුණ දීමට සිදුවන අනතුරකින් පසුව ඇගේ මතකය සම්පූර්ණයෙන්ම අහිමි වෙනවා. ඇයව මරා දැමීමට මැර කල්ලියක් ලුහුබඳින අතරතුර, බොක්සිං පුහුණුකරුවෙකු සහ හිටපු මැරයෙකු වන Jang Tae-ha ඇයට හමුවෙනවා. ඇයව බේරාගැනීමේ අරමුණින් ඔහු තමන් ඇගේ පෙම්වතා බව පවසමින් බොරුවක් ගොතා ඇයව සාම්ප්‍රදායික පැණිරස රසකැවිලි සදන අපූරු ගම්මානයකට රැගෙන යනවා. මතකය අහිමි වූ ඇය සහ බොරු පෙම්වතෙක් වූ ඔහු අතර ඇතිවන මේ ""ඇලෙන සුළු"" ආදර කතාව මැරයින්ගෙන් බේරී අවසාන වන්නේ කෙසේද?

Kim Jang-han ගේ අධ්‍යක්ෂණයෙන් හැඩවුණු, හාස්‍යය, ආදරය මෙන්ම කුතුහලය පිරි මේ කතා මාලාව අනිවාර්යයෙන්ම ඔයාගේ Must Watch ලිස්ට් එකට එකතු කරගන්න ඕනේ එකක්.

📥 වීඩියෝ පිටපත් සහ උපසිරැසි ලබාගන්නා ආකාරය:

📄 Direct Subtitle Download: කිසිදු බාධාවකින් තොරව සිංහල උපසිරැසි ගොනුව (SRT) සෘජුවම බාගත කරගත හැක.

✈️ Telegram Download: වීඩියෝව සමඟ උපසිරැසි නැරඹීමට කැමති අය සඳහා 720p, 1080p උසස් තත්ත්වයේ WEB-DL වීඩියෝ පිටපත් ටෙලිග්‍රෑම් චැනලය හරහා ලබාගත හැක.",8.4,2026,1,1,"Our Sticky Love Sinhala Subtitles, Our Sticky Love sinhala sub, Our Sticky Love sinhala subtitle download, Our Sticky Love kdrama sinhala sub pixelpoplk, Our Sticky Love sinhala sub pixelpop.lk, pixelpoplk Netflix Korean series, අවර් ස්ටිකි ලව් සිංහල උපසිරැසි, Our Sticky Love full series sinhala subtitles download, Our Sticky Love sinhala sub web-dl, pixelpoplk sinhala subtitles, Our Sticky Love kdrama sinhala sub, romantic comedy k-drama sinhala sub",https://t.me/Pixelpopnew_bot?start=etyNwuHeSCw,2
192,2026-08-08 11:01:21.636301+00,The Night of,https://frdgyadvbdpacwfoqybw.supabase.co/storage/v1/object/public/subtitles/The%20Night%20of%20S01e01%20867272/The_Night_Of_S01E01_867272.zip?download,https://image.tmdb.org/t/p/original/q13XJHdnsmxQL9rXRcnNDrZGHjO.jpg,"Crime, Drama, Mystery, Thriller, Miniseries","🕵️‍♂️ The Night Of - සිංහල උපසිරැසි 🎬

The Night Of delivers a gripping, award-winning crime drama miniseries from HBO. After a night of partying with a mysterious stranger, a Pakistani-American student wakes up to find her stabbed to death and becomes the prime suspect in a complex murder trial. Download high-quality 720p Blu-Ray video files directly or via Telegram on pixelpoplk.

ඔන්න අරගෙන ආවා Crime, Mystery සහ Thriller ගණයේ රසිකයින්ට මඟහැරගන්නම බැරි, HBO නාලිකාව හරහා විකාශනය වුණු අතිශය ජනප්‍රිය වගේම සම්මානනීය මිනි-කතා මාලාවක්. එමී සම්මාන (Emmy Awards) පහක් දිනාගත්, IMDb හි 8.4/10 ක ඉහළම අගයක් හිමිකරගත් The Night Of කියන්නේ මුල සිට අගටම කුතුහලය උපරිමයෙන්ම පවත්වාගෙන යන විශිෂ්ටතම නිර්මාණයක්.👈

කතාව ගැන කිසිම දෙයක් ස්පොයිල් කරන්නේ නැතුව සරලවම කිව්වොත්, නිව්යෝර්ක් නුවර ජීවත් වන පකිස්ථාන-ඇමරිකානු තරුණයෙක් වන නසීර් ""නෑස්"" ඛාන් (Riz Ahmed), සාදයකට යාම සඳහා තමන්ගේ පියාගේ කුලී රථය රැගෙන යනවා. මඟදී ඔහුට මුණගැසෙන අද්භූත තරුණියක් සමඟ ගතකරන රාත්‍රියකින් පසු ඔහු නින්දෙන් ඇහැරෙන්නේ ඇය කෲර ලෙස ඝාතනය කර තිබෙනවා දකිමින්. කිසිවක් කරකියාගත නොහැකි වන ඔහු පොලිස් අත්අඩංගුවට පත්වෙන අතර, නීතීඥ ජෝන් ස්ටෝන් (John Turturro) ඔහු වෙනුවෙන් පෙනී සිටීමට ඉදිරිපත් වෙනවා. නසීර් ඇත්තටම ඝාතකයාද? නැතහොත් ඔහු සැඟවුණු දේශපාලන හා සාමාජීය කුමන්ත්‍රණයක ගොදුරක්ද?🤔

Riz Ahmed සහ John Turturro ගේ විශිෂ්ටතම රංගනයෙන් හැඩවුණු, මොහොතින් මොහොත උද්වේගකර බව වැඩිවන මේ කතා මාලාව අනිවාර්යයෙන්ම නැරඹිය යුතු එකක්.✅

📥 වීඩියෝ පිටපත් සහ උපසිරැසි ලබාගන්නා ආකාරය:

📄 Direct Subtitle Download: කිසිදු බාධාවකින් තොරව සිංහල උපසිරැසි ගොනුව (SRT) සෘජුවම බාගත කරගත හැක.

✈️ Telegram Download: 720p  උසස් තත්ත්වයේ Bluray වීඩියෝ පිටපත් ටෙලිග්‍රෑම් චැනලය හරහා ලබාගත හැක.",8.4,2016,1,1,"The Night Of Sinhala Subtitles, The Night Of sinhala sub, The Night Of sinhala subtitle download, The Night Of tv series sinhala sub pixelpoplk, The Night Of sinhala sub pixelpop.lk, pixelpoplk HBO miniseries, ද නයිට් ඔෆ් සිංහල උපසිරැසි, The Night Of full series sinhala subtitles download, The Night Of sinhala sub web-dl, pixelpoplk sinhala subtitles, The Night Of miniseries sinhala sub, crime drama sinhala sub, The night of sinhala sub, night of sinhala sub",https://t.me/Pixelpopnew_bot?start=b5-7tmWYRYs,19
193,2026-08-09 18:17:04.550544+00,House of The Dragon,https://frdgyadvbdpacwfoqybw.supabase.co/storage/v1/object/public/subtitles/House%20of%20the%20Dragon%20S03e08%20394614/House_of_the_Dragon_S03E08_394614.zip?download,https://image.tmdb.org/t/p/original/7V0Ebks0GgpKvQ7QbLAIdX5dos4.jpg,"Drama,Fantasy,Action","🐉 House of the Dragon: Season 3 (Episode 08 - Season Finale) - සිංහල උපසිරැසි 🎬

The epic Dance of the Dragons reaches its jaw-dropping conclusion in Episode 08, the highly anticipated Season Finale of House of the Dragon Season 3. Before witnessing the climax, remember the devastating dragon battles, tragic deaths, and shocking betrayals that brought Westeros to the brink of ashes. Download high-quality 720p and 1080p WEB-DL video files with Sinhala subtitles directly or via Telegram. Witness the fire and blood on pixelpoplk.

ඔන්න මචංලා, මුළු ලෝකයක්ම පිස්සුවෙන් වගේ මඟබලන් හිටපු House of the Dragon 3 වෙනි සීසන් එකේ අවසාන එපිසෝඩ් එක (Episode 08) තමයි මේ අරගෙන එන්නේ. 

මේ දැවැන්ත අවසාන කොටස බලන්න කලින්, පහුගිය කොටස් 7 පුරාවටම වුණු ප්‍රධාන සිදුවීම් ටිකක් අපි මතක් කරගමු. අමතක වෙලා තියෙනවා නම් මේ ටික කියවලාම Finale එක බලන්න යන්න.

පහුගිය කොටස් වලදී අපි දැක්කා Greens ලගේ පැත්තේ හිටපු ප්‍රබලයෙක් වුණු Sir Criston Cole ට Butcher's Ball වලදී අවාසනාවන්ත විදිහට තමන්ගේ ජීවිතයෙන් සමුගන්න සිද්ධ වෙනවා. ඒ වගේම ඒමන්ඩ් (Aemond) Harrenhal වලට ගිහින් Alys Rivers එක්ක එකතුවෙලා අලුත් මකර බිත්තර 5ක් හොයාගන්න හැටිත් අපි දැක්කා. කිසිම කෙනෙක් බලාපොරොත්තු නොවුණු විදිහට මුහුදු සර්පයා, ඒ කියන්නේ Corlys Velaryon ව සතුරන්ගේ අත්අඩංගුවට පත් වුණා.

අනිත් පැත්තෙන් ඩේමන් වෙස්වළාගෙන රහසිගතව King's Landing වලට ඇවිත් සතුරන්ව දඩයම් කරන අලුත් මෙහෙයුම් දියත් කළා. රේනිරා Iron Throne එකේ බලය අල්ලගෙන හිටියත්, ඇයටත් ඒකෙන් තුවාල වෙලා සිහසුනෙන් ප්‍රතික්ෂේප වෙන ලකුණු තමයි පහළ වුණේ. ඒ මදිවට අලුතින් ඩ්‍රැගන්ලා ලබාගත්ත Ulf සහ Hugh ගේ හැසිරීම් නිසාත් රේනිරාගේ කඳවුර ඇතුළේ අලුත් ප්‍රශ්න මතු වෙන්න පටන් ගත්තා. මේ අතරේ හෙලේනා දකින හීන සහ ඇයගේ හැසිරීම් කතාවේ ලොකු අභිරහසක් ඉතුරු කළා.

මේ හැම සිදුවීමක්ම එකතුවෙලා, දැන් ආපහු හැරෙන්න බැරි මහා විනාශයකට තමයි පාර හැදිලා තියෙන්නේ. මේ ඔක්කොම ගැටුම් වල අවසාන ප්‍රතිඵලය විදිහට මුළු වෙස්ටරෝස් මහද්වීපයම ගිනි ගන්න මහා යුද්ධයේ තීරණාත්මකම කඩඉම තමයි මේ ෆිනාලේ එපිසෝඩ් එකෙන් බලාගන්න පුළුවන් වෙන්නේ. 

වීඩියෝ පිටපත් සහ උපසිරැසි ලබාගන්නා ආකාරය:

✅Direct Download: කිසිදු බාධාවකින් තොරව සිංහල උපසිරැසි ගොනුව (SRT) සෘජුවම බාගත කරගත හැක.

✅Telegram Download: 720p, 1080p සහ 4K උසස් තත්ත්වයේ WEB-DL වීඩියෝ පිටපත් ටෙලිග්‍රෑම් චැනලය හරහා ලබාගත හැක.",8.5,2026,3,8,"House of the Dragon Season 3 Episode 08 Sinhala Subtitles, House of the Dragon sinhala sub, HOTD Season 3 Finale sinhala subtitle download, HOTD Episode 08 sinhala sub pixelpoplk, House of the Dragon sinhala sub pixelpop.lk, pixelpoplk tv series, හවුස් ඔෆ් ද ඩ්‍රැගන් සිංහල උපසිරැසි, House of the Dragon S03E08 sinhala subtitles download, HOTD sinhala sub web-dl, pixelpoplk sinhala subtitles, HOTD finale sinhala sub, HOTD recap sinhala",https://t.me/Pixelpopnew_bot?start=x7Ayw2zp5Sw,357
194,2026-08-10 12:27:21.523628+00,The Invite (2026),https://frdgyadvbdpacwfoqybw.supabase.co/storage/v1/object/public/subtitles/The%20Invite/The.Invite.2026.WEBRip.sinhala.zip?download,https://image.tmdb.org/t/p/original/b7Dr8Chzse8VagexAporUu2RtLx.jpg,"Comedy, Drama, 18+, Romance","🕵️‍♂️ The Invite (2026) - සිංහල උපසිරැසි 🎬🔞

The Invite delivers a hilarious and sharp comedy-drama about modern relationships and adult compromises from A24. When a couple whose marriage is on thin ice invites their eccentric, free-spirited upstairs neighbors over for a dinner party, the evening quickly spirals into unpredictable, wild, and eye-opening territory. Download high-quality 720p, 1080p WEB-DL video files directly or via Telegram on pixelpoplk.

ඔන්න අරගෙන ආවා Comedy සහ Drama ගණයට ආස කරන අයට කිසිසේත්ම මඟහැරගන්න බැරි, ප්‍රසිද්ධ A24 සිනමා සමාගම හරහා නිකුත් වුණු අලුත්ම සුපිරි සිනමාපටයක්. සුප්‍රසිද්ධ ස්පාඤ්ඤ චිත්‍රපටයක් වන ""The People Upstairs"" ඇසුරෙන් නිර්මාණය වුණු The Invite කියන්නේ සබඳතා සහ විවාහ ජීවිතය පිළිබඳව හාස්‍යය මුසු කරමින් ඉතාමත් අපූරුවට කතාබහ කරන වැඩිහිටියන්ට පමණක් නිර්මාණය වූ 🔞 නිර්මාණයක්.

කතාව ගැන කිසිම දෙයක් ස්පොයිල් කරන්නේ නැතුව සරලවම කිව්වොත්, ජෝ (Seth Rogen) සහ ඇන්ජෙලා (Olivia Wilde) කියන්නේ සබඳතාවයේ ගැටලු රැසක් නිසා දික්කසාද වීමේ මට්ටමේ පසුවෙන යුවළක්. දිනක් ඔවුන්ගේ උඩුමහලේ පදිංචිව සිටින, තරමක් අමුතු අදහස් තියෙන අසල්වැසි යුවළක් වන පීනාව (Penélope Cruz) සහ හෝක්ව (Edward Norton) තමන්ගේ නිවසට රාත්‍රී ආහාර වේලක් සඳහා ඇරයුම් කරනවා. නමුත් සාමාන්‍ය විදිහට ඇරඹෙන මේ රාත්‍රී භෝජන සංග්‍රහය, ඔවුන් කිසිසේත්ම බලාපොරොත්තු නොවුණු, හාස්‍යයෙන් පිරි මෙන්ම දෙපිරිසේම පෞද්ගලික රහස් හෙළිවන අතිශය අවුල් සහගත තැනකට හැරෙන්නේ කෙසේද?

Olivia Wilde ගේ අධ්‍යක්ෂණයෙන් හැඩවුණු, Seth Rogen, Edward Norton සහ Penélope Cruz වැනි දක්ෂ නළු නිළියන් රැසකගේ රංගනයෙන් ඔපවත් වූ මේ චිත්‍රපටය අනිවාර්යයෙන්ම නැරඹිය යුතු එකක්.

📥 වීඩියෝ පිටපත් සහ උපසිරැසි ලබාගන්නා ආකාරය:

📄 Direct Subtitle Download: කිසිදු බාධාවකින් තොරව සිංහල උපසිරැසි ගොනුව (SRT) සෘජුවම බාගත කරගත හැක.

✈️ Telegram Download: වීඩියෝව සමඟ උපසිරැසි නැරඹීමට කැමති අය සඳහා 720p, 1080p උසස් තත්ත්වයේ WEB-DL වීඩියෝ පිටපත් ටෙලිග්‍රෑම් චැනලය හරහා ලබාගත හැක.",7.9,2026,,,"The Invite Sinhala Subtitles, The Invite sinhala sub, The Invite sinhala subtitle download, The Invite movie sinhala sub pixelpoplk, The Invite sinhala sub pixelpop.lk, pixelpoplk A24 movie, ද ඉන්වයිට් සිංහල උපසිරැසි, The Invite full movie sinhala subtitles download, The Invite sinhala sub web-dl, pixelpoplk sinhala subtitles, The Invite comedy drama sinhala sub, Olivia Wilde movie sinhala sub, 18+",https://t.me/Pixelpopnew_bot?start=bh0r5hKGUQo,14
195,2026-08-10 13:02:14.876293+00,The Walking Dead: Dead City,https://frdgyadvbdpacwfoqybw.supabase.co/storage/v1/object/public/subtitles/The%20Walking%20Dead%20Dead%20City%20S03e03%20138024/The_Walking_Dead_Dead_City_S03E03_138024.zip?download,https://image.tmdb.org/t/p/original/seYokxOjFyTVX13XgD2FNjWIry8.jpg,"Survival,Horror,Zombie,Drama,Tv Series","🕵️‍♂️ The Walking Dead: Dead City (Season 03, Episode 03) - සිංහල උපසිරැසි 🎬🧟‍♂️

​The Walking Dead: Dead City returns with an intense, action-packed third episode in Season 3! As Maggie and Negan navigate the brutal, walker-infested ruins of post-apocalyptic Manhattan, new threats emerge and fragile alliances are pushed to the absolute limit. Expect high-stakes tension, brutal survival choices, and shocking twists in this latest chapter. Download high-quality 720p and 1080p WEB-DL video files directly or via Telegram on pixelpoplk!

📥 Subtitles සහ Movies/TV Series පහසුවෙන්ම Download කරගන්නේ කෙසේද?

1. වෙබ් අඩවියෙන් Subtitles ලබාගැනීමට:

පියවර 01: මුලින්ම Dirrect Download Button එක ක්ලික් කරන්න.

පියවර 02: ඉන්පසු තත්පර 5ක් රැඳී සිට Ad එක ටිකක් වෙලා බලලා Back උනාම කොලපාට  download button එකක් එයි.

පියවර 03: දැන් Start Download ක්ලික් කරන්න. එවිට Subtitle ෆයිල් එක Zip File එකක් ලෙස ඩවුන්ලෝඩ් වේවි.

භාවිතා කරන ආකාරය: එම Zip ෆයිල් එක Extract (Unzip) කර, ඔබගේ Video Player එකට Add කරගෙන උපසිරැසි සමඟින් රසවිඳින්න.

2. Telegram හරහා Direct ලබාගැනීමට:
මෙහි ඇති Telegram Download Button එක ක්ලික් කරන්න.

එවිට අපගේ Telegram Bot මඟින් Movie  එක්හෝ TV Series Episode එක සෘජුවම ඔබට ලබා දෙනු ඇත.

එතැනින් ඉතා පහසුවෙන් ඩවුන්ලෝඩ් කර නැරඹීමේ හැකියාව පවතී.

📌 අලුත්ම Updates ලබාගැනීමට:

චිත්‍රපට සහ ටෙලි කථා මාලාවල අලුත්ම Updates සහ Subtitles ක්ෂණිකව ලබාගැනීමට දැන්ම අපගේ Telegram Channel එකට සහ FB Page එකට Join වෙන්න! 🎬",7,2023,3,3,"Walking Dead: Dead City Season 3 Episode 3 Sinhala Subtitles | ඩෙඩ් සිටි 3 වන කොටස සිංහල උපසිරැසි සමඟ  Walking Dead: Dead City Season 3 Episode 3 (3 වන කොටස) සිංහල උපසිරැසි සමඟ මෙතැනින් බාගත කරගන්න. Maggie සහ Negan ගේ නවතම ඇඩ්‍රිනලින් පිරි ක්‍රියාදාම ඇතුළත් Dead City S03 Ep 3 Sinhala Sub.  Walking dead dead city sinhala sub, dead city sinhala sub, The walking dead, dead ciS03E03  sinhala sub, dead city episode 3 sinhala sub, walking dead dead city season 03 episode 3 sinhala sub, dead city s03e03 sinhala sub, walking dead dead city sinhala subtitles, dead city sinhala subbed, tv series sinhala sub",https://t.me/Pixelpopnew_bot?start=UkpEV1gX-9M,5
196,2026-08-11 13:42:49.900781+00,The Sopranos,https://frdgyadvbdpacwfoqybw.supabase.co/storage/v1/object/public/subtitles/The%20Sopranos%20S03e01%20909109/The_Sopranos_S03E01_909109.zip?download,https://image.tmdb.org/t/p/original/fg2sTwO5FglA1S6prL7GlCo124n.jpg,"Crime, Drama, TV Series","🕵️‍♂️ The Sopranos Season 3 - සිංහල උපසිරැසි 🎬

The Sopranos Season 3 returns with the aftermath of an intense second season. After dealing with shocking family pressure, tragic losses, and inside informants, Tony Soprano must now face new federal threats, rising tensions within his crew, and fresh challenges at home. Download high-quality 720p, 1080p bluray video files directly or via Telegram on pixelpoplk.

ඔන්න යාළුවනේ, සර්වකාලීන විශිෂ්ටතම Crime-Drama ටෙලි කතා මාලාව විදිහට සැලකෙන HBO හි 'The Sopranos' හි 3 වැනි කතා සමයට (Season 3) සිංහල උපසිරැසි අරගෙන ආවා. 3 වැනි කතා සමය බලන්න කලින්, කලින් කතා සමයේ (Season 2) සිද්ධ වුණු ප්‍රධාන සිදුවීම් ටිකක් මතක් කරගන්න එක ඔයාලට ගොඩක් වටිනවා. IMDb හි 9.2/10 ක අති විශාල අගයක් ලබාගෙන තියෙන මේ කතා මාලාව හැමෝම අනිවාර්යයෙන්ම නැරඹිය යුතු එකක්.

පසුගිය කතා සමයේදී (Season 2) ටෝනි සෝප්‍රානෝට තමන්ගේ පවුල ඇතුළෙන්ම වගේම මැර කල්ලිය ඇතුළෙන් ලොකු ප්‍රශ්න රැසකට මුහුණ දෙන්න වුණා. විශේෂයෙන්ම හිරෙන් නිදහස් වෙලා එන රිචී ඇප්‍රිල් (Richie Aprile) ගේ ආගමනය සහ ටෝනිගේ සහෝදරිය වන ජැනිස් (Janice) සමඟ ඔහු ඇති කරගන්නා සබඳතාවය මුළු කල්ලියම කැළඹීමට පත් කළා. ඒ වගේම ටෝනිගේ ළඟම මිතුරෙකු වූ බිග් පුසී (Big Pussy) එෆ්.බී.අයි (FBI) ඔත්තුකරුවෙකු බව හෙළිවීම සහ ඔහුගේ අවසානය පසුගිය සමයේ දකින්න ලැබුණු වඩාත්ම සංවේදී සිදුවීමක් වුණා.

මෙන්න මේ වගේ සංකීර්ණ සිදුවීම් දාමයකින් පස්සේ ආරම්භ වෙන 3 වැනි කතා සමයෙන්, ටෝනිට තමන්ගේ පවුල රැකගන්න, දරුවන්ගේ ප්‍රශ්න විසඳන්න වගේම එෆ්.බී.අයි එකෙන් එල්ල වන දැඩි පීඩනය හමුවේ තමන්ගේ අධිරාජ්‍යය රැකගන්න සිද්ධ වෙනවා. අලුත් සතුරන් සහ තවත් නොසිතූ පාවාදීම් රැසක් එක්ක ගලාගෙන යන The Sopranos Season 3 අනිවාර්යයෙන්ම ඔයාලගේ කුතුහලය උපරිමයටම ගෙන යනවා නොඅනුමානයි.

📥 වීඩියෝ පිටපත් සහ උපසිරැසි ලබාගන්නා ආකාරය:

📄 Direct Subtitle Download: කිසිදු බාධාවකින් තොරව සිංහල උපසිරැසි ගොනුව (SRT) සෘජුවම බාගත කරගත හැක.

✈️ Telegram Download: 720p, 1080p උසස් තත්ත්වයේ bluray වීඩියෝ පිටපත් ටෙලිග්‍රෑම් චැනලය හරහා ලබාගත හැක.",9.2,2001,3,1,"The Sopranos Season 3 Episode 1 Sinhala Subtitles, The Sopranos S03E01 sinhala sub, The Sopranos Season 3 Episode 1 sinhala subtitle download, The Sopranos S03E01 sinhala sub pixelpoplk, The Sopranos sinhala sub pixelpop.lk, pixelpoplk HBO Sopranos, ද සෝප්‍රානෝස් සිංහල උපසිරැසි, The Sopranos full series sinhala subtitles download, The Sopranos season 3 sinhala sub web-dl, pixelpoplk sinhala subtitles, crime drama series sinhala sub, HBO crime series sinhala",https://t.me/Pixelpopnew_bot?start=8x-ba73m7zg,12
197,2026-08-11 13:42:49.900781+00,The Sopranos,https://frdgyadvbdpacwfoqybw.supabase.co/storage/v1/object/public/subtitles/The%20Sopranos%20S03e02%20933482/The_Sopranos_S03E02_933482.zip?download,https://image.tmdb.org/t/p/original/fg2sTwO5FglA1S6prL7GlCo124n.jpg,"Crime, Drama","🕵️‍♂️ The Sopranos Season 3 Episode 2 - සිංහල උපසිරැසි 🎬

In The Sopranos Season 3 Episode 2, Tony Soprano faces new federal threats, rising tensions within his crew, and fresh challenges at home. Download high-quality 720p, 1080p bluray video files directly or via Telegram on pixelpoplk.

📥 වීඩියෝ පිටපත් සහ උපසිරැසි ලබාගන්නා ආකාරය:

📄 Direct Subtitle Download: කිසිදු බාධාවකින් තොරව සිංහල උපසිරැසි ගොනුව (SRT) සෘජුවම බාගත කරගත හැක.

✈️ Telegram Download: 720p, 1080p උසස් තත්ත්වයේ bluray වීඩියෝ පිටපත් ටෙලිග්‍රෑම් චැනලය හරහා ලබාගත හැක.",9.2,2001,3,2,"The Sopranos Season 3 Episode 2 Sinhala Subtitles, The Sopranos S03E02 sinhala sub, The Sopranos Season 3 Episode 2 sinhala subtitle download, The Sopranos S03E02 sinhala sub pixelpoplk, The Sopranos sinhala sub pixelpop.lk, pixelpoplk HBO Sopranos, ද සෝප්‍රානෝස් සිංහල උපසිරැසි, The Sopranos full series sinhala subtitles download, The Sopranos season 3 sinhala sub web-dl, pixelpoplk sinhala subtitles, crime drama series sinhala sub, HBO crime series sinhala",https://t.me/Pixelpopnew_bot?start=vO7vfxcCB9I,7
198,2026-08-11 13:42:49.900781+00,The Sopranos,https://frdgyadvbdpacwfoqybw.supabase.co/storage/v1/object/public/subtitles/The%20Sopranos%20S03e03%20474854/The_Sopranos_S03E03_474854.zip?download,https://image.tmdb.org/t/p/original/fg2sTwO5FglA1S6prL7GlCo124n.jpg,"Crime, Drama","🕵️‍♂️ The Sopranos Season 3 Episode 3 - සිංහල උපසිරැසි 🎬

In The Sopranos Season 3 Episode 3, Tony Soprano and his crew deal with shocking family pressure, tragic losses, and inside informants. Download high-quality 720p, 1080p bluray video files directly or via Telegram on pixelpoplk.

📥 වීඩියෝ පිටපත් සහ උපසිරැසි ලබාගන්නා ආකාරය:

📄 Direct Subtitle Download: කිසිදු බාධාවකින් තොරව සිංහල උපසිරැසි ගොනුව (SRT) සෘජුවම බාගත කරගත හැක.

✈️ Telegram Download: 720p, 1080p උසස් තත්ත්වයේ bluray වීඩියෝ පිටපත් ටෙලිග්‍රෑම් චැනලය හරහා ලබාගත හැක.",9.2,2001,3,3,"The Sopranos Season 3 Episode 3 Sinhala Subtitles, The Sopranos S03E03 sinhala sub, The Sopranos Season 3 Episode 3 sinhala subtitle download, The Sopranos S03E03 sinhala sub pixelpoplk, The Sopranos sinhala sub pixelpop.lk, pixelpoplk HBO Sopranos, ද සෝප්‍රානෝස් සිංහල උපසිරැසි, The Sopranos full series sinhala subtitles download, The Sopranos season 3 sinhala sub web-dl, pixelpoplk sinhala subtitles, crime drama series sinhala sub, HBO crime series sinhala",https://t.me/Pixelpopnew_bot?start=3Q7coxFLTSg,7
199,2026-08-11 13:42:49.900781+00,The Sopranos,https://frdgyadvbdpacwfoqybw.supabase.co/storage/v1/object/public/subtitles/The%20Sopranos%20S03e04%20852059/The_Sopranos_S03E04_852059.zip?download,https://image.tmdb.org/t/p/original/fg2sTwO5FglA1S6prL7GlCo124n.jpg,"Crime, Drama","🕵️‍♂️ The Sopranos Season 3 Episode 4 - සිංහල උපසිරැසි 🎬

In The Sopranos Season 3 Episode 4, new federal threats and rising tensions within his crew challenge Tony Soprano. Download high-quality 720p, 1080p bluray video files directly or via Telegram on pixelpoplk.

📥 වීඩියෝ පිටපත් සහ උපසිරැසි ලබාගන්නා ආකාරය:

📄 Direct Subtitle Download: කිසිදු බාධාවකින් තොරව සිංහල උපසිරැසි ගොනුව (SRT) සෘජුවම බාගත කරගත හැක.

✈️ Telegram Download: 720p, 1080p උසස් තත්ත්වයේ bluray වීඩියෝ පිටපත් ටෙලිග්‍රෑම් චැනලය හරහා ලබාගත හැක.",9.2,2001,3,4,"The Sopranos Season 3 Episode 4 Sinhala Subtitles, The Sopranos S03E04 sinhala sub, The Sopranos Season 3 Episode 4 sinhala subtitle download, The Sopranos S03E04 sinhala sub pixelpoplk, The Sopranos sinhala sub pixelpop.lk, pixelpoplk HBO Sopranos, ද සෝප්‍රානෝස් සිංහල උපසිරැසි, The Sopranos full series sinhala subtitles download, The Sopranos season 3 sinhala sub web-dl, pixelpoplk sinhala subtitles, crime drama series sinhala sub, HBO crime series sinhala",https://t.me/Pixelpopnew_bot?start=ZwTmXT71QIo,8
200,2026-08-11 13:42:49.900781+00,The Sopranos,https://frdgyadvbdpacwfoqybw.supabase.co/storage/v1/object/public/subtitles/The%20Sopranos%20S03e05%20718927/The_Sopranos_S03E05_718927.zip?download,https://image.tmdb.org/t/p/original/fg2sTwO5FglA1S6prL7GlCo124n.jpg,"Crime, Drama","🕵️‍♂️ The Sopranos Season 3 Episode 5 - සිංහල උපසිරැසි 🎬

In The Sopranos Season 3 Episode 5, Tony Soprano must face fresh challenges at home and rise above the pressure. Download high-quality 720p, 1080p bluray video files directly or via Telegram on pixelpoplk.

📥 වීඩියෝ පිටපත් සහ උපසිරැසි ලබාගන්නා ආකාරය:

📄 Direct Subtitle Download: කිසිදු බාධාවකින් තොරව සිංහල උපසිරැසි ගොනුව (SRT) සෘජුවම බාගත කරගත හැක.

✈️ Telegram Download: 720p, 1080p උසස් තත්ත්වයේ bluray වීඩියෝ පිටපත් ටෙලිග්‍රෑම් චැනලය හරහා ලබාගත හැක.",9.2,2001,3,5,"The Sopranos Season 3 Episode 5 Sinhala Subtitles, The Sopranos S03E05 sinhala sub, The Sopranos Season 3 Episode 5 sinhala subtitle download, The Sopranos S03E05 sinhala sub pixelpoplk, The Sopranos sinhala sub pixelpop.lk, pixelpoplk HBO Sopranos, ද සෝප්‍රානෝස් සිංහල උපසිරැසි, The Sopranos full series sinhala subtitles download, The Sopranos season 3 sinhala sub web-dl, pixelpoplk sinhala subtitles, crime drama series sinhala sub, HBO crime series sinhala",https://t.me/Pixelpopnew_bot?start=l2YpKZwz1VQ,7
201,2026-08-12 08:51:51.598699+00,Reacher,https://frdgyadvbdpacwfoqybw.supabase.co/storage/v1/object/public/subtitles/Reacher%20S04e01%20605767/Reacher_S04E01_605767.zip?download,https://image.tmdb.org/t/p/original/wkKJHC34dIw9cJwAfNEEgDdb2ol.jpg,"Action, Crime, Thriller, Detective, Drama","🕵️‍♂️ Reacher Season 4 Episode 1 - සිංහල උපසිරැසි 🎬

Reacher Season 4 Episode 1 delivers the highly anticipated return of television's ultimate wanderer. Before diving into this brand new chapter of conspiracy and action, let's take a quick journey back to Reacher's past adventures—from uncovering the corruption in Margrave, to avenging his fallen military comrades, and surviving a deadly undercover mission. Download high-quality 720p, 1080p WEB-DL video files directly or via Telegram on pixelpoplk.

ඔන්න යාළුවනේ, ලෝක පුරා අතිශය ජනප්‍රිය වුණු, ඇමසන් ප්‍රයිම් (Prime Video) හරහා විකාශනය ආරම්භ වුණු Reacher කතා මාලාවේ 4 වැනි කතා සමයේ (Season 4) පළමු වැනි කොටසට (Episode 1) සිංහල උපසිරැසි අරගෙන ආවා. මේ අලුත්ම සීසන් එක බලන්න පටන් ගන්න කලින්, කලින් කතා සමයන් 1, 2 සහ 3 තුළින් රීචර් ආපු ගමන කෙටියෙන් මතක් කරගන්න එක ඔයාලට ගොඩක් වටිනවා.

පළමු කතා සමයේදී (Season 1) මාග්‍රේව් (Margrave) නම් කුඩා නගරයේ සිදුවූ තමන්ගේ සහෝදරයාගේ ඝාතනයට පලිගැනීම සඳහා නගරයේ රහස්‍ය කල්ලියක් සහ දූෂිත පොලිසියක් මුළුමනින්ම විනාශ කිරීමට රීචර් සමත් වුණා. දෙවන කතා සමයේදී (Season 2) තමන්ගේ පැරණි හමුදා ඒකකයේ (110th Special Investigators) මිතුරන් පාවාදී මරා දැමූ දූෂිත ආයුධ ජාවාරම්කරුවන් කල්ලියක් සොයා ගොස් තමන්ගේ මිතුරන් වෙනුවෙන් යුක්තිය ඉටු කරන්න ඔහුට සිද්ධ වුණා. පසුගිය තුන්වන කතා සමයේදී (Season 3) දරුණු ජාවාරම්කරුවන් පිරිසක් කොටු කරගැනීම සඳහා රීචර් අතිශය අවදානම් සහගත රහසිගත මෙහෙයුමකට (Undercover) සම්බන්ධ වෙමින් දැවැන්ත සටනක් දියත් කළා.

මෙන්න මේ විදිහට හැම තැනකදීම තමන්ගේ ශාරීරික ශක්තිය සහ අසමසම බුද්ධිය උපයෝගී කරගෙන සතුරන් මෙල්ල කරපු ජැක් රීචර්, මේ 4 වැනි කතා සමයෙන් තවත් අලුත්ම දේශපාලන සහ රහස් ඔත්තු සේවා කුමන්ත්‍රණයකට මැදි වෙනවා. Alan Ritchson ගේ සුපිරි රංගනය සහ සුපිරි සටන් දර්ශන රැසක් සමඟින් ඇරඹෙන Reacher Season 4 හි පළමු කොටස කිසිසේත්ම මඟහැරගන්න එපා.

📥 වීඩියෝ පිටපත් සහ උපසිරැසි ලබාගන්නා ආකාරය:

📄 Direct Subtitle Download: කිසිදු බාධාවකින් තොරව සිංහල උපසිරැසි ගොනුව (SRT) සෘජුවම බාගත කරගත හැක.

✈️ Telegram Download: වීඩියෝව සමඟ උපසිරැසි නැරඹීමට කැමති අය සඳහා 720p, 1080p උසස් තත්ත්වයේ WEB-DL වීඩියෝ පිටපත් ටෙලිග්‍රෑම් චැනලය හරහා ලබාගත හැක.",8.1,2026,4,1,"Reacher Season 4 Episode 1 Sinhala Subtitles, Reacher S04E01 sinhala sub, Reacher S4 Ep1 sinhala subtitle download, Reacher S04E01 sinhala sub pixelpoplk, Reacher S4E1 sinhala sub pixelpop.lk, pixelpoplk Prime Video Reacher, රීචර් සිංහල උපසිරැසි, Reacher Season 4 sinhala subtitles download, Reacher S04E01 web-dl sinhala sub, pixelpoplk sinhala subtitles, action thriller series sinhala sub, Reacher recap sinhala sub",https://t.me/Pixelpopnew_bot?start=eN1vvAiL1OE,67
202,2026-08-12 11:07:22.290595+00,Reacher,https://frdgyadvbdpacwfoqybw.supabase.co/storage/v1/object/public/subtitles/Reacher%20S04e02%20764263/Reacher_S04E02_764263.zip?download,https://image.tmdb.org/t/p/original/wkKJHC34dIw9cJwAfNEEgDdb2ol.jpg,"Action, Crime, Thriller, Detective, Drama","🕵️‍♂️ Reacher Season 4 Episode 2 - සිංහල උපසිරැසි 🎬

Reacher Season 4 Episode 2 continues the thrilling adventure of television's ultimate wanderer. Jack Reacher dives deeper into a web of conspiracy, lies, and high-stakes action. Download high-quality 720p, 1080p WEB-DL video files directly or via Telegram on pixelpoplk.

ඔන්න යාළුවනේ, ඇමසන් ප්‍රයිම් (Prime Video) හරහා විකාශනය වන Reacher කතා මාලාවේ 4 වැනි කතා සමයේ (Season 4) දෙවැනි කොටසට (Episode 2) සිංහල උපසිරැසි අරගෙන ආවා. Alan Ritchson ගේ සුපිරි රංගනය සහ සුපිරි ක්‍රියාදාම දර්ශන රැසක් සමඟින් දිගහැරෙන මෙම කොටස කිසිසේත්ම මඟහැරගන්න එපා.

📥 වීඩියෝ පිටපත් සහ උපසිරැසි ලබාගන්නා ආකාරය:

📄 Direct Subtitle Download: කිසිදු බාධාවකින් තොරව සිංහල උපසිරැසි ගොනුව (SRT) සෘජුවම බාගත කරගත හැක.

✈️ Telegram Download: වීඩියෝව සමඟ උපසිරැසි නැරඹීමට කැමති අය සඳහා 720p, 1080p උසස් තත්ත්වයේ WEB-DL වීඩියෝ පිටපත් ටෙලිග්‍රෑම් චැනලය හරහා ලබාගත හැක.",8.1,2026,4,2,"<meta name=""keywords"" content=""Reacher Season 4 Episode 2 Sinhala Subtitles, Reacher S04E02 sinhala sub, Reacher S4 Ep2 sinhala subtitle download, Reacher S04E02 sinhala sub pixelpoplk, Reacher S4E2 sinhala sub pixelpop.lk, pixelpoplk Prime Video Reacher, රීචර් සිංහල උපසිරැසි, Reacher Season 4 sinhala subtitles download, Reacher S04E02 web-dl sinhala sub, pixelpoplk sinhala subtitles, action thriller series sinhala sub""> <meta name=""description"" content=""Reacher Season 4 Episode 2 Sinhala Subtitles. Download Reacher S04E02 Sinhala Sub online from pixelpoplk."">",https://t.me/Pixelpopnew_bot?start=mxXHA8lgziE,33
203,2026-08-12 11:07:22.290595+00,Reacher,https://frdgyadvbdpacwfoqybw.supabase.co/storage/v1/object/public/subtitles/Reacher%20S04e03%20133069/Reacher_S04E03_133069.zip?download,https://image.tmdb.org/t/p/original/wkKJHC34dIw9cJwAfNEEgDdb2ol.jpg,"Action, Crime, Thriller, Detective, Drama","🕵️‍♂️ Reacher Season 4 Episode 3 - සිංහල උපසිරැසි 🎬

Reacher Season 4 Episode 3 delivers more heart-pounding action and suspense as television's ultimate wanderer faces new challenges. Dive into the intense and gripping mystery in this brand new episode. Download high-quality 720p, 1080p WEB-DL video files directly or via Telegram on pixelpoplk.

ඔන්න යාළුවනේ, ඇමසන් ප්‍රයිම් (Prime Video) හරහා විකාශනය වන Reacher කතා මාලාවේ 4 වැනි කතා සමයේ (Season 4) තුන්වැනි කොටසට (Episode 3) සිංහල උපසිරැසි අරගෙන ආවා. Alan Ritchson ගේ සුපිරි රංගනය සහ සුපිරි ක්‍රියාදාම දර්ශන රැසක් සමඟින් දිගහැරෙන මෙම කොටස කිසිසේත්ම මඟහැරගන්න එපා.

📥 වීඩියෝ පිටපත් සහ උපසිරැසි ලබාගන්නා ආකාරය:

📄 Direct Subtitle Download: කිසිදු බාධාවකින් තොරව සිංහල උපසිරැසි ගොනුව (SRT) සෘජුවම බාගත කරගත හැක.

✈️ Telegram Download: වීඩියෝව සමඟ උපසිරැසි නැරඹීමට කැමති අය සඳහා 720p, 1080p උසස් තත්ත්වයේ WEB-DL වීඩියෝ පිටපත් ටෙලිග්‍රෑම් චැනලය හරහා ලබාගත හැක.",8.1,2026,4,3,"<meta name=""keywords"" content=""Reacher Season 4 Episode 3 Sinhala Subtitles, Reacher S04E03 sinhala sub, Reacher S4 Ep3 sinhala subtitle download, Reacher S04E03 sinhala sub pixelpoplk, Reacher S4E3 sinhala sub pixelpop.lk, pixelpoplk Prime Video Reacher, රීචර් සිංහල උපසිරැසි, Reacher Season 4 sinhala subtitles download, Reacher S04E03 web-dl sinhala sub, pixelpoplk sinhala subtitles, action thriller series sinhala sub""> <meta name=""description"" content=""Reacher Season 4 Episode 3 Sinhala Subtitles. Download Reacher S04E03 Sinhala Sub online from pixelpoplk."">",https://t.me/Pixelpopnew_bot?start=hBiqSXseDeI,29
204,2026-08-12 17:01:42.133751+00,The Night Of,https://frdgyadvbdpacwfoqybw.supabase.co/storage/v1/object/public/subtitles/The%20Night%20of%20S01e02%20106730/The_Night_Of_S01E02_106730.zip?download,https://image.tmdb.org/t/p/original/q13XJHdnsmxQL9rXRcnNDrZGHjO.jpg,"Crime, Drama, Mystery","🕵️‍♂️ The Night Of Season 1 Episode 2 - සිංහල උපසිරැසි 🎬

The Night Of Season 1 Episode 2 continues the gripping crime drama series. Follow Nasir Khan as he faces the daunting realities of the criminal justice system after a fateful night. Download high-quality 720p Blu-Ray video files directly or via Telegram on pixelpoplk.

ඔන්න අරගෙන ආවා Crime, Mystery සහ Thriller ගණයේ රසිකයින්ට මඟහැරගන්නම බැරි, HBO නාලිකාව හරහා විකාශනය වුණු අතිශය ජනප්‍රිය වගේම සම්මානනීය මිනි-කතා මාලාවක් වන The Night Of හි දෙවැනි කොටසට (Episode 2) සිංහල උපසිරැසි. මුල සිට අගටම කුතුහලය උපරිමයෙන්ම පවත්වාගෙන යන මෙම විශිෂ්ටතම නිර්මාණය කිසිසේත්ම මඟහැරගන්න එපා.

📥 වීඩියෝ පිටපත් සහ උපසිරැසි ලබාගන්නා ආකාරය:

📄 Direct Subtitle Download: කිසිදු බාධාවකින් තොරව සිංහල උපසිරැසි ගොනුව (SRT) සෘජුවම බාගත කරගත හැක.

✈️ Telegram Download: 720p උසස් තත්ත්වයේ Bluray වීඩියෝ පිටපත් ටෙලිග්‍රෑම් චැනලය හරහා ලබාගත හැක.",8.1,2016,1,2,"<meta name=""keywords"" content=""The Night Of Season 1 Episode 2 Sinhala Subtitles, The Night Of S01E02 sinhala sub, The Night Of 1x2 sub, The Night Of sinhala sub download, The Night Of tv series sinhala sub pixelpoplk, The Night Of sinhala sub pixelpop.lk, pixelpoplk HBO miniseries, ද නයිට් ඔෆ් සිංහල උපසිරැසි, The Night Of full series sinhala subtitles download, The Night Of sinhala sub web-dl, pixelpoplk sinhala subtitles, The Night Of miniseries sinhala sub, crime drama sinhala sub""> <meta name=""description"" content=""The Night Of Season 1 Episode 2 Sinhala Subtitles. Download The Night Of S01E02 Sinhala Sub online from pixelpoplk."">",https://t.me/Pixelpopnew_bot?start=yX1gqQgPwxc,7
205,2026-08-12 17:01:42.133751+00,The Night Of,https://frdgyadvbdpacwfoqybw.supabase.co/storage/v1/object/public/subtitles/The%20Night%20of%20S01e03%20630715/The_Night_Of_S01E03_630715.zip?download,https://image.tmdb.org/t/p/original/q13XJHdnsmxQL9rXRcnNDrZGHjO.jpg,"Crime, Drama, Mystery","🕵️‍♂️ The Night Of Season 1 Episode 3 - සිංහල උපසිරැසි 🎬

The Night Of Season 1 Episode 3 dives deeper into the complex trial of Nasir Khan. As John Stone works on the defense, tension rises inside the prison. Download high-quality 720p Blu-Ray video files directly or via Telegram on pixelpoplk.

ඔන්න අරගෙන ආවා Crime, Mystery සහ Thriller ගණයේ රසිකයින්ට මඟහැරගන්නම බැරි, HBO නාලිකාව හරහා විකාශනය වුණු අතිශය ජනප්‍රිය වගේම සම්මානනීය මිනි-කතා මාලාවක් වන The Night Of හි තුන්වැනි කොටසට (Episode 3) සිංහල උපසිරැසි. මුල සිට අගටම කුතුහලය උපරිමයෙන්ම පවත්වාගෙන යන මෙම විශිෂ්ටතම නිර්මාණය කිසිසේත්ම මඟහැරගන්න එපා.

📥 වීඩියෝ පිටපත් සහ උපසිරැසි ලබාගන්නා ආකාරය:

📄 Direct Subtitle Download: කිසිදු බාධාවකින් තොරව සිංහල උපසිරැසි ගොනුව (SRT) සෘජුවම බාගත කරගත හැක.

✈️ Telegram Download: 720p උසස් තත්ත්වයේ Bluray වීඩියෝ පිටපත් ටෙලිග්‍රෑම් චැනලය හරහා ලබාගත හැක.",8.1,2016,1,3,"<meta name=""keywords"" content=""The Night Of Season 1 Episode 3 Sinhala Subtitles, The Night Of S01E03 sinhala sub, The Night Of 1x3 sub, The Night Of sinhala sub download, The Night Of tv series sinhala sub pixelpoplk, The Night Of sinhala sub pixelpop.lk, pixelpoplk HBO miniseries, ද නයිට් ඔෆ් සිංහල උපසිරැසි, The Night Of full series sinhala subtitles download, The Night Of sinhala sub web-dl, pixelpoplk sinhala subtitles, The Night Of miniseries sinhala sub, crime drama sinhala sub""> <meta name=""description"" content=""The Night Of Season 1 Episode 3 Sinhala Subtitles. Download The Night Of S01E03 Sinhala Sub online from pixelpoplk."">",https://t.me/Pixelpopnew_bot?start=xA9IoawyTSM,6
206,2026-08-12 17:01:42.133751+00,The Night Of,https://frdgyadvbdpacwfoqybw.supabase.co/storage/v1/object/public/subtitles/The%20Night%20of%20S01e04%20112317/The_Night_Of_S01E04_112317.zip?download,https://image.tmdb.org/t/p/original/q13XJHdnsmxQL9rXRcnNDrZGHjO.jpg,"Crime, Drama, Mystery","🕵️‍♂️ The Night Of Season 1 Episode 4 - සිංහල උපසිරැසි 🎬

The Night Of Season 1 Episode 4 explores the escalating stakes of Nasir Khan's legal defense. The investigation uncovers new angles in this mystery. Download high-quality 720p Blu-Ray video files directly or via Telegram on pixelpoplk.

ඔන්න අරගෙන ආවා Crime, Mystery සහ Thriller ගණයේ රසිකයින්ට මඟහැරගන්නම බැරි, HBO නාලිකාව හරහා විකාශනය වුණු අතිශය ජනප්‍රිය වගේම සම්මානනීය මිනි-කතා මාලාවක් වන The Night Of හි හතරවැනි කොටසට (Episode 4) සිංහල උපසිරැසි. මුල සිට අගටම කුතුහලය උපරිමයෙන්ම පවත්වාගෙන යන මෙම විශිෂ්ටතම නිර්මාණය කිසිසේත්ම මඟහැරගන්න එපා.

📥 වීඩියෝ පිටපත් සහ උපසිරැසි ලබාගන්නා ආකාරය:

📄 Direct Subtitle Download: කිසිදු බාධාවකින් තොරව සිංහල උපසිරැසි ගොනුව (SRT) සෘජුවම බාගත කරගත හැක.

✈️ Telegram Download: 720p උසස් තත්ත්වයේ Bluray වීඩියෝ පිටපත් ටෙලිග්‍රෑම් චැනලය හරහා ලබාගත හැක.",8.1,2016,1,4,"<meta name=""keywords"" content=""The Night Of Season 1 Episode 4 Sinhala Subtitles, The Night Of S01E04 sinhala sub, The Night Of 1x4 sub, The Night Of sinhala sub download, The Night Of tv series sinhala sub pixelpoplk, The Night Of sinhala sub pixelpop.lk, pixelpoplk HBO miniseries, ද නයිට් ඔෆ් සිංහල උපසිරැසි, The Night Of full series sinhala subtitles download, The Night Of sinhala sub web-dl, pixelpoplk sinhala subtitles, The Night Of miniseries sinhala sub, crime drama sinhala sub""> <meta name=""description"" content=""The Night Of Season 1 Episode 4 Sinhala Subtitles. Download The Night Of S01E04 Sinhala Sub online from pixelpoplk."">",https://t.me/Pixelpopnew_bot?start=PmpxEwt-T4A,7
207,2026-08-12 17:01:42.133751+00,The Night Of,https://frdgyadvbdpacwfoqybw.supabase.co/storage/v1/object/public/subtitles/The%20Night%20of%20S01e05%20899873/The_Night_Of_S01E05_899873.zip?download,https://image.tmdb.org/t/p/original/q13XJHdnsmxQL9rXRcnNDrZGHjO.jpg,"Crime, Drama, Mystery","🕵️‍♂️ The Night Of Season 1 Episode 5 - සිංහල උපසිරැසි 🎬

The Night Of Season 1 Episode 5 presents new challenges inside Nasir Khan's defense team. The prosecution sharpens its case as secrets are revealed. Download high-quality 720p Blu-Ray video files directly or via Telegram on pixelpoplk.

ඔන්න අරගෙන ආවා Crime, Mystery සහ Thriller ගණයේ රසිකයින්ට මඟහැරගන්නම බැරි, HBO නාලිකාව හරහා විකාශනය වුණු අතිශය ජනප්‍රිය වගේම සම්මානනීය මිනි-කතා මාලාවක් වන The Night Of හි පස්වැනි කොටසට (Episode 5) සිංහල උපසිරැසි. මුල සිට අගටම කුතුහලය උපරිමයෙන්ම පවත්වාගෙන යන මෙම විශිෂ්ටතම නිර්මාණය කිසිසේත්ම මඟහැරගන්න එපා.

📥 වීඩියෝ පිටපත් සහ උපසිරැසි ලබාගන්නා ආකාරය:

📄 Direct Subtitle Download: කිසිදු බාධාවකින් තොරව සිංහල උපසිරැසි ගොනුව (SRT) සෘජුවම බාගත කරගත හැක.

✈️ Telegram Download: 720p උසස් තත්ත්වයේ Bluray වීඩියෝ පිටපත් ටෙලිග්‍රෑම් චැනලය හරහා ලබාගත හැක.",8.1,2016,1,5,"<meta name=""keywords"" content=""The Night Of Season 1 Episode 5 Sinhala Subtitles, The Night Of S01E05 sinhala sub, The Night Of 1x5 sub, The Night Of sinhala sub download, The Night Of tv series sinhala sub pixelpoplk, The Night Of sinhala sub pixelpop.lk, pixelpoplk HBO miniseries, ද නයිට් ඔෆ් සිංහල උපසිරැසි, The Night Of full series sinhala subtitles download, The Night Of sinhala sub web-dl, pixelpoplk sinhala subtitles, The Night Of miniseries sinhala sub, crime drama sinhala sub""> <meta name=""description"" content=""The Night Of Season 1 Episode 5 Sinhala Subtitles. Download The Night Of S01E05 Sinhala Sub online from pixelpoplk."">",https://t.me/Pixelpopnew_bot?start=ozqvpM7jbq0,6
208,2026-08-12 17:01:42.133751+00,The Night Of,https://frdgyadvbdpacwfoqybw.supabase.co/storage/v1/object/public/subtitles/The%20Night%20of%20S01e06%20156862/The_Night_Of_S01E06_156862.zip?download,https://image.tmdb.org/t/p/original/q13XJHdnsmxQL9rXRcnNDrZGHjO.jpg,"Crime, Drama, Mystery","🕵️‍♂️ The Night Of Season 1 Episode 6 - සිංහල උපසිරැසි 🎬

The Night Of Season 1 Episode 6 unfolds intense courtroom developments. The truth remains elusive as different perspectives clash. Download high-quality 720p Blu-Ray video files directly or via Telegram on pixelpoplk.

ඔන්න අරගෙන ආවා Crime, Mystery සහ Thriller ගණයේ රසිකයින්ට මඟහැරගන්නම බැරි, HBO නාලිකාව හරහා විකාශනය වුණු අතිශය ජනප්‍රිය වගේම සම්මානනීය මිනි-කතා මාලාවක් වන The Night Of හි හයවැනි කොටසට (Episode 6) සිංහල උපසිරැසි. මුල සිට අගටම කුතුහලය උපරිමයෙන්ම පවත්වාගෙන යන මෙම විශිෂ්ටතම නිර්මාණය කිසිසේත්ම මඟහැරගන්න එපා.

📥 වීඩියෝ පිටපත් සහ උපසිරැසි ලබාගන්නා ආකාරය:

📄 Direct Subtitle Download: කිසිදු බාධාවකින් තොරව සිංහල උපසිරැසි ගොනුව (SRT) සෘජුවම බාගත කරගත හැක.

✈️ Telegram Download: 720p උසස් තත්ත්වයේ Bluray වීඩියෝ පිටපත් ටෙලිග්‍රෑම් චැනලය හරහා ලබාගත හැක.",8.1,2016,1,6,"<meta name=""keywords"" content=""The Night Of Season 1 Episode 6 Sinhala Subtitles, The Night Of S01E06 sinhala sub, The Night Of 1x6 sub, The Night Of sinhala sub download, The Night Of tv series sinhala sub pixelpoplk, The Night Of sinhala sub pixelpop.lk, pixelpoplk HBO miniseries, ද නයිට් ඔෆ් සිංහල උපසිරැසි, The Night Of full series sinhala subtitles download, The Night Of sinhala sub web-dl, pixelpoplk sinhala subtitles, The Night Of miniseries sinhala sub, crime drama sinhala sub""> <meta name=""description"" content=""The Night Of Season 1 Episode 6 Sinhala Subtitles. Download The Night Of S01E06 Sinhala Sub online from pixelpoplk."">",https://t.me/Pixelpopnew_bot?start=arrAWfDY8Ek,6
209,2026-08-12 17:01:42.133751+00,The Night Of,https://frdgyadvbdpacwfoqybw.supabase.co/storage/v1/object/public/subtitles/The%20Night%20of%20S01e07%20341151/The_Night_Of_S01E07_341151.zip?download,https://image.tmdb.org/t/p/original/q13XJHdnsmxQL9rXRcnNDrZGHjO.jpg,"Crime, Drama, Mystery","🕵️‍♂️ The Night Of Season 1 Episode 7 - සිංහල උපසිරැසි 🎬

The Night Of Season 1 Episode 7 reaches high-stakes courtroom testimony. The defense fights against growing odds to protect Nasir. Download high-quality 720p Blu-Ray video files directly or via Telegram on pixelpoplk.

ඔන්න අරගෙන ආවා Crime, Mystery සහ Thriller ගණයේ රසිකයින්ට මඟහැරගන්නම බැරි, HBO නාලිකාව හරහා විකාශනය වුණු අතිශය ජනප්‍රිය වගේම සම්මානනීය මිනි-කතා මාලාවක් වන The Night Of හි හත්වැනි කොටසට (Episode 7) සිංහල උපසිරැසි. මුල සිට අගටම කුතුහලය උපරිමයෙන්ම පවත්වාගෙන යන මෙම විශිෂ්ටතම නිර්මාණය කිසිසේත්ම මඟහැරගන්න එපා.

📥 වීඩියෝ පිටපත් සහ උපසිරැසි ලබාගන්නා ආකාරය:

📄 Direct Subtitle Download: කිසිදු බාධාවකින් තොරව සිංහල උපසිරැසි ගොනුව (SRT) සෘජුවම බාගත කරගත හැක.

✈️ Telegram Download: 720p උසස් තත්ත්වයේ Bluray වීඩියෝ පිටපත් ටෙලිග්‍රෑම් චැනලය හරහා ලබාගත හැක.",8.1,2016,1,7,"<meta name=""keywords"" content=""The Night Of Season 1 Episode 7 Sinhala Subtitles, The Night Of S01E07 sinhala sub, The Night Of 1x7 sub, The Night Of sinhala sub download, The Night Of tv series sinhala sub pixelpoplk, The Night Of sinhala sub pixelpop.lk, pixelpoplk HBO miniseries, ද නයිට් ඔෆ් සිංහල උපසිරැසි, The Night Of full series sinhala subtitles download, The Night Of sinhala sub web-dl, pixelpoplk sinhala subtitles, The Night Of miniseries sinhala sub, crime drama sinhala sub""> <meta name=""description"" content=""The Night Of Season 1 Episode 7 Sinhala Subtitles. Download The Night Of S01E07 Sinhala Sub online from pixelpoplk."">",https://t.me/Pixelpopnew_bot?start=u2MjDEWbTjc,6
210,2026-08-12 17:01:42.133751+00,The Night Of,https://frdgyadvbdpacwfoqybw.supabase.co/storage/v1/object/public/subtitles/The%20Night%20of%20S01e08%20561344/The_Night_Of_S01E08_561344.zip?download,https://image.tmdb.org/t/p/original/q13XJHdnsmxQL9rXRcnNDrZGHjO.jpg,"Crime, Drama, Mystery","🕵️‍♂️ The Night Of Season 1 Episode 8 - සිංහල උපසිරැසි 🎬

The Night Of Season 1 Episode 8 delivers the dramatic and stunning conclusion to Nasir Khan's trial. Experience the final verdict of this acclaimed HBO masterpiece. Download high-quality 720p Blu-Ray video files directly or via Telegram on pixelpoplk.

ඔන්න අරගෙන ආවා Crime, Mystery සහ Thriller ගණයේ රසිකයින්ට මඟහැරගන්නම බැරි, HBO නාලිකාව හරහා විකාශනය වුණු අතිශය ජනප්‍රිය වගේම සම්මානනීය මිනි-කතා මාලාවක් වන The Night Of හි අටවැනි කොටසට (Episode 8) සිංහල උපසිරැසි. මුල සිට අගටම කුතුහලය උපරිමයෙන්ම පවත්වාගෙන යන මෙම විශිෂ්ටතම නිර්මාණය කිසිසේත්ම මඟහැරගන්න එපා.

📥 වීඩියෝ පිටපත් සහ උපසිරැසි ලබාගන්නා ආකාරය:

📄 Direct Subtitle Download: කිසිදු බාධාවකින් තොරව සිංහල උපසිරැසි ගොනුව (SRT) සෘජුවම බාගත කරගත හැක.

✈️ Telegram Download: 720p උසස් තත්ත්වයේ Bluray වීඩියෝ පිටපත් ටෙලිග්‍රෑම් චැනලය හරහා ලබාගත හැක.",8.1,2016,1,8,"<meta name=""keywords"" content=""The Night Of Season 1 Episode 8 Sinhala Subtitles, The Night Of S01E08 sinhala sub, The Night Of 1x8 sub, The Night Of sinhala sub download, The Night Of tv series sinhala sub pixelpoplk, The Night Of sinhala sub pixelpop.lk, pixelpoplk HBO miniseries, ද නයිට් ඔෆ් සිංහල උපසිරැසි, The Night Of full series sinhala subtitles download, The Night Of sinhala sub web-dl, pixelpoplk sinhala subtitles, The Night Of miniseries sinhala sub, crime drama sinhala sub""> <meta name=""description"" content=""The Night Of Season 1 Episode 8 Sinhala Subtitles. Download The Night Of S01E08 Sinhala Sub online from pixelpoplk."">",https://t.me/Pixelpopnew_bot?start=BW93kHZMsG0,7
211,2026-08-13 13:52:53.403139+00,The Sopranos,https://frdgyadvbdpacwfoqybw.supabase.co/storage/v1/object/public/subtitles/The%20Sopranos%20S03e06%20795011/The_Sopranos_S03E06_795011.zip?download,https://image.tmdb.org/t/p/original/fg2sTwO5FglA1S6prL7GlCo124n.jpg,"Crime, Drama","🕵️‍♂️ The Sopranos Season 3 Episode 6 - සිංහල උපසිරැසි 🎬

The Sopranos Season 3 Episode 6 continues the outstanding drama from HBO. As the stakes rise, Tony Soprano must manage complex conflicts inside his crew while balancing family pressure. Download high-quality 720p, 1080p bluray video files directly or via Telegram on pixelpoplk.

ඔන්න යාළුවනේ, සර්වකාලීන විශිෂ්ටතම Crime-Drama ටෙලි කතා මාලාව විදිහට සැලකෙන HBO හි 'The Sopranos' හි 3 වැනි කතා සමයේ (Season 3) හයවැනි කොටසට (Episode 6) සිංහල උපසිරැසි අරගෙන ආවා. IMDb හි 9.2/10 ක අති විශාල අගයක් ලබාගෙන තියෙන මේ කතා මාලාව හැමෝම අනිවාර්යයෙන්ම නැරඹිය යුතු එකක්.

📥 වීඩියෝ පිටපත් සහ උපසිරැසි ලබාගන්නා ආකාරය:

📄 Direct Subtitle Download: කිසිදු බාධාවකින් තොරව සිංහල උපසිරැසි ගොනුව (SRT) සෘජුවම බාගත කරගත හැක.

✈️ Telegram Download: 720p, 1080p උසස් තත්ත්වයේ bluray වීඩියෝ පිටපත් ටෙලිග්‍රෑම් චැනලය හරහා ලබාගත හැක.",9.2,2001,3,6,"<meta name=""keywords"" content=""The Sopranos Season 3 Episode 6 Sinhala Subtitles, The Sopranos S03E06 sinhala sub, The Sopranos Season 3 Episode 6 sinhala subtitle download, The Sopranos S03E06 sinhala sub pixelpoplk, The Sopranos sinhala sub pixelpop.lk, pixelpoplk HBO Sopranos, ද සෝප්‍රානෝස් සිංහල උපසිරැසි, The Sopranos full series sinhala subtitles download, The Sopranos season 3 sinhala sub web-dl, pixelpoplk sinhala subtitles, crime drama series sinhala sub, HBO crime series""> <meta name=""description"" content=""The Sopranos Season 3 Episode 6 Sinhala Subtitles. Download The Sopranos S03E06 Sinhala Sub online from pixelpoplk."">",https://t.me/Pixelpopnew_bot?start=PR0ILpvzUhU,7
212,2026-08-13 13:52:53.403139+00,The Sopranos,https://frdgyadvbdpacwfoqybw.supabase.co/storage/v1/object/public/subtitles/The%20Sopranos%20S03e07%20725705/The_Sopranos_S03E07_725705.zip?download,https://image.tmdb.org/t/p/original/fg2sTwO5FglA1S6prL7GlCo124n.jpg,"Crime, Drama","🕵️‍♂️ The Sopranos Season 3 Episode 7 - සිංහල උපසිරැසි 🎬

The Sopranos Season 3 Episode 7 brings another captivating hour of premium television. Watch as the personal lives and business networks of Jersey's most famous family cross paths. Download high-quality 720p, 1080p bluray video files directly or via Telegram on pixelpoplk.

ඔන්න යාළුවනේ, සර්වකාලීන විශිෂ්ටතම Crime-Drama ටෙලි කතා මාලාව විදිහට සැලකෙන HBO හි 'The Sopranos' හි 3 වැනි කතා සමයේ (Season 3) හත්වැනි කොටසට (Episode 7) සිංහල උපසිරැසි අරගෙන ආවා. IMDb හි 9.2/10 ක අති විශාල අගයක් ලබාගෙන තියෙන මේ කතා මාලාව හැමෝම අනිවාර්යයෙන්ම නැරඹිය යුතු එකක්.

📥 වීඩියෝ පිටපත් සහ උපසිරැසි ලබාගන්නා ආකාරය:

📄 Direct Subtitle Download: කිසිදු බාධාවකින් තොරව සිංහල උපසිරැසි ගොනුව (SRT) සෘජුවම බාගත කරගත හැක.

✈️ Telegram Download: 720p, 1080p උසස් තත්ත්වයේ bluray වීඩියෝ පිටපත් ටෙලිග්‍රෑම් චැනලය හරහා ලබාගත හැක.",9.2,2001,3,7,"<meta name=""keywords"" content=""The Sopranos Season 3 Episode 7 Sinhala Subtitles, The Sopranos S03E07 sinhala sub, The Sopranos Season 3 Episode 7 sinhala subtitle download, The Sopranos S03E07 sinhala sub pixelpoplk, The Sopranos sinhala sub pixelpop.lk, pixelpoplk HBO Sopranos, ද සෝප්‍රානෝස් සිංහල උපසිරැසි, The Sopranos full series sinhala subtitles download, The Sopranos season 3 sinhala sub web-dl, pixelpoplk sinhala subtitles, crime drama series sinhala sub, HBO crime series""> <meta name=""description"" content=""The Sopranos Season 3 Episode 7 Sinhala Subtitles. Download The Sopranos S03E07 Sinhala Sub online from pixelpoplk."">",https://t.me/Pixelpopnew_bot?start=wjhGPS57sYg,8
213,2026-08-13 13:52:53.403139+00,The Sopranos,https://frdgyadvbdpacwfoqybw.supabase.co/storage/v1/object/public/subtitles/The%20Sopranos%20S03e08%20321435/The_Sopranos_S03E08_321435.zip?download,https://image.tmdb.org/t/p/original/fg2sTwO5FglA1S6prL7GlCo124n.jpg,"Crime, Drama","🕵️‍♂️ The Sopranos Season 3 Episode 8 - සිංහල උපසිරැසි 🎬

The Sopranos Season 3 Episode 8 delivers highly intense drama and outstanding character-driven suspense. Tony faces challenging decisions as rivals test his limits. Download high-quality 720p, 1080p bluray video files directly or via Telegram on pixelpoplk.

ඔන්න යාළුවනේ, සර්වකාලීන විශිෂ්ටතම Crime-Drama ටෙලි කතා මාලාව විදිහට සැලකෙන HBO හි 'The Sopranos' හි 3 වැනි කතා සමයේ (Season 3) අටවැනි කොටසට (Episode 8) සිංහල උපසිරැසි අරගෙන ආවා. IMDb හි 9.2/10 ක අති විශාල අගයක් ලබාගෙන තියෙන මේ කතා මාලාව හැමෝම අනිවාර්යයෙන්ම නැරඹිය යුතු එකක්.

📥 වීඩියෝ පිටපත් සහ උපසිරැසි ලබාගන්නා ආකාරය:

📄 Direct Subtitle Download: කිසිදු බාධාවකින් තොරව සිංහල උපසිරැසි ගොනුව (SRT) සෘජුවම බාගත කරගත හැක.

✈️ Telegram Download: 720p, 1080p උසස් තත්ත්වයේ bluray වීඩියෝ පිටපත් ටෙලිග්‍රෑම් චැනලය හරහා ලබාගත හැක.",9.2,2001,3,8,"<meta name=""keywords"" content=""The Sopranos Season 3 Episode 8 Sinhala Subtitles, The Sopranos S03E08 sinhala sub, The Sopranos Season 3 Episode 8 sinhala subtitle download, The Sopranos S03E08 sinhala sub pixelpoplk, The Sopranos sinhala sub pixelpop.lk, pixelpoplk HBO Sopranos, ද සෝප්‍රානෝස් සිංහල උපසිරැසි, The Sopranos full series sinhala subtitles download, The Sopranos season 3 sinhala sub web-dl, pixelpoplk sinhala subtitles, crime drama series sinhala sub, HBO crime series""> <meta name=""description"" content=""The Sopranos Season 3 Episode 8 Sinhala Subtitles. Download The Sopranos S03E08 Sinhala Sub online from pixelpoplk."">",https://t.me/Pixelpopnew_bot?start=NSk95fywFr8,8
214,2026-08-13 13:52:53.403139+00,The Sopranos,https://frdgyadvbdpacwfoqybw.supabase.co/storage/v1/object/public/subtitles/The%20Sopranos%20S03e09%20392346/The_Sopranos_S03E09_392346.zip?download,https://image.tmdb.org/t/p/original/fg2sTwO5FglA1S6prL7GlCo124n.jpg,"Crime, Drama","🕵️‍♂️ The Sopranos Season 3 Episode 9 - සිංහල උපසිරැසි 🎬

The Sopranos Season 3 Episode 9 uncovers new secrets as federal investigators tighten their scope. The family struggles to maintain control amidst internal changes. Download high-quality 720p, 1080p bluray video files directly or via Telegram on pixelpoplk.

ඔන්න යාළුවනේ, සර්වකාලීන විශිෂ්ටතම Crime-Drama ටෙලි කතා මාලාව විදිහට සැලකෙන HBO හි 'The Sopranos' හි 3 වැනි කතා සමයේ (Season 3) නවවැනි කොටසට (Episode 9) සිංහල උපසිරැසි අරගෙන ආවා. IMDb හි 9.2/10 ක අති විශාල අගයක් ලබාගෙන තියෙන මේ කතා මාලාව හැමෝම අනිවාර්යයෙන්ම නැරඹිය යුතු එකක්.

📥 වීඩියෝ පිටපත් සහ උපසිරැසි ලබාගන්නා ආකාරය:

📄 Direct Subtitle Download: කිසිදු බාධාවකින් තොරව සිංහල උපසිරැසි ගොනුව (SRT) සෘජුවම බාගත කරගත හැක.

✈️ Telegram Download: 720p, 1080p උසස් තත්ත්වයේ bluray වීඩියෝ  පිටපත්  ටෙලිග්‍රෑම් චැනලය හරහා ලබාගත හැක.",9.2,2001,3,9,"<meta name=""keywords"" content=""The Sopranos Season 3 Episode 9 Sinhala Subtitles, The Sopranos S03E09 sinhala sub, The Sopranos Season 3 Episode 9 sinhala subtitle download, The Sopranos S03E09 sinhala sub pixelpoplk, The Sopranos sinhala sub pixelpop.lk, pixelpoplk HBO Sopranos, ද සෝප්‍රානෝස් සිංහල උපසිරැසි, The Sopranos full series sinhala subtitles download, The Sopranos season 3 sinhala sub web-dl, pixelpoplk sinhala subtitles, crime drama series sinhala sub, HBO crime series""> <meta name=""description"" content=""The Sopranos Season 3 Episode 9 Sinhala Subtitles. Download The Sopranos S03E09 Sinhala Sub online from pixelpoplk."">",https://t.me/Pixelpopnew_bot?start=MbYsm7SqWAM,8
215,2026-08-13 13:52:53.403139+00,The Sopranos,https://frdgyadvbdpacwfoqybw.supabase.co/storage/v1/object/public/subtitles/The%20Sopranos%20S03e10%20864968/The_Sopranos_S03E10_864968.zip?download,https://image.tmdb.org/t/p/original/fg2sTwO5FglA1S6prL7GlCo124n.jpg,"Crime, Drama","🕵️‍♂️ The Sopranos Season 3 Episode 10 - සිංහල උපසිරැසි 🎬

The Sopranos Season 3 Episode 10 offers a compelling and tense look at Tony's complex business world. Personal relationships reach a critical turning point. Download high-quality 720p, 1080p bluray video files directly or via Telegram on pixelpoplk.

ඔන්න යාළුවනේ, සර්වකාලීන විශිෂ්ටතම Crime-Drama ටෙලි කතා මාලාව විදිහට සැලකෙන HBO හි 'The Sopranos' හි 3 වැනි කතා සමයේ (Season 3) දහවැනි කොටසට (Episode 10) සිංහල උපසිරැසි අරගෙන ආවා. IMDb හි 9.2/10 ක අති විශාල අගයක් ලබාගෙන තියෙන මේ කතා මාලාව හැමෝම අනිවාර්යයෙන්ම නැරඹිය යුතු එකක්.

📥 වීඩියෝ පිටපත් සහ උපසිරැසි ලබාගන්නා ආකාරය:

📄 Direct Subtitle Download: කිසිදු බාධාවකින් තොරව සිංහල උපසිරැසි ගොනුව (SRT) සෘජුවම බාගත කරගත හැක.

✈️ Telegram Download: 720p, 1080p උසස් තත්ත්වයේ bluray වීඩියෝ පිටපත් ටෙලිග්‍රෑම් චැනලය හරහා ලබාගත හැක.",9.2,2001,3,10,"<meta name=""keywords"" content=""The Sopranos Season 3 Episode 10 Sinhala Subtitles, The Sopranos S03E10 sinhala sub, The Sopranos Season 3 Episode 10 sinhala subtitle download, The Sopranos S03E10 sinhala sub pixelpoplk, The Sopranos sinhala sub pixelpop.lk, pixelpoplk HBO Sopranos, ද සෝප්‍රානෝස් සිංහල උපසිරැසි, The Sopranos full series sinhala subtitles download, The Sopranos season 3 sinhala sub web-dl, pixelpoplk sinhala subtitles, crime drama series sinhala sub, HBO crime series""> <meta name=""description"" content=""The Sopranos Season 3 Episode 10 Sinhala Subtitles. Download The Sopranos S03E10 Sinhala Sub online from pixelpoplk."">",https://t.me/Pixelpopnew_bot?start=keMEOhtNOkU,8
216,2026-08-13 13:52:53.403139+00,The Sopranos,https://frdgyadvbdpacwfoqybw.supabase.co/storage/v1/object/public/subtitles/The%20Sopranos%20S03e11%20942041/The_Sopranos_S03E11_942041.zip?download,https://image.tmdb.org/t/p/original/fg2sTwO5FglA1S6prL7GlCo124n.jpg,"Crime, Drama","🕵️‍♂️ The Sopranos Season 3 Episode 11 - සිංහල උපසිරැසි 🎬

The Sopranos Season 3 Episode 11 follows Tony Soprano as he handles unforeseen issues inside his organization. Trust becomes a luxury few can afford. Download high-quality 720p, 1080p bluray video files directly or via Telegram on pixelpoplk.

ඔන්න යාළුවනේ, සර්වකාලීන විශිෂ්ටතම Crime-Drama ටෙලි කතා මාලාව විදිහට සැලකෙන HBO හි 'The Sopranos' හි 3 වැනි කතා සමයේ (Season 3) එකොළොස්වැනි කොටසට (Episode 11) සිංහල උපසිරැසි අරගෙන ආවා. IMDb හි 9.2/10 ක අති විශාල අගයක් ලබාගෙන තියෙන මේ කතා මාලාව හැමෝම අනිවාර්යයෙන්ම නැරඹිය යුතු එකක්.

📥 වීඩියෝ පිටපත් සහ උපසිරැසි ලබාගන්නා ආකාරය:

📄 Direct Subtitle Download: කිසිදු බාධාවකින් තොරව සිංහල උපසිරැසි ගොනුව (SRT) සෘජුවම බාගත කරගත හැක.

✈️ Telegram Download: 720p, 1080p උසස් තත්ත්වයේ bluray වීඩියෝ පිටපත් ටෙලිග්‍රෑම් චැනලය හරහා ලබාගත හැක.",9.2,2001,3,11,"<meta name=""keywords"" content=""The Sopranos Season 3 Episode 11 Sinhala Subtitles, The Sopranos S03E11 sinhala sub, The Sopranos Season 3 Episode 11 sinhala subtitle download, The Sopranos S03E11 sinhala sub pixelpoplk, The Sopranos sinhala sub pixelpop.lk, pixelpoplk HBO Sopranos, ද සෝප්‍රානෝස් සිංහල උපසිරැසි, The Sopranos full series sinhala subtitles download, The Sopranos season 3 sinhala sub web-dl, pixelpoplk sinhala subtitles, crime drama series sinhala sub, HBO crime series""> <meta name=""description"" content=""The Sopranos Season 3 Episode 11 Sinhala Subtitles. Download The Sopranos S03E11 Sinhala Sub online from pixelpoplk."">",https://t.me/Pixelpopnew_bot?start=2t8VDUP2AU8,9
217,2026-08-13 13:52:53.403139+00,The Sopranos,https://frdgyadvbdpacwfoqybw.supabase.co/storage/v1/object/public/subtitles/The%20Sopranos%20S03e12%20846554/The_Sopranos_S03E12_846554.zip?download,https://image.tmdb.org/t/p/original/fg2sTwO5FglA1S6prL7GlCo124n.jpg,"Crime, Drama","🕵️‍♂️ The Sopranos Season 3 Episode 12 - සිංහල උපසිරැසි 🎬

The Sopranos Season 3 Episode 12 sets the stage for a dramatic climax. Tensions rise to an all-time high as secrets threaten to shatter Tony's authority. Download high-quality 720p, 1080p bluray video files directly or via Telegram on pixelpoplk.

ඔන්න යාළුවනේ, සර්වකාලීන විශිෂ්ටතම Crime-Drama ටෙලි කතා මාලාව විදිහට සැලකෙන HBO හි 'The Sopranos' හි 3 වැනි කතා සමයේ (Season 3) දොළොස්වැනි කොටසට (Episode 12) සිංහල උපසිරැසි අරගෙන ආවා. IMDb හි 9.2/10 ක අති විශාල අගයක් ලබාගෙන තියෙන මේ කතා මාලාව හැමෝම අනිවාර්යයෙන්ම නැරඹිය යුතු එකක්.

📥 වීඩියෝ පිටපත් සහ උපසිරැසි ලබාගන්නා ආකාරය:

📄 Direct Subtitle Download: කිසිදු බාධාවකින් තොරව සිංහල උපසිරැසි ගොනුව (SRT) සෘජුවම බාගත කරගත හැක.

✈️ Telegram Download: 720p, 1080p උසස් තත්ත්වයේ bluray වීඩියෝ පිටපත් ටෙලිග්‍රෑම් චැනලය හරහා ලබාගත හැක.",9.2,2001,3,12,"<meta name=""keywords"" content=""The Sopranos Season 3 Episode 12 Sinhala Subtitles, The Sopranos S03E12 sinhala sub, The Sopranos Season 3 Episode 12 sinhala subtitle download, The Sopranos S03E12 sinhala sub pixelpoplk, The Sopranos sinhala sub pixelpop.lk, pixelpoplk HBO Sopranos, ද සෝප්‍රානෝස් සිංහල උපසිරැසි, The Sopranos full series sinhala subtitles download, The Sopranos season 3 sinhala sub web-dl, pixelpoplk sinhala subtitles, crime drama series sinhala sub, HBO crime series""> <meta name=""description"" content=""The Sopranos Season 3 Episode 12 Sinhala Subtitles. Download The Sopranos S03E12 Sinhala Sub online from pixelpoplk."">",https://t.me/Pixelpopnew_bot?start=6M3XHam7K4s,7
218,2026-08-13 13:52:53.403139+00,The Sopranos,https://frdgyadvbdpacwfoqybw.supabase.co/storage/v1/object/public/subtitles/The%20Sopranos%20S03e13%20997585/The_Sopranos_S03E13_997585.zip?download,https://image.tmdb.org/t/p/original/fg2sTwO5FglA1S6prL7GlCo124n.jpg,"Crime, Drama","🕵️‍♂️ The Sopranos Season 3 Episode 13 - සිංහල උපසිරැසි 🎬

The Sopranos Season 3 Episode 13 brings the spectacular and unforgettable season finale. Experience the resolution of major conflicts that set a new path for the family. Download high-quality 720p, 1080p bluray video files directly or via Telegram on pixelpoplk.

ඔන්න යාළුවනේ, සර්වකාලීන විශිෂ්ටතම Crime-Drama ටෙලි කතා මාලාව විදිහට සැලකෙන HBO හි 'The Sopranos' හි 3 වැනි කතා සමයේ (Season 3) දහතුන්වැනි කොටසට (Episode 13) සිංහල උපසිරැසි අරගෙන ආවා. IMDb හි 9.2/10 ක අති විශාල අගයක් ලබාගෙන තියෙන මේ කතා මාලාව හැමෝම අනිවාර්යයෙන්ම නැරඹිය යුතු එකක්.

📥 වීඩියෝ පිටපත් සහ උපසිරැසි ලබාගන්නා ආකාරය:

📄 Direct Subtitle Download: කිසිදු බාධාවකින් තොරව සිංහල උපසිරැසි ගොනුව (SRT) සෘජුවම බාගත කරගත හැක.

✈️ Telegram Download: 720p, 1080p උසස් තත්ත්වයේ bluray වීඩියෝ පිටපත් ටෙලිග්‍රෑම් චැනලය හරහා ලබාගත හැක.",9.2,2001,3,13,"<meta name=""keywords"" content=""The Sopranos Season 3 Episode 13 Sinhala Subtitles, The Sopranos S03E13 sinhala sub, The Sopranos Season 3 Episode 13 sinhala subtitle download, The Sopranos S03E13 sinhala sub pixelpoplk, The Sopranos sinhala sub pixelpop.lk, pixelpoplk HBO Sopranos, ද සෝප්‍රානෝස් සිංහල උපසිරැසි, The Sopranos full series sinhala subtitles download, The Sopranos season 3 sinhala sub web-dl, pixelpoplk sinhala subtitles, crime drama series sinhala sub, HBO crime series""> <meta name=""description"" content=""The Sopranos Season 3 Episode 13 Sinhala Subtitles. Download The Sopranos S03E13 Sinhala Sub online from pixelpoplk."">",https://t.me/Pixelpopnew_bot?start=XSCXhla3zSQ,9
219,2026-08-14 18:39:26.460286+00,Cocktail 2,https://frdgyadvbdpacwfoqybw.supabase.co/storage/v1/object/public/subtitles/Cocktail/Cocktail.2.2026.NF.WEB-DL.Hindi.ExtraFlix_sinhala.zip?download,https://image.tmdb.org/t/p/original/pRmPnUAhHHiDJPfNGLP8ikoc5cx.jpg,"Movie, Comedy, Romance","🕵️‍♂️ Cocktail 2 (2026) - සිංහල උපසිරැසි 🎬

ඔන්න අරගෙන ආවා Romance, Comedy වගේම Drama වලට ආස කරන අයට කිසිසේත්ම මඟහැරගන්න බැරි, මෑතකදී නිකුත් වුණු ලස්සන බොලිවුඩ් සිනමාපටයක්. 2012 වසරේ ආපු සුපිරිම ""Cocktail"" චිත්‍රපටයේ spiritual sequel එකක් විදිහට නිර්මාණය වුණු මේ නිර්මාණය, හාස්‍යය වගේම හැඟීම්බර ආදර කතාවක් අපූරුවට පෙන්නුම් කරනවා.

කතාව පැත්තට ගියොත්, කුනාල් (Shahid Kapoor) සහ දියා (Rashmika Mandanna) කියන්නේ කාලෙක ඉඳන් බොහොම සතුටින් එකට ජීවත් වෙන ආදරවන්තයෝ දෙන්නෙක්. හැබැයි මෙයාලට පවුලේ නෑදෑයින්ගෙන් නිතරම එල්ල වෙන්නේ එකම ප්‍රශ්නයක්. ඒ තමයි ""කවදාද බඳින්නේ?"" කියන එක. මේ කරදරකාරී ප්‍රශ්නවලින් බේරිලා නිදහසේ කාලය ගත කරන්න හිතාගෙන මෙයාලා ඉතාලියේ සිසිලි (Sicily) දූපතට ලස්සන සංචාරයක් යනවා. 

හැබැයි මෙයාලගේ මේ සුන්දර නිවාඩුව අතරතුරට අමුතුම විදිහේ කෙල්ලෙක් වෙන ඇලී (Kriti Sanon) එකතු වෙනවා. ඇලීගේ පැමිණීමත් එක්ක මේ දෙන්නගේ ආදරය, යාළුකම වගේම මුළු ජීවිතයම සම්පූර්ණයෙන්ම වෙනස් වෙලා, හිතාගන්න බැරි පැටලිලි සහගත ආදර ත්‍රිකෝණයක් නිර්මාණය වෙනවා. 

Homi Adajania ගේ අධ්‍යක්ෂණයෙන් වගේම Pritam ගේ සුපිරි සංගීතයෙන් හැඩවුණු, Shahid Kapoor, Kriti Sanon සහ Rashmika Mandanna ගේ සුපිරි රංගනයක් බලාගන්න පුළුවන් මේ ලස්සන චිත්‍රපටය ඔයාගේ Must Watch ලිස්ට් එකට අනිවාර්යයෙන්ම එකතු කරගන්න.

📥 වීඩියෝ පිටපත් සහ උපසිරැසි ලබාගන්නේ මෙහෙමයි:

📄 Direct Subtitle Download: කිසිම කරදරයක් නැතුව සිංහල උපසිරැසි ගොනුව (SRT) කෙලින්ම ඩවුන්ලෝඩ් කරගන්න පුළුවන්.

✈️ Telegram Download: වීඩියෝ එකයි සබ් එකයි එකටම බලන්න කැමති අයට 720p, 1080p WEB-DL කොපි ටෙලිග්‍රෑම් චැනල් එක හරහා ගන්න පුළුවන්.",7.5,2026,,,"Cocktail 2 sinhala sub , cocktail hindi, Cocktail 2 Sinhala Subtitles, Cocktail 2 sinhala sub, Cocktail 2 sinhala subtitle download, Cocktail 2 movie sinhala sub pixelpoplk, Cocktail 2 sinhala sub pixelpop.lk, pixelpoplk Bollywood movie, කොක්ටේල් 2 සිංහල උපසිරැසි, Cocktail 2 full movie sinhala subtitles download, Cocktail 2 sinhala sub web-dl, pixelpoplk sinhala subtitles, Cocktail 2 Hindi movie sinhala sub, romantic comedy drama sinhala sub",https://t.me/Pixelpopnew_bot?start=mc0WXoWDnNw,78
220,2026-08-15 23:36:34.227099+00,The Sopranos,https://frdgyadvbdpacwfoqybw.supabase.co/storage/v1/object/public/subtitles/The%20Sopranos%20S04e01%20445127/The_Sopranos_S04E01_445127.zip?download,https://image.tmdb.org/t/p/original/EwMBNMUIx9kKf0DpijNF1bncJT.jpg,"Crime, Drama","🕵️‍♂️ The Sopranos Season 4 Episode 1 - සිංහල උපසිරැසි 🎬

The Sopranos Season 4 returns with the aftermath of three legendary seasons of intense mob wars, complex therapy sessions, and brutal betrayals. As his marriage with Carmela faces its toughest trial, Christopher struggles with his demons, and the FBI closes in, Tony Soprano must fight to keep both his family and his criminal empire from falling apart. Download high-quality 720p, 1080p Bluray video files directly on pixelpoplk.

ඔන්න යාළුවනේ, හැමදාමත් ලෝකයේ හොඳම ටීවී සීරීස් එකක් විදිහට කතා වෙන, HBO එකෙන් නිකුත් කරපු 'The Sopranos' කතා මාලාවේ 4 වැනි කතා සමයට (Season 4) සිංහල උපසිරැසි අරගෙන ආවා. මේ අලුත්ම සීසන් එක බලන්න කලින්, කලින් කතා සමයන් 3න් සිද්ධ වුණු දේවල් කෙටියෙන් මතක් කරගන්න එක ඔයාලට ගොඩක් වටිනවා.

පළමු කතා සමයෙන් (Season 1) අපි දැක්කා නිව් ජර්සිවල මාෆියා ලොක්කෙක් වෙන ටෝනි සෝප්‍රානෝ, තමන්ට හැදෙන පැනික් ඇටෑක්ස් (Panic Attacks) නිසා රහසින්ම මනෝවිද්‍යාඥවරියක් (Dr. Melfi) ළඟට ප්‍රතිකාර ගන්න යන හැටි. එතන ඉඳන් එයාට තමන්ගේම අම්මා (Livia) සහ බාප්පා (Uncle Junior) එක්ක ලොකු බල අරගලයකට මුහුණ දෙන්න වුණා. දෙවැනි කතා සමයේදී (Season 2) හිරෙන් නිදහස් වෙලා එන රිචී ඇප්‍රිල් කරදර ඇති කරද්දී, ටෝනිගේ ළඟම මිතුරෙක් වුණු බිග් පුසී එෆ්.බී.අයි (FBI) ඔත්තුකරුවෙක් කියලා හෙළිවෙලා ඔහුගේ අවසානය සිදුවීමට මඟ පෑදුණා. තුන්වැනි කතා සමයෙන් (Season 3) දරුණු ගනයේ මැරයෙක් වෙන රැල්ෆ් සිෆරෙටෝගේ ආගමනයත්, ටෝනිගේ දරුවන්ගේ ප්‍රශ්නත්, එෆ්.බී.අයි එකෙන් ටෝනිගේ නිවසට රහස් කැමරා සහ මයික්‍රෆෝන සවිකරන හැටිත් අපි දැක්කා.

මෙන්න මේ හැම ප්‍රශ්නයක් මැදින්ම ආපු ටෝනි සෝප්‍රානෝට, මේ 4 වැනි කතා සමයෙන් (Season 4) මුහුණ දෙන්න වෙන්නේ වෙනස්ම විදිහේ ප්‍රශ්න වැලකට. මේ සීසන් එකේදී ටෝනි සහ කාමලෙලාගේ විවාහ ජීවිතය බිඳී යාමේ ලොකුම අවදානමකට ලක්වෙනවා. ඒ වගේම ක්‍රිස්ටෝපර් (Christopher) ලොකු වගකීම් කරට ගත්තත් එයාගේ මත්ද්‍රව්‍ය ඇබ්බැහිය නිසා ප්‍රශ්න ඇතිවෙනවා. නිව්යෝර්ක් මාෆියා කල්ලියත් එක්ක තියෙන ගනුදෙනු තවත් සංකීර්ණ වෙන අතරේ, එෆ්.බී.අයි එකෙන් එල්ල වෙන තර්ජනය හැමදාටම වඩා දරුණු වෙනවා.

ටෝනි තමන්ගේ පවුලත්, ව්‍යාපාරයත් දෙකම බේරගන්නේ කොහොමද කියලා බලාගන්න මේ පට්ටම සීසන් එක අනිවාර්යයෙන්ම බලන්න.

මෙම උපසිරැසි Bluray පිටපත් වලට පමණක් ගැලපේ.💯

📥 වීඩියෝ පිටපත් සහ උපසිරැසි ලබාගන්නේ මෙහෙමයි:

📄 Direct Download: කිසිම කරදරයක් නැතුව සිංහල උපසිරැසි ගොනුව (SRT) කෙලින්ම ඩවුන්ලෝඩ් කරගන්න පුළුවන්.

✈️ Telegram Download: 720p, 1080p bluray කොපි ටෙලිග්‍රෑම් චැනල් එක හරහා ගන්න පුළුවන්.",9.2,2002,4,1,"Keywords: The Sopranos Season 4 Episode 1 Sinhala Subtitles, The Sopranos S04E01 sinhala sub, The Sopranos Season 4 sinhala subtitle download, The Sopranos S04E01 sinhala sub pixelpoplk, pixelpoplk HBO Sopranos, ද සෝප්‍රානෝස් සිංහල උපසිරැසි, The Sopranos full series sinhala subtitles download, The Sopranos season 4 sinhala sub web-dl, pixelpoplk sinhala subtitles, crime drama series sinhala sub, HBO crime series sinhala | Description: The Sopranos Season 4 Episode 1 Sinhala Subtitles. Download The Sopranos S04E01 Sinhala Sub online from pixelpoplk.",https://t.me/Pixelpopnew_bot?start=5MbFW3jFxLE,5
221,2026-08-15 23:36:34.227099+00,The Sopranos,https://frdgyadvbdpacwfoqybw.supabase.co/storage/v1/object/public/subtitles/The%20Sopranos%20S04e02%20699287/The_Sopranos_S04E02_699287.zip?download,https://image.tmdb.org/t/p/original/EwMBNMUIx9kKf0DpijNF1bncJT.jpg,"Crime, Drama","🕵️‍♂️ The Sopranos Season 4 Episode 2 - සිංහල උපසිරැසි 🎬

The Sopranos Season 4 Episode 2 delivers another legendary installment of this acclaimed drama. Follow Tony Soprano as he manages increasing complications within his inner circle while navigating a fragile marriage. Download high-quality 720p, 1080p WEB-DL video files directly on pixelpoplk.

ඔන්න යාළුවනේ, 'The Sopranos' කතා මාලාවේ 4 වැනි කතා සමයේ (Season 4) දෙවැනි කොටසට (Episode 2) සිංහල උපසිරැසි අරගෙන ආවා. මෙම උපසිරැසි Bluray පිටපත් වලට පමණක් ගැලපේ.💯

📥 වීඩියෝ පිටපත් සහ උපසිරැසි ලබාගන්නේ මෙහෙමයි:

📄 Direct Download: කිසිම කරදරයක් නැතුව සිංහල උපසිරැසි ගොනුව (SRT) කෙලින්ම ඩවුන්ලෝඩ් කරගන්න පුළුවන්.

✈️ Telegram Download: 720p, 1080p bluray කොපි ටෙලිග්‍රෑම් චැනල් එක හරහා ගන්න පුළුවන්.",9.2,2002,4,2,"Keywords: The Sopranos Season 4 Episode 2 Sinhala Subtitles, The Sopranos S04E02 sinhala sub, The Sopranos Season 4 sinhala subtitle download, The Sopranos S04E02 sinhala sub pixelpoplk, pixelpoplk HBO Sopranos, ද සෝප්‍රානෝස් සිංහල උපසිරැසි, The Sopranos full series sinhala subtitles download, The Sopranos season 4 sinhala sub web-dl, pixelpoplk sinhala subtitles, crime drama series sinhala sub, HBO crime series sinhala | Description: The Sopranos Season 4 Episode 2 Sinhala Subtitles. Download The Sopranos S04E02 Sinhala Sub online from pixelpoplk.",https://t.me/Pixelpopnew_bot?start=FzQGM-H6H30,5
222,2026-08-15 23:36:34.227099+00,The Sopranos,https://frdgyadvbdpacwfoqybw.supabase.co/storage/v1/object/public/subtitles/The%20Sopranos%20S04e03%20457351/The_Sopranos_S04E03_457351.zip?download,https://image.tmdb.org/t/p/original/EwMBNMUIx9kKf0DpijNF1bncJT.jpg,"Crime, Drama","🕵️‍♂️ The Sopranos Season 4 Episode 3 - සිංහල උපසිරැසි 🎬

The Sopranos Season 4 Episode 3 brings highly engaging conflicts to the forefront. Christopher continues to face personal struggles as new business arrangements cause friction. Download high-quality 720p, 1080p WEB-DL video files directly on pixelpoplk.

ඔන්න යාළුවනේ, 'The Sopranos' කතා මාලාවේ 4 වැනි කතා සමයේ (Season 4) තුන්වැනි කොටසට (Episode 3) සිංහල උපසිරැසි අරගෙන ආවා. මෙම උපසිරැසි Bluray පිටපත් වලට පමණක් ගැලපේ.💯

📥 වීඩියෝ පිටපත් සහ උපසිරැසි ලබාගන්නේ මෙහෙමයි:

📄 Direct Download: කිසිම කරදරයක් නැතුව සිංහල උපසිරැසි ගොනුව (SRT) කෙලින්ම ඩවුන්ලෝඩ් කරගන්න පුළුවන්.

✈️ Telegram Download: 720p, 1080p bluray කොපි ටෙලිග්‍රෑම් චැනල් එක හරහා ගන්න පුළුවන්.",9.2,2002,4,3,"Keywords: The Sopranos Season 4 Episode 3 Sinhala Subtitles, The Sopranos S04E03 sinhala sub, The Sopranos Season 4 sinhala subtitle download, The Sopranos S04E03 sinhala sub pixelpoplk, pixelpoplk HBO Sopranos, ද සෝප්‍රානෝස් සිංහල උපසිරැසි, The Sopranos full series sinhala subtitles download, The Sopranos season 4 sinhala sub web-dl, pixelpoplk sinhala subtitles, crime drama series sinhala sub, HBO crime series sinhala | Description: The Sopranos Season 4 Episode 3 Sinhala Subtitles. Download The Sopranos S04E03 Sinhala Sub online from pixelpoplk.",https://t.me/Pixelpopnew_bot?start=Nky0jSKePLY,5
223,2026-08-15 23:36:34.227099+00,The Sopranos,https://frdgyadvbdpacwfoqybw.supabase.co/storage/v1/object/public/subtitles/The%20Sopranos%20S04e04%20475444/The_Sopranos_S04E04_475444.zip?download,https://image.tmdb.org/t/p/original/EwMBNMUIx9kKf0DpijNF1bncJT.jpg,"Crime, Drama","🕵️‍♂️ The Sopranos Season 4 Episode 4 - සිංහල උපසිරැසි 🎬

The Sopranos Season 4 Episode 4 offers an outstanding perspective on the rising pressures from New York. Tony remains vigilant as federal investigators compile critical details. Download high-quality 720p, 1080p WEB-DL video files directly on pixelpoplk.

ඔන්න යාළුවනේ, 'The Sopranos' කතා මාලාවේ 4 වැනි කතා සමයේ (Season 4) හතරවැනි කොටසට (Episode 4) සිංහල උපසිරැසි අරගෙන ආවා. මෙම උපසිරැසි Bluray පිටපත් වලට පමණක් ගැලපේ.💯

📥 වීඩියෝ පිටපත් සහ උපසිරැසි ලබාගන්නේ මෙහෙමයි:

📄 Direct Download: කිසිම කරදරයක් නැතුව සිංහල උපසිරැසි ගොනුව (SRT) කෙලින්ම ඩවුන්ලෝඩ් කරගන්න පුළුවන්.

✈️ Telegram Download: 720p, 1080p bluray කොපි ටෙලිග්‍රෑම් චැනල් එක හරහා ගන්න පුළුවන්.",9.2,2002,4,4,"Keywords: The Sopranos Season 4 Episode 4 Sinhala Subtitles, The Sopranos S04E04 sinhala sub, The Sopranos Season 4 sinhala subtitle download, The Sopranos S04E04 sinhala sub pixelpoplk, pixelpoplk HBO Sopranos, ද සෝප්‍රානෝස් සිංහල උපසිරැසි, The Sopranos full series sinhala subtitles download, The Sopranos season 4 sinhala sub web-dl, pixelpoplk sinhala subtitles, crime drama series sinhala sub, HBO crime series sinhala | Description: The Sopranos Season 4 Episode 4 Sinhala Subtitles. Download The Sopranos S04E04 Sinhala Sub online from pixelpoplk.",https://t.me/Pixelpopnew_bot?start=5OjMLx9hhl8,4
224,2026-08-15 23:36:34.227099+00,The Sopranos,https://frdgyadvbdpacwfoqybw.supabase.co/storage/v1/object/public/subtitles/The%20Sopranos%20S04e05%20506471/The_Sopranos_S04E05_506471.zip?download,https://image.tmdb.org/t/p/original/EwMBNMUIx9kKf0DpijNF1bncJT.jpg,"Crime, Drama","🕵️‍♂️ The Sopranos Season 4 Episode 5 - සිංහල උපසිරැසි 🎬

The Sopranos Season 4 Episode 5 continues the captivating sequence of events. New financial arrangements put Tony's strategic mind to the test as tensions flare up. Download high-quality 720p, 1080p WEB-DL video files directly on pixelpoplk.

ඔන්න යාළුවනේ, 'The Sopranos' කතා මාලාවේ 4 වැනි කතා සමයේ (Season 4) පස්වැනි කොටසට (Episode 5) සිංහල උපසිරැසි අරගෙන ආවා. මෙම උපසිරැසි Bluray පිටපත් වලට පමණක් ගැලපේ.💯

📥 වීඩියෝ පිටපත් සහ උපසිරැසි ලබාගන්නේ මෙහෙමයි:

📄 Direct Download: කිසිම කරදරයක් නැතුව සිංහල උපසිරැසි ගොනුව (SRT) කෙලින්ම ඩවුන්ලෝඩ් කරගන්න පුළුවන්.

✈️ Telegram Download: 720p, 1080p bluray කොපි ටෙලිග්‍රෑම් චැනල් එක හරහා ගන්න පුළුවන්.",9.2,2002,4,5,"Keywords: The Sopranos Season 4 Episode 5 Sinhala Subtitles, The Sopranos S04E05 sinhala sub, The Sopranos Season 4 sinhala subtitle download, The Sopranos S04E05 sinhala sub pixelpoplk, pixelpoplk HBO Sopranos, ද සෝප්‍රානෝස් සිංහල උපසිරැසි, The Sopranos full series sinhala subtitles download, The Sopranos season 4 sinhala sub web-dl, pixelpoplk sinhala subtitles, crime drama series sinhala sub, HBO crime series sinhala | Description: The Sopranos Season 4 Episode 5 Sinhala Subtitles. Download The Sopranos S04E05 Sinhala Sub online from pixelpoplk.",https://t.me/Pixelpopnew_bot?start=WZlFzPiqAN8,4
225,2026-08-15 23:36:34.227099+00,The Sopranos,https://frdgyadvbdpacwfoqybw.supabase.co/storage/v1/object/public/subtitles/The%20Sopranos%20S04e06%20177333/The_Sopranos_S04E06_177333.zip?download,https://image.tmdb.org/t/p/original/EwMBNMUIx9kKf0DpijNF1bncJT.jpg,"Crime, Drama","🕵️‍♂️ The Sopranos Season 4 Episode 6 - සිංහල උපසිරැසි 🎬

The Sopranos Season 4 Episode 6 explores Christopher's growing responsibilities and the burdens they carry. Tony strives to maintain order inside his syndicate. Download high-quality 720p, 1080p WEB-DL video files directly on pixelpoplk.

ඔන්න යාළුවනේ, 'The Sopranos' කතා මාලාවේ 4 වැනි කතා සමයේ (Season 4) හයවැනි කොටසට (Episode 6) සිංහල උපසිරැසි අරගෙන ආවා. මෙම උපසිරැසි Bluray පිටපත් වලට පමණක් ගැලපේ.💯

📥 වීඩියෝ පිටපත් සහ උපසිරැසි ලබාගන්නේ මෙහෙමයි:

📄 Direct Download: කිසිම කරදරයක් නැතුව සිංහල උපසිරැසි ගොනුව (SRT) කෙලින්ම ඩවුන්ලෝඩ් කරගන්න පුළුවන්.

✈️ Telegram Download: 720p, 1080p bluray කොපි ටෙලිග්‍රෑම් චැනල් එක හරහා ගන්න පුළුවන්.",9.2,2002,4,6,"Keywords: The Sopranos Season 4 Episode 6 Sinhala Subtitles, The Sopranos S04E06 sinhala sub, The Sopranos Season 4 sinhala subtitle download, The Sopranos S04E06 sinhala sub pixelpoplk, pixelpoplk HBO Sopranos, ද සෝප්‍රානෝස් සිංහල උපසිරැසි, The Sopranos full series sinhala subtitles download, The Sopranos season 4 sinhala sub web-dl, pixelpoplk sinhala subtitles, crime drama series sinhala sub, HBO crime series sinhala | Description: The Sopranos Season 4 Episode 6 Sinhala Subtitles. Download The Sopranos S04E06 Sinhala Sub online from pixelpoplk.",https://t.me/Pixelpopnew_bot?start=pRLneRPKw2Y,4
226,2026-08-15 23:36:34.227099+00,The Sopranos,https://frdgyadvbdpacwfoqybw.supabase.co/storage/v1/object/public/subtitles/The%20Sopranos%20S04e07%20404453/The_Sopranos_S04E07_404453.zip?download,https://image.tmdb.org/t/p/original/EwMBNMUIx9kKf0DpijNF1bncJT.jpg,"Crime, Drama","🕵️‍♂️ The Sopranos Season 4 Episode 7 - සිංහල උපසිරැසි 🎬

The Sopranos Season 4 Episode 7 delivers exceptional drama as personal conflicts overlap with organizational goals. Trust remains a scarce resource for Jersey's finest. Download high-quality 720p, 1080p WEB-DL video files directly on pixelpoplk.

ඔන්න යාළුවනේ, 'The Sopranos' කතා මාලාවේ 4 වැනි කතා සමයේ (Season 4) හත්වැනි කොටසට (Episode 7) සිංහල උපසිරැසි අරගෙන ආවා. මෙම උපසිරැසි Bluray පිටපත් වලට පමණක් ගැලපේ.💯

📥 වීඩියෝ පිටපත් සහ උපසිරැසි ලබාගන්නේ මෙහෙමයි:

📄 Direct Download: කිසිම කරදරයක් නැතුව සිංහල උපසිරැසි ගොනුව (SRT) කෙලින්ම ඩවුන්ලෝඩ් කරගන්න පුළුවන්.

✈️ Telegram Download: 720p, 1080p bluray කොපි ටෙලිග්‍රෑම් චැනල් එක හරහා ගන්න පුළුවන්.",9.2,2002,4,7,"Keywords: The Sopranos Season 4 Episode 7 Sinhala Subtitles, The Sopranos S04E07 sinhala sub, The Sopranos Season 4 sinhala subtitle download, The Sopranos S04E07 sinhala sub pixelpoplk, pixelpoplk HBO Sopranos, ද සෝප්‍රානෝස් සිංහල උපසිරැසි, The Sopranos full series sinhala subtitles download, The Sopranos season 4 sinhala sub web-dl, pixelpoplk sinhala subtitles, crime drama series sinhala sub, HBO crime series sinhala | Description: The Sopranos Season 4 Episode 7 Sinhala Subtitles. Download The Sopranos S04E07 Sinhala Sub online from pixelpoplk.",https://t.me/Pixelpopnew_bot?start=K3l8RNuemcc,4
227,2026-08-15 23:36:34.227099+00,The Sopranos,https://frdgyadvbdpacwfoqybw.supabase.co/storage/v1/object/public/subtitles/The%20Sopranos%20S04e08%20264067/The_Sopranos_S04E08_264067.zip?download,https://image.tmdb.org/t/p/original/EwMBNMUIx9kKf0DpijNF1bncJT.jpg,"Crime, Drama","🕵️‍♂️ The Sopranos Season 4 Episode 8 - සිංහල උපසිරැසි 🎬

The Sopranos Season 4 Episode 8 deals with shifting loyalties and strategic moves. Tony's leadership faces critical evaluations from key figures in the network. Download high-quality 720p, 1080p WEB-DL video files directly on pixelpoplk.

ඔන්න යාළුවනේ, 'The Sopranos' කතා මාලාවේ 4 වැනි කතා සමයේ (Season 4) අටවැනි කොටසට (Episode 8) සිංහල උපසිරැසි අරගෙන ආවා. මෙම උපසිරැසි Bluray පිටපත් වලට පමණක් ගැලපේ.💯

📥 වීඩියෝ පිටපත් සහ උපසිරැසි ලබාගන්නේ මෙහෙමයි:

📄 Direct Download: කිසිම කරදරයක් නැතුව සිංහල උපසිරැසි ගොනුව (SRT) කෙලින්ම ඩවුන්ලෝඩ් කරගන්න පුළුවන්.

✈️ Telegram Download: 720p, 1080p bluray කොපි ටෙලිග්‍රෑම් චැනල් එක හරහා ගන්න පුළුවන්.",9.2,2002,4,8,"Keywords: The Sopranos Season 4 Episode 8 Sinhala Subtitles, The Sopranos S04E08 sinhala sub, The Sopranos Season 4 sinhala subtitle download, The Sopranos S04E08 sinhala sub pixelpoplk, pixelpoplk HBO Sopranos, ද සෝප්‍රානෝස් සිංහල උපසිරැසි, The Sopranos full series sinhala subtitles download, The Sopranos season 4 sinhala sub web-dl, pixelpoplk sinhala subtitles, crime drama series sinhala sub, HBO crime series sinhala | Description: The Sopranos Season 4 Episode 8 Sinhala Subtitles. Download The Sopranos S04E08 Sinhala Sub online from pixelpoplk.",https://t.me/Pixelpopnew_bot?start=FcgDaSUoWec,4
228,2026-08-15 23:36:34.227099+00,The Sopranos,https://frdgyadvbdpacwfoqybw.supabase.co/storage/v1/object/public/subtitles/The%20Sopranos%20S04e09%20958349/The_Sopranos_S04E09_958349.zip?download,https://image.tmdb.org/t/p/original/EwMBNMUIx9kKf0DpijNF1bncJT.jpg,"Crime, Drama","🕵️‍♂️ The Sopranos Season 4 Episode 9 - සිංහල උපසිරැසි 🎬

The Sopranos Season 4 Episode 9 highlights the increasing pressure of the FBI's meticulous surveillance. The family has to walk a very fine line to avoid exposure. Download high-quality 720p, 1080p WEB-DL video files directly on pixelpoplk.

ඔන්න යාළුවනේ, 'The Sopranos' කතා මාලාවේ 4 වැනි කතා සමයේ (Season 4) නවවැනි කොටසට (Episode 9) සිංහල උපසිරැසි අරගෙන ආවා. මෙම උපසිරැසි Bluray පිටපත් වලට පමණක් ගැලපේ.💯

📥 වීඩියෝ පිටපත් සහ උපසිරැසි ලබාගන්නේ මෙහෙමයි:

📄 Direct Download: කිසිම කරදරයක් නැතුව සිංහල උපසිරැසි ගොනුව (SRT) කෙලින්ම ඩවුන්ලෝඩ් කරගන්න පුළුවන්.

✈️ Telegram Download: 720p, 1080p bluray කොපි ටෙලිග්‍රෑම් චැනල් එක හරහා ගන්න පුළුවන්.",9.2,2002,4,9,"Keywords: The Sopranos Season 4 Episode 9 Sinhala Subtitles, The Sopranos S04E09 sinhala sub, The Sopranos Season 4 sinhala subtitle download, The Sopranos S04E09 sinhala sub pixelpoplk, pixelpoplk HBO Sopranos, ද සෝප්‍රානෝස් සිංහල උපසිරැසි, The Sopranos full series sinhala subtitles download, The Sopranos season 4 sinhala sub web-dl, pixelpoplk sinhala subtitles, crime drama series sinhala sub, HBO crime series sinhala | Description: The Sopranos Season 4 Episode 9 Sinhala Subtitles. Download The Sopranos S04E09 Sinhala Sub online from pixelpoplk.",https://t.me/Pixelpopnew_bot?start=y7OkO5qBmds,4
229,2026-08-15 23:36:34.227099+00,The Sopranos,https://frdgyadvbdpacwfoqybw.supabase.co/storage/v1/object/public/subtitles/The%20Sopranos%20S04e10%20929685/The_Sopranos_S04E10_929685.zip?download,https://image.tmdb.org/t/p/original/EwMBNMUIx9kKf0DpijNF1bncJT.jpg,"Crime, Drama","🕵️‍♂️ The Sopranos Season 4 Episode 10 - සිංහල උපසිරැසි 🎬

The Sopranos Season 4 Episode 10 brings critical decisions as old arrangements are questioned. Tony finds himself resolving disputes that could change the power balance. Download high-quality 720p, 1080p WEB-DL video files directly on pixelpoplk.

ඔන්න යාළුවනේ, 'The Sopranos' කතා මාලාවේ 4 වැනි කතා සමයේ (Season 4) දහවැනි කොටසට (Episode 10) සිංහල උපසිරැසි අරගෙන ආවා. මෙම උපසිරැසි Bluray පිටපත් වලට පමණක් ගැලපේ.💯

📥 වීඩියෝ පිටපත් සහ උපසිරැසි ලබාගන්නේ මෙහෙමයි:

📄 Direct Download: කිසිම කරදරයක් නැතුව සිංහල උපසිරැසි ගොනුව (SRT) කෙලින්ම ඩවුන්ලෝඩ් කරගන්න පුළුවන්.

✈️ Telegram Download: 720p, 1080p bluray කොපි ටෙලිග්‍රෑම් චැනල් එක හරහා ගන්න පුළුවන්.",9.2,2002,4,10,"Keywords: The Sopranos Season 4 Episode 10 Sinhala Subtitles, The Sopranos S04E10 sinhala sub, The Sopranos Season 4 sinhala subtitle download, The Sopranos S04E10 sinhala sub pixelpoplk, pixelpoplk HBO Sopranos, ද සෝප්‍රානෝස් සිංහල උපසිරැසි, The Sopranos full series sinhala subtitles download, The Sopranos season 4 sinhala sub web-dl, pixelpoplk sinhala subtitles, crime drama series sinhala sub, HBO crime series sinhala | Description: The Sopranos Season 4 Episode 10 Sinhala Subtitles. Download The Sopranos S04E10 Sinhala Sub online from pixelpoplk.",https://t.me/Pixelpopnew_bot?start=p_gNFWtEl8g,4
230,2026-08-15 23:36:34.227099+00,The Sopranos,https://frdgyadvbdpacwfoqybw.supabase.co/storage/v1/object/public/subtitles/The%20Sopranos%20S04e11%20405043/The_Sopranos_S04E11_405043.zip?download,https://image.tmdb.org/t/p/original/EwMBNMUIx9kKf0DpijNF1bncJT.jpg,"Crime, Drama","🕵️‍♂️ The Sopranos Season 4 Episode 11 - සිංහල උපසිරැසි 🎬

The Sopranos Season 4 Episode 11 leads towards the season's climax. Personal relations reach a breaking point, demanding immediate attention from Tony Soprano. Download high-quality 720p, 1080p WEB-DL video files directly on pixelpoplk.

ඔන්න යාළුවනේ, 'The Sopranos' කතා මාලාවේ 4 වැනි කතා සමයේ (Season 4) එකොළොස්වැනි කොටසට (Episode 11) සිංහල උපසිරැසි අරගෙන ආවා. මෙම උපසිරැසි Bluray පිටපත් වලට පමණක් ගැලපේ.💯

📥 වීඩියෝ පිටපත් සහ උපසිරැසි ලබාගන්නේ මෙහෙමයි:

📄 Direct Download: කිසිම කරදරයක් නැතුව සිංහල උපසිරැසි ගොනුව (SRT) කෙලින්ම ඩවුන්ලෝඩ් කරගන්න පුළුවන්.

✈️ Telegram Download: 720p, 1080p bluray කොපි ටෙලිග්‍රෑම් චැනල් එක හරහා ගන්න පුළුවන්.",9.2,2002,4,11,"Keywords: The Sopranos Season 4 Episode 11 Sinhala Subtitles, The Sopranos S04E11 sinhala sub, The Sopranos Season 4 sinhala subtitle download, The Sopranos S04E11 sinhala sub pixelpoplk, pixelpoplk HBO Sopranos, ද සෝප්‍රาනෝස් සිංහල උපසිරැසි, The Sopranos full series sinhala subtitles download, The Sopranos season 4 sinhala sub web-dl, pixelpoplk sinhala subtitles, crime drama series sinhala sub, HBO crime series sinhala | Description: The Sopranos Season 4 Episode 11 Sinhala Subtitles. Download The Sopranos S04E11 Sinhala Sub online from pixelpoplk.",https://t.me/Pixelpopnew_bot?start=SKjmDw16w4I,4
231,2026-08-15 23:36:34.227099+00,The Sopranos,https://frdgyadvbdpacwfoqybw.supabase.co/storage/v1/object/public/subtitles/The%20Sopranos%20S04e12%20690200/The_Sopranos_S04E12_690200.zip?download,https://image.tmdb.org/t/p/original/EwMBNMUIx9kKf0DpijNF1bncJT.jpg,"Crime, Drama","🕵️‍♂️ The Sopranos Season 4 Episode 12 - සිංහල උපසිරැසි 🎬

The Sopranos Season 4 Episode 12 presents a highly emotional and intense pre-finale chapter. Loyalty is pushed to its absolute limits as consequences loom large. Download high-quality 720p, 1080p WEB-DL video files directly on pixelpoplk.

ඔන්න යාළුවනේ, 'The Sopranos' කතා මාලාවේ 4 වැනි කතා සමයේ (Season 4) දොළොස්වැනි කොටසට (Episode 12) සිංහල උපසිරැසි අරගෙන ආවා. මෙම උපසිරැසි Bluray පිටපත් වලට පමණක් ගැලපේ.💯

📥 වීඩියෝ පිටපත් සහ උපසිරැසි ලබාගන්නේ මෙහෙමයි:

📄 Direct Download: කිසිම කරදරයක් නැතුව සිංහල උපසිරැසි ගොනුව (SRT) කෙලින්ම ඩවුන්ලෝඩ් කරගන්න පුළුවන්.

✈️ Telegram Download: 720p, 1080p bluray කොපි ටෙලිග්‍රෑම් චැනල් එක හරහා ගන්න පුළුවන්.",9.2,2002,4,12,"Keywords: The Sopranos Season 4 Episode 12 Sinhala Subtitles, The Sopranos S04E12 sinhala sub, The Sopranos Season 4 sinhala subtitle download, The Sopranos S04E12 sinhala sub pixelpoplk, pixelpoplk HBO Sopranos, ද සෝප්‍රානෝස් සිංහල උපසිරැසි, The Sopranos full series sinhala subtitles download, The Sopranos season 4 sinhala sub web-dl, pixelpoplk sinhala subtitles, crime drama series sinhala sub, HBO crime series sinhala | Description: The Sopranos Season 4 Episode 12 Sinhala Subtitles. Download The Sopranos S04E12 Sinhala Sub online from pixelpoplk.",https://t.me/Pixelpopnew_bot?start=3gkE0r63pZU,4
232,2026-08-15 23:36:34.227099+00,The Sopranos,https://frdgyadvbdpacwfoqybw.supabase.co/storage/v1/object/public/subtitles/The%20Sopranos%20S04e13%20322504/The_Sopranos_S04E13_322504.zip?download,https://image.tmdb.org/t/p/original/EwMBNMUIx9kKf0DpijNF1bncJT.jpg,"Crime, Drama","🕵️‍♂️ The Sopranos Season 4 Episode 13 - සිංහල උපසිරැසි 🎬

The Sopranos Season 4 Episode 13 brings the monumental season finale. Uncover the dramatic resolutions of major storylines that set a completely new path for the family. Download high-quality 720p, 1080p WEB-DL video files directly on pixelpoplk.

ඔන්න යාළුවනේ, 'The Sopranos' කතා මාලාවේ 4 වැනි කතා සමයේ (Season 4) දහතුන්වැනි කොටසට (Episode 13) සිංහල උපසිරැසි අරගෙන ආවා. මෙම උපසිරැසි Bluray පිටපත් වලට පමණක් ගැලපේ.💯

📥 වීඩියෝ පිටපත් සහ උපසිරැසි ලබාගන්නේ මෙහෙමයි:

📄 Direct Download: කිසිම කරදරයක් නැතුව සිංහල උපසිරැසි ගොනුව (SRT) කෙලින්ම ඩවුන්ලෝඩ් කරගන්න පුළුවන්.

✈️ Telegram Download: 720p, 1080p bluray කොපි ටෙලිග්‍රෑම් චැනල් එක හරහා ගන්න පුළුවන්.",9.2,2002,4,13,"Keywords: The Sopranos Season 4 Episode 13 Sinhala Subtitles, The Sopranos S04E13 sinhala sub, The Sopranos Season 4 sinhala subtitle download, The Sopranos S04E13 sinhala sub pixelpoplk, pixelpoplk HBO Sopranos, ද සෝප්‍රානෝස් සිංහල උපසිරැසි, The Sopranos full series sinhala subtitles download, The Sopranos season 4 sinhala sub web-dl, pixelpoplk sinhala subtitles, crime drama series sinhala sub, HBO crime series sinhala | Description: The Sopranos Season 4 Episode 13 Sinhala Subtitles. Download The Sopranos S04E13 Sinhala Sub online from pixelpoplk.",https://t.me/Pixelpopnew_bot?start=U13cP5IEmM8,4
233,2026-08-17 00:43:29.237961+00,Lanterns (2026),https://frdgyadvbdpacwfoqybw.supabase.co/storage/v1/object/public/subtitles/Lanterns%20S01e01%20488132/Lanterns_S01E01_488132.zip?download,https://image.tmdb.org/t/p/original/isYpgPQdjxJ0Ht04uKgilVYGPp9.jpg,"Superhero, Sci-Fi, Mystery, Detective, Drama","🕵️‍♂️ Lanterns (2026) - සිංහල උපසිරැසි 🎬

Lanterns delivers a gritty, grounded, and cosmic detective thriller from HBO. When a legendary, grizzled Green Lantern is forced to train a defiant new recruit, the two intergalactic cops find themselves drawn into a dark, small-town murder mystery with massive, universe-altering implications. 

ඔන්න යාළුවනේ, DC රසිකයෝ හැමෝම අතිශය උනන්දුවෙන් බලාගෙන හිටපු, HBO සහ Max හරහා අදම විකාශනය ආරම්භ වුණු ""Lanterns"" අලුත්ම සජීවීකරණ නොවන (Live-action) සුපිරි කතා මාලාවට සිංහල උපසිරැසි අරගෙන ආවා. James Gunn ගේ අලුත්ම DC විශ්වයට (DCU) අයත් වෙන මේ කතාව, සාමාන්‍ය සුපිරි වීර කතාවලට වඩා හාත්පසින්ම වෙනස් ""True Detective"" වගේ අඳුරු රහස් පරීක්ෂණ (Grounded Detective Thriller) විලාසිතාවකින් තමයි නිර්මාණය කරලා තියෙන්නේ.

කතාව පැත්තට ගියොත්, වසර ගණනාවක අත්දැකීම් තියෙන ප්‍රබල මෙන්ම වයස්ගත ග්‍රීන් ලැන්ටර්න් කෙනෙක් වෙන හැල් ජෝර්ඩන්ට (Kyle Chandler), අලුතින්ම මේ කණ්ඩායමට එකතු වෙන මුරණ්ඩු හිටපු මැරීන් සෙබළෙක් වන ජෝන් ස්ටුවර්ට්ව (Aaron Pierre) පුහුණු කරන්න සිද්ධ වෙනවා. මෙයාලා දෙන්නා ඇමරිකාවේ කුඩා ගමක සිද්ධ වෙන අමුතුම විදිහේ මිනීමැරුමක් ගැන පරීක්ෂණ පවත්වන්න එකතු වෙනවා. හැබැයි සාමාන්‍ය එකක් විදිහට පේන මේ මිනීමැරුම පිටුපස මුළු විශ්වයම උඩුයටිකුරු කරන්න පුළුවන් තරමේ අභ්‍යවකාශ සහ පිටසක්වල කුමන්ත්‍රණයක් හැංගිලා තියෙනවා කියලා මෙයාලට තේරුම් යනවා.

Ozark කතා මාලාවේ Chris Mundy, Lost සහ Watchmen නිර්මාණය කරපු Damon Lindelof වැනි අති දක්ෂ පිරිසකගේ තිර රචනයෙන් හැඩවුණු මේ සුපිරි කතා මාලාව, DC ලෝලීන් විතරක් නෙවෙයි හොඳ රහස් පරීක්ෂණ කතාවලට ආස කරන හැමෝම අනිවාර්යයෙන්ම බලන්න ඕනේ එකක්.

📥 වීඩියෝ පිටපත් සහ උපසිරැසි ලබාගන්නේ මෙහෙමයි:

📄 Direct Download: කිසිම කරදරයක් නැතුව සිංහල උපසිරැසි ගොනුව (SRT) කෙලින්ම ඩවුන්ලෝඩ් කරගන්න පුළුවන්.

✈️ Telegram Download: 720p, 1080p WEB-DL කොපි ටෙලිග්‍රෑම් චැනල් එක හරහා ගන්න පුළුවන්.",8,2026,1,1,"Lanterns Sinhala Subtitles, Lanterns sinhala sub, Lanterns sinhala subtitle download, Lanterns tv series sinhala sub pixelpoplk, Lanterns sinhala sub pixelpop.lk, pixelpoplk HBO DC series, ලැන්ටර්න්ස් සිංහල උපසිරැසි, Lanterns full series sinhala subtitles download, Lanterns sinhala sub web-dl, pixelpoplk sinhala subtitles, Lanterns DCU series, Green Lantern live action sinhala sub",https://t.me/Pixelpopnew_bot?start=LK0J9Gj1yeg,25
234,2026-08-22 06:41:53.87792+00,Dexter,https://frdgyadvbdpacwfoqybw.supabase.co/storage/v1/object/public/subtitles/Dexter%20S01e01%20166599/Dexter_S01E01_166599.zip?download,https://image.tmdb.org/t/p/original/rmhoMEHK3ZP2EAXX2VpxuKpW3Bf.jpg,"Crime, Drama, Mystery, Thriller, Psychological","🕵️‍♂️ Dexter Season 1 Episode 1 - සිංහල උපසිරැසි 🎬

Dexter Season 1 delivers a brilliant, darkly comedic psychological crime thriller from Showtime. A brilliant Miami forensics expert leads a double life as a meticulous vigilante serial killer who only hunts down other murderers. When a mysterious new killer begins leaving bloodless clues just for him, a high-stakes psychological game of cat-and-mouse begins.

ඔන්න අරගෙන ආවා Crime, Mystery වගේම Psychological Thriller කතාවලට ආස කරන අය හැමෝම අනිවාර්යයෙන්ම බලන්න ඕනේ, Showtime නාලිකාවෙන් නිකුත් කරපු ලෝක ප්‍රසිද්ධ 'Dexter' කතා මාලාවේ පළමු කතා සමයේ (Season 1) පළමු වැනි කොටසට (Episode 1) සිංහල උපසිරැසි. IMDb එකේ 8.6/10ක ඉහළම රේටින් එකක් ගත්ත මේ සීරීස් එක, මුල ඉඳන් අගටම කුතුහලය උපරිමයෙන්ම තියාගෙන බලන්න පුළුවන් විශිෂ්ටතම නිර්මාණයක්.

කතාව පැත්තට ගියොත්, ඩෙක්ස්ටර් මෝගන් (Michael C. Hall) කියන්නේ මියාමි පොලිසියේ වැඩ කරන, ලේ පැල්ලම් ගැන පරීක්ෂණ පවත්වන දක්ෂ නිලධාරියෙක්. හැබැයි හැමෝටම පේන මේ සාමාන්‍ය ජීවිතයට අමතරව ඩෙක්ස්ටර්ට තව අඳුරු රහස් ජීවිතයක් තියෙනවා. ඒ තමයි එයා රෑට නීතියෙන් බේරිලා යන දරුණු වැරදිකරුවන් සොයාගෙන ඔවුන්ට දඬුවම් කරන රහසිගත ක්‍රියාකාරියෙක් (Vigilante) විදිහට වැඩ කරන එක. එයා මේ දේ කරන්නේ එයාගේ හදාගත්ත තාත්තා කියලා දුන්න දැඩි සීමාවන් සහ නීති මාලාවකට (The Code of Harry) අනුවයි.

මේ අතරේ මියාමි නගරයේ අමුතුම විදිහට අපරාධකරන අලුත් කෙනෙක් මතුවෙනවා. 'Ice Truck Killer' විදිහට හඳුන්වන මේ පුද්ගලයා, තමන්ගේ ඉලක්කයන් ලේ බිඳක්වත් නැතිව සකසා පොදු ස්ථානවල දාලා යනවා. ඒ වගේම එයා ඩෙක්ස්ටර්ට විතරක් තේරෙන රහස් ඉඟි ඉතුරු කරමින් ඩෙක්ස්ටර් එක්ක අමුතුම මානසික සෙල්ලමක් කරන්න පටන් ගන්නවා. මේ රහස්‍ය පුද්ගලයා කවුද? එයා ඩෙක්ස්ටර් ගැන දන්නේ කොහොමද?

Michael C. Hall ගේ සුපිරිම රංගනයෙන් හැඩවුණු, හැම තත්පරේම කුතුහලයෙන් වගේම දරුණු suspense එකකින් බලන්න පුළුවන් මේ පට්ටම කතාව ඔයාගේ Must Watch ලිස්ට් එකට අනිවාර්යයෙන්ම එකතු කරගන්න.

📥 වීඩියෝ පිටපත් සහ උපසිරැසි ලබාගන්නේ මෙහෙමයි:

📄 Direct Subtitle Download: කිසිම කරදරයක් නැතුව සිංහල උපසිරැසි ගොනුව (.zip) කෙලින්ම ඩවුන්ලෝඩ් කරගන්න පුළුවන්.

✈️ Telegram Download: 720p, 1080p Bluray කොපි ටෙලිග්‍රෑම් චැනල් එක හරහා ගන්න පුළුවන්.",8.6,2006,1,1,"Keywords: Dexter Season 1 Episode 1 Sinhala Subtitles, Dexter S01E01 sinhala sub, Dexter Season 1 sinhala subtitle download, Dexter S01E01 sinhala sub pixelpoplk, Dexter sinhala sub pixelpop.lk, pixelpoplk Showtime Dexter, ඩෙක්ස්ටර් සිංහල උපසිරැසි, Dexter full series sinhala subtitles download, Dexter season 1 sinhala sub bluray, pixelpoplk sinhala subtitles, crime drama series sinhala sub, psychological thriller sinhala sub | Description: Dexter Season 1 Episode 1 Sinhala Subtitles. Download Dexter S01E01 Sinhala Sub online from pixelpoplk.",https://t.me/Pixelpopnew_bot?start=5MXH7Xxv9sU,24
235,2026-08-22 06:41:53.87792+00,Dexter,https://frdgyadvbdpacwfoqybw.supabase.co/storage/v1/object/public/subtitles/Dexter%20S01e02%20432343/Dexter_S01E02_432343.zip?download,https://image.tmdb.org/t/p/original/rmhoMEHK3ZP2EAXX2VpxuKpW3Bf.jpg,"Crime, Drama, Mystery, Thriller, Psychological","🕵️‍♂️ Dexter Season 1 Episode 2 - සිංහල උපසිරැසි 🎬

Dexter Season 1 delivers a brilliant, darkly comedic psychological crime thriller from Showtime. A brilliant Miami forensics expert leads a double life as a meticulous vigilante serial killer who only hunts down other murderers. When a mysterious new killer begins leaving bloodless clues just for him, a high-stakes psychological game of cat-and-mouse begins.

ඔන්න අරගෙන ආවා Crime, Mystery වගේම Psychological Thriller කතාවලට ආස කරන අය හැමෝම අනිවාර්යයෙන්ම බලන්න ඕනේ, Showtime නාලිකාවෙන් නිකුත් කරපු ලෝක ප්‍රසිද්ධ 'Dexter' කතා මාලාවේ පළමු කතා සමයේ (Season 1) දෙවැනි කොටසට (Episode 2) සිංහල උපසිරැසි. IMDb එකේ 8.6/10ක ඉහළම රේටින් එකක් ගත්ත මේ සීරීස් එක, මුල ඉඳන් අගටම කුතුහලය උපරිමයෙන්ම තියාගෙන බලන්න පුළුවන් විශිෂ්ටතම නිර්මාණයක්.

කතාව පැත්තට ගියොත්, ඩෙක්ස්ටර් මෝගන් (Michael C. Hall) කියන්නේ මියාමි පොලිසියේ වැඩ කරන, ලේ පැල්ලම් ගැන පරීක්ෂණ පවත්වන දක්ෂ නිලධාරියෙක්. හැබැයි හැමෝටම පේන මේ සාමාන්‍ය ජීවිතයට අමතරව ඩෙක්ස්ටර්ට තව අඳුරු රහස් ජීවිතයක් තියෙනවා. ඒ තමයි එයා රෑට නීතියෙන් බේරිලා යන දරුණු වැරදිකරුවන් සොයාගෙන ඔවුන්ට දඬුවම් කරන රහසිගත ක්‍රියාකාරියෙක් (Vigilante) විදිහට වැඩ කරන එක. එයා මේ දේ කරන්නේ එයාගේ හදාගත්ත තාත්තා කියලා දුන්න දැඩි සීමාවන් සහ නීති මාලාවකට (The Code of Harry) අනුවයි.

මේ අතරේ මියාමි නගරයේ අමුතුම විදිහට අපරාධකරන අලුත් කෙනෙක් මතුවෙනවා. 'Ice Truck Killer' විදිහට හඳුන්වන මේ පුද්ගලයා, තමන්ගේ ඉලක්කයන් ලේ බිඳක්වත් නැතිව සකසා පොදු ස්ථානවල දාලා යනවා. ඒ වගේම එයා ඩෙක්ස්ටර්ට විතරක් තේරෙන රහස් ඉඟි ඉතුරු කරමින් ඩෙක්ස්ටර් එක්ක අමුතුම මානසික සෙල්ලමක් කරන්න පටන් ගන්නවා. මේ රහස්‍ය පුද්ගලයා කවුද? එයා ඩෙක්ස්ටර් ගැන දන්නේ කොහොමද?

Michael C. Hall ගේ සුපිරිම රංගනයෙන් හැඩවුණු, හැම තත්පරේම කුතුහලයෙන් වගේම දරුණු suspense එකකින් බලන්න පුළුවන් මේ පට්ටම කතාව ඔයාගේ Must Watch ලිස්ට් එකට අනිවාර්යයෙන්ම එකතු කරගන්න.

📥 වීඩියෝ පිටපත් සහ උපසිරැසි ලබාගන්නේ මෙහෙමයි:

📄 Direct Subtitle Download: කිසිම කරදරයක් නැතුව සිංහල උපසිරැසි ගොනුව (.zip) කෙලින්ම ඩවුන්ලෝඩ් කරගන්න පුළුවන්.

✈️ Telegram Download: 720p, 1080p Bluray කොපි ටෙලිග්‍රෑම් චැනල් එක හරහා ගන්න පුළුවන්.",8.6,2006,1,2,"Keywords: Dexter Season 1 Episode 2 Sinhala Subtitles, Dexter S01E02_432343 sinhala sub, Dexter Season 1 sinhala subtitle download, Dexter S01E02_432343 sinhala sub pixelpoplk, Dexter sinhala sub pixelpop.lk, pixelpoplk Showtime Dexter, ඩෙක්ස්ටර් සිංහල උපසිරැසි, Dexter full series sinhala subtitles download, Dexter season 1 sinhala sub bluray, pixelpoplk sinhala subtitles, crime drama series sinhala sub, psychological thriller sinhala sub | Description: Dexter Season 1 Episode 2 Sinhala Subtitles. Download Dexter S01E02 Sinhala Sub online from pixelpoplk.",https://t.me/Pixelpopnew_bot?start=0yTLxwaCxpU,3
236,2026-08-22 06:41:53.87792+00,Dexter,https://frdgyadvbdpacwfoqybw.supabase.co/storage/v1/object/public/subtitles/Dexter%20S01e03%20335630/Dexter_S01E03_335630.zip?download,https://image.tmdb.org/t/p/original/rmhoMEHK3ZP2EAXX2VpxuKpW3Bf.jpg,"Crime, Drama, Mystery, Thriller, Psychological","🕵️‍♂️ Dexter Season 1 Episode 3 - සිංහල උපසිරැසි 🎬

Dexter Season 1 delivers a brilliant, darkly comedic psychological crime thriller from Showtime. A brilliant Miami forensics expert leads a double life as a meticulous vigilante serial killer who only hunts down other murderers. When a mysterious new killer begins leaving bloodless clues just for him, a high-stakes psychological game of cat-and-mouse begins.

ඔන්න අරගෙන ආවා Crime, Mystery වගේම Psychological Thriller කතාවලට ආස කරන අය හැමෝම අනිවාර්යයෙන්ම බලන්න ඕනේ, Showtime නාලිකාවෙන් නිකුත් කරපු ලෝක ප්‍රසිද්ධ 'Dexter' කතා මාලාවේ පළමු කතා සමයේ (Season 1) තුන්වැනි කොටසට (Episode 3) සිංහල උපසිරැසි. IMDb එකේ 8.6/10ක ඉහළම රේටින් එකක් ගත්ත මේ සීරීස් එක, මුල ඉඳන් අගටම කුතුහලය උපරිමයෙන්ම තියාගෙන බලන්න පුළුවන් විශිෂ්ටතම නිර්මාණයක්.

කතාව පැත්තට ගියොත්, ඩෙක්ස්ටර් මෝගන් (Michael C. Hall) කියන්නේ මියාමි පොලිසියේ වැඩ කරන, ලේ පැල්ලම් ගැන පරීක්ෂණ පවත්වන දක්ෂ නිලධාරියෙක්. හැබැයි හැමෝටම පේන මේ සාමාන්‍ය ජීවිතයට අමතරව ඩෙක්ස්ටර්ට තව අඳුරු රහස් ජීවිතයක් තියෙනවා. ඒ තමයි එයා රෑට නීතියෙන් බේරිලා යන දරුණු වැරදිකරුවන් සොයාගෙන ඔවුන්ට දඬුවම් කරන රහසිගත ක්‍රියාකාරියෙක් (Vigilante) විදිහට වැඩ කරන එක. එයා මේ දේ කරන්නේ එයාගේ හදාගත්ත තාත්තා කියලා දුන්න දැඩි සීමාවන් සහ නීති මාලාවකට (The Code of Harry) අනුවයි.

මේ අතරේ මියාමි නගරයේ අමුතුම විදිහට අපරාධකරන අලුත් කෙනෙක් මතුවෙනවා. 'Ice Truck Killer' විදිහට හඳුන්වන මේ පුද්ගලයා, තමන්ගේ ඉලක්කයන් ලේ බිඳක්වත් නැතිව සකසා පොදු ස්ථානවල දාලා යනවා. ඒ වගේම එයා ඩෙක්ස්ටර්ට විතරක් තේරෙන රහස් ඉඟි ඉතුරු කරමින් ඩෙක්ස්ටර් එක්ක අමුතුම මානසික සෙල්ලමක් කරන්න පටන් ගන්නවා. මේ රහස්‍ය පුද්ගලයා කවුද? එයා ඩෙක්ස්ටර් ගැන දන්නේ කොහොමද?

Michael C. Hall ගේ සුපිරිම රංගනයෙන් හැඩවුණු, හැම තත්පරේම කුතුහලයෙන් වගේම දරුණු suspense එකකින් බලන්න පුළුවන් මේ පට්ටම කතාව ඔයාගේ Must Watch ලිස්ට් එකට අනිවාර්යයෙන්ම එකතු කරගන්න.

📥 වීඩියෝ පිටපත් සහ උපසිරැසි ලබාගන්නේ මෙහෙමයි:

📄 Direct Subtitle Download: කිසිම කරදරයක් නැතුව සිංහල උපසිරැසි ගොනුව (.zip) කෙලින්ම ඩවුන්ලෝඩ් කරගන්න පුළුවන්.

✈️ Telegram Download: 720p, 1080p Bluray කොපි ටෙලිග්‍රෑම් චැනල් එක හරහා ගන්න පුළුවන්.",8.6,2006,1,3,"Keywords: Dexter Season 1 Episode 3 Sinhala Subtitles, Dexter S01E03_335630 sinhala sub, Dexter Season 1 sinhala subtitle download, Dexter S01E03_335630 sinhala sub pixelpoplk, Dexter sinhala sub pixelpop.lk, pixelpoplk Showtime Dexter, ඩෙක්ස්ටර් සිංහල උපසිරැසි, Dexter full series sinhala subtitles download, Dexter season 1 sinhala sub bluray, pixelpoplk sinhala subtitles, crime drama series sinhala sub, psychological thriller sinhala sub | Description: Dexter Season 1 Episode 3 Sinhala Subtitles. Download Dexter S01E03 Sinhala Sub online from pixelpoplk.",https://t.me/Pixelpopnew_bot?start=8JDNzCG9IA4,2
237,2026-08-22 06:41:53.87792+00,Dexter,https://frdgyadvbdpacwfoqybw.supabase.co/storage/v1/object/public/subtitles/Dexter%20S01e04%20573244/Dexter_S01E04_573244.zip?download,https://image.tmdb.org/t/p/original/rmhoMEHK3ZP2EAXX2VpxuKpW3Bf.jpg,"Crime, Drama, Mystery, Thriller, Psychological","🕵️‍♂️ Dexter Season 1 Episode 4 - සිංහල උපසිරැසි 🎬

Dexter Season 1 delivers a brilliant, darkly comedic psychological crime thriller from Showtime. A brilliant Miami forensics expert leads a double life as a meticulous vigilante serial killer who only hunts down other murderers. When a mysterious new killer begins leaving bloodless clues just for him, a high-stakes psychological game of cat-and-mouse begins.

ඔන්න අරගෙන ආවා Crime, Mystery වගේම Psychological Thriller කතාවලට ආස කරන අය හැමෝම අනිවාර්යයෙන්ම බලන්න ඕනේ, Showtime නාලිකාවෙන් නිකුත් කරපු ලෝක ප්‍රසිද්ධ 'Dexter' කතා මාලාවේ පළමු කතා සමයේ (Season 1) හතරවැනි කොටසට (Episode 4) සිංහල උපසිරැසි. IMDb එකේ 8.6/10ක ඉහළම රේටින් එකක් ගත්ත මේ සීරීස් එක, මුල ඉඳන් අගටම කුතුහලය උපරිමයෙන්ම තියාගෙන බලන්න පුළුවන් විශිෂ්ටතම නිර්මාණයක්.

කතාව පැත්තට ගියොත්, ඩෙක්ස්ටර් මෝගන් (Michael C. Hall) කියන්නේ මියාමි පොලිසියේ වැඩ කරන, ලේ පැල්ලම් ගැන පරීක්ෂණ පවත්වන දක්ෂ නිලධාරියෙක්. හැබැයි හැමෝටම පේන මේ සාමාන්‍ය ජීවිතයට අමතරව ඩෙක්ස්ටර්ට තව අඳුරු රහස් ජීවිතයක් තියෙනවා. ඒ තමයි එයා රෑට නීතියෙන් බේරිලා යන දරුණු වැරදිකරුවන් සොයාගෙන ඔවුන්ට දඬුවම් කරන රහසිගත ක්‍රියාකාරියෙක් (Vigilante) විදිහට වැඩ කරන එක. එයා මේ දේ කරන්නේ එයාගේ හදාගත්ත තාත්තා කියලා දුන්න දැඩි සීමාවන් සහ නීති මාලාවකට (The Code of Harry) අනුවයි.

මේ අතරේ මියාමි නගරයේ අමුතුම විදිහට අපරාධකරන අලුත් කෙනෙක් මතුවෙනවා. 'Ice Truck Killer' විදිහට හඳුන්වන මේ පුද්ගලයා, තමන්ගේ ඉලක්කයන් ලේ බිඳක්වත් නැතිව සකසා පොදු ස්ථානවල දාලා යනවා. ඒ වගේම එයා ඩෙක්ස්ටර්ට විතරක් තේරෙන රහස් ඉඟි ඉතුරු කරමින් ඩෙක්ස්ටර් එක්ක අමුතුම මානසික සෙල්ලමක් කරන්න පටන් ගන්නවා. මේ රහස්‍ය පුද්ගලයා කවුද? එයා ඩෙක්ස්ටර් ගැන දන්නේ කොහොමද?

Michael C. Hall ගේ සුපිරිම රංගනයෙන් හැඩවුණු, හැම තත්පරේම කුතුහලයෙන් වගේම දරුණු suspense එකකින් බලන්න පුළුවන් මේ පට්ටම කතාව ඔයාගේ Must Watch ලිස්ට් එකට අනිවාර්යයෙන්ම එකතු කරගන්න.

📥 වීඩියෝ පිටපත් සහ උපසිරැසි ලබාගන්නේ මෙහෙමයි:

📄 Direct Subtitle Download: කිසිම කරදරයක් නැතුව සිංහල උපසිරැසි ගොනුව (.zip) කෙලින්ම ඩවුන්ලෝඩ් කරගන්න පුළුවන්.

✈️ Telegram Download: 720p, 1080p Bluray කොපි ටෙලිග්‍රෑම් චැනල් එක හරහා ගන්න පුළුවන්.",8.6,2006,1,4,"Keywords: Dexter Season 1 Episode 4 Sinhala Subtitles, Dexter S01E04_573244 sinhala sub, Dexter Season 1 sinhala subtitle download, Dexter S01E04_573244 sinhala sub pixelpoplk, Dexter sinhala sub pixelpop.lk, pixelpoplk Showtime Dexter, ඩෙක්ස්ටර් සිංහල උපසිරැසි, Dexter full series sinhala subtitles download, Dexter season 1 sinhala sub bluray, pixelpoplk sinhala subtitles, crime drama series sinhala sub, psychological thriller sinhala sub | Description: Dexter Season 1 Episode 4 Sinhala Subtitles. Download Dexter S01E04 Sinhala Sub online from pixelpoplk.",https://t.me/Pixelpopnew_bot?start=QkQpBn7JLn8,3
238,2026-08-22 06:41:53.87792+00,Dexter,https://frdgyadvbdpacwfoqybw.supabase.co/storage/v1/object/public/subtitles/Dexter%20S01e05%20797012/Dexter_S01E05_797012.zip?download,https://image.tmdb.org/t/p/original/rmhoMEHK3ZP2EAXX2VpxuKpW3Bf.jpg,"Crime, Drama, Mystery, Thriller, Psychological","🕵️‍♂️ Dexter Season 1 Episode 5 - සිංහල උපසිරැසි 🎬

Dexter Season 1 delivers a brilliant, darkly comedic psychological crime thriller from Showtime. A brilliant Miami forensics expert leads a double life as a meticulous vigilante serial killer who only hunts down other murderers. When a mysterious new killer begins leaving bloodless clues just for him, a high-stakes psychological game of cat-and-mouse begins.

ඔන්න අරගෙන ආවා Crime, Mystery වගේම Psychological Thriller කතාවලට ආස කරන අය හැමෝම අනිවාර්යයෙන්ම බලන්න ඕනේ, Showtime නාලිකාවෙන් නිකුත් කරපු ලෝක ප්‍රසිද්ධ 'Dexter' කතා මාලාවේ පළමු කතා සමයේ (Season 1) පස්වැනි කොටසට (Episode 5) සිංහල උපසිරැසි. IMDb එකේ 8.6/10ක ඉහළම රේටින් එකක් ගත්ත මේ සීරීස් එක, මුල ඉඳන් අගටම කුතුහලය උපරිමයෙන්ම තියාගෙන බලන්න පුළුවන් විශිෂ්ටතම නිර්මාණයක්.

කතාව පැත්තට ගියොත්, ඩෙක්ස්ටර් මෝගන් (Michael C. Hall) කියන්නේ මියාමි පොලිසියේ වැඩ කරන, ලේ පැල්ලම් ගැන පරීක්ෂණ පවත්වන දක්ෂ නිලධාරියෙක්. හැබැයි හැමෝටම පේන මේ සාමාන්‍ය ජීවිතයට අමතරව ඩෙක්ස්ටර්ට තව අඳුරු රහස් ජීවිතයක් තියෙනවා. ඒ තමයි එයා රෑට නීතියෙන් බේරිලා යන දරුණු වැරදිකරුවන් සොයාගෙන ඔවුන්ට දඬුවම් කරන රහසිගත ක්‍රියාකාරියෙක් (Vigilante) විදිහට වැඩ කරන එක. එයා මේ දේ කරන්නේ එයාගේ හදාගත්ත තාත්තා කියලා දුන්න දැඩි සීමාවන් සහ නීති මාලාවකට (The Code of Harry) අනුවයි.

මේ අතරේ මියාමි නගරයේ අමුතුම විදිහට අපරාධකරන අලුත් කෙනෙක් මතුවෙනවා. 'Ice Truck Killer' විදිහට හඳුන්වන මේ පුද්ගලයා, තමන්ගේ ඉලක්කයන් ලේ බිඳක්වත් නැතිව සකසා පොදු ස්ථානවල දාලා යනවා. ඒ වගේම එයා ඩෙක්ස්ටර්ට විතරක් තේරෙන රහස් ඉඟි ඉතුරු කරමින් ඩෙක්ස්ටර් එක්ක අමුතුම මානසික සෙල්ලමක් කරන්න පටන් ගන්නවා. මේ රහස්‍ය පුද්ගලයා කවුද? එයා ඩෙක්ස්ටර් ගැන දන්නේ කොහොමද?

Michael C. Hall ගේ සුපිරිම රංගනයෙන් හැඩවුණු, හැම තත්පරේම කුතුහලයෙන් වගේම දරුණු suspense එකකින් බලන්න පුළුවන් මේ පට්ටම කතාව ඔයාගේ Must Watch ලිස්ට් එකට අනිවාර්යයෙන්ම එකතු කරගන්න.

📥 වීඩියෝ පිටපත් සහ උපසිරැසි ලබාගන්නේ මෙහෙමයි:

📄 Direct Subtitle Download: කිසිම කරදරයක් නැතුව සිංහල උපසිරැසි ගොනුව (.zip) කෙලින්ම ඩවුන්ලෝඩ් කරගන්න පුළුවන්.

✈️ Telegram Download: 720p, 1080p Bluray කොපි ටෙලිග්‍රෑම් චැනල් එක හරහා ගන්න පුළුවන්.",8.6,2006,1,5,"Keywords: Dexter Season 1 Episode 5 Sinhala Subtitles, Dexter S01E05_797012 sinhala sub, Dexter Season 1 sinhala subtitle download, Dexter S01E05_797012 sinhala sub pixelpoplk, Dexter sinhala sub pixelpop.lk, pixelpoplk Showtime Dexter, ඩෙක්ස්ටර් සිංහල උපසිරැසි, Dexter full series sinhala subtitles download, Dexter season 1 sinhala sub bluray, pixelpoplk sinhala subtitles, crime drama series sinhala sub, psychological thriller sinhala sub | Description: Dexter Season 1 Episode 5 Sinhala Subtitles. Download Dexter S01E05 Sinhala Sub online from pixelpoplk.",https://t.me/Pixelpopnew_bot?start=DN-TEtg0LSA,1
239,2026-08-22 06:41:53.87792+00,Dexter,https://frdgyadvbdpacwfoqybw.supabase.co/storage/v1/object/public/subtitles/Dexter%20S01e06%20941990/Dexter_S01E06_941990.zip?download,https://image.tmdb.org/t/p/original/rmhoMEHK3ZP2EAXX2VpxuKpW3Bf.jpg,"Crime, Drama, Mystery, Thriller, Psychological","🕵️‍♂️ Dexter Season 1 Episode 6 - සිංහල උපසිරැසි 🎬

Dexter Season 1 delivers a brilliant, darkly comedic psychological crime thriller from Showtime. A brilliant Miami forensics expert leads a double life as a meticulous vigilante serial killer who only hunts down other murderers. When a mysterious new killer begins leaving bloodless clues just for him, a high-stakes psychological game of cat-and-mouse begins.

ඔන්න අරගෙන ආවා Crime, Mystery වගේම Psychological Thriller කතාවලට ආස කරන අය හැමෝම අනිවාර්යයෙන්ම බලන්න ඕනේ, Showtime නාලිකාවෙන් නිකුත් කරපු ලෝක ප්‍රසිද්ධ 'Dexter' කතා මාලාවේ පළමු කතා සමයේ (Season 1) හයවැනි කොටසට (Episode 6) සිංහල උපසිරැසි. IMDb එකේ 8.6/10ක ඉහළම රේටින් එකක් ගත්ත මේ සීරීස් එක, මුල ඉඳන් අගටම කුතුහලය උපරිමයෙන්ම තියාගෙන බලන්න පුළුවන් විශිෂ්ටතම නිර්මාණයක්.

කතාව පැත්තට ගියොත්, ඩෙක්ස්ටර් මෝගන් (Michael C. Hall) කියන්නේ මියාමි පොලිසියේ වැඩ කරන, ලේ පැල්ලම් ගැන පරීක්ෂණ පවත්වන දක්ෂ නිලධාරියෙක්. හැබැයි හැමෝටම පේන මේ සාමාන්‍ය ජීවිතයට අමතරව ඩෙක්ස්ටර්ට තව අඳුරු රහස් ජීවිතයක් تියෙනවා. ඒ තමයි එයා රෑට නීතියෙන් බේරිලා යන දරුණු වැරදිකරුවන් සොයාගෙන ඔවුන්ට දඬුවම් කරන රහසිගත ක්‍රියාකාරියෙක් (Vigilante) විදිහට වැඩ කරන එක. එයා මේ දේ කරන්නේ එයාගේ හදාගත්ත තාත්තා කියලා දුන්න දැඩි සීමාවන් සහ නීති මාලාවකට (The Code of Harry) අනුවයි.

මේ අතරේ මියාමි නගරයේ අමුතුම විදිහට අපරාධකරන අලුත් කෙනෙක් මතුවෙනවා. 'Ice Truck Killer' විදිහට හඳුන්වන මේ පුද්ගලයා, තමන්ගේ ඉලක්කයන් ලේ බිඳක්වත් නැතිව සකසා පොදු ස්ථානවල දාලා යනවා. ඒ වගේම එයා ඩෙක්ස්ටර්ට විතරක් තේරෙන රහස් ඉඟි ඉතුරු කරමින් ඩෙක්ස්ටර් එක්ක අමුතුම මානසික සෙල්ලමක් කරන්න පටන් ගන්නවා. මේ රහස්‍ය පුද්ගලයා කවුද? එයා ඩෙක්ස්ටර් ගැන දන්නේ කොහොමද?

Michael C. Hall ගේ සුපිරිම රංගනයෙන් හැඩවුණු, හැම තත්පරේම කුතුහලයෙන් වගේම දරුණු suspense එකකින් බලන්න පුළුවන් මේ පට්ටම කතාව ඔයාගේ Must Watch ලිස්ට් එකට අනිවාර්යයෙන්ම එකතු කරගන්න.

📥 වීඩියෝ පිටපත් සහ උපසිරැසි ලබාගන්නේ මෙහෙමයි:

📄 Direct Subtitle Download: කිසිම කරදරයක් නැතුව සිංහල උපසිරැසි ගොනුව (.zip) කෙලින්ම ඩවුන්ලෝඩ් කරගන්න පුළුවන්.

✈️ Telegram Download: 720p, 1080p Bluray කොපි ටෙලිග්‍රෑම් චැනල් එක හරහා ගන්න පුළුවන්.",8.6,2006,1,6,"Keywords: Dexter Season 1 Episode 6 Sinhala Subtitles, Dexter S01E06_941990 sinhala sub, Dexter Season 1 sinhala subtitle download, Dexter S01E06_941990 sinhala sub pixelpoplk, Dexter sinhala sub pixelpop.lk, pixelpoplk Showtime Dexter, ඩෙක්ස්ටර් සිංහල උපසිරැසි, Dexter full series subtitles download, Dexter season 1 sinhala sub bluray, pixelpoplk sinhala subtitles, crime drama series sinhala sub, psychological thriller sinhala sub | Description: Dexter Season 1 Episode 6 Sinhala Subtitles. Download Dexter S01E06 Sinhala Sub online from pixelpoplk.",https://t.me/Pixelpopnew_bot?start=bx_1yKlYYGA,2
240,2026-08-22 06:41:53.87792+00,Dexter,https://frdgyadvbdpacwfoqybw.supabase.co/storage/v1/object/public/subtitles/Dexter%20S01e07%20925571/Dexter_S01E07_925571.zip?download,https://image.tmdb.org/t/p/original/rmhoMEHK3ZP2EAXX2VpxuKpW3Bf.jpg,"Crime, Drama, Mystery, Thriller, Psychological","🕵️‍♂️ Dexter Season 1 Episode 7 - සිංහල උපසිරැසි 🎬

Dexter Season 1 delivers a brilliant, darkly comedic psychological crime thriller from Showtime. A brilliant Miami forensics expert leads a double life as a meticulous vigilante serial killer who only hunts down other murderers. When a mysterious new killer begins leaving bloodless clues just for him, a high-stakes psychological game of cat-and-mouse begins.

ඔන්න අරගෙන ආවා Crime, Mystery වගේම Psychological Thriller කතාවලට ආස කරන අය හැමෝම අනිවාර්යයෙන්ම බලන්න ඕනේ, Showtime නාලිකාවෙන් නිකුත් කරපු ලෝක ප්‍රසිද්ධ 'Dexter' කතා මාලාවේ පළමු කතා සමයේ (Season 1) හත්වැනි කොටසට (Episode 7) සිංහල උපසිරැසි. IMDb එකේ 8.6/10ක ඉහළම රේටින් එකක් ගත්ත මේ සීරීස් එක, මුල ඉඳන් අගටම කුතුහලය උපරිමයෙන්ම තියාගෙන බලන්න පුළුවන් විශිෂ්ටතම නිර්මාණයක්.

කතාව පැත්තට ගියොත්, ඩෙක්ස්ටර් මෝගන් (Michael C. Hall) කියන්නේ මියාමි පොලිසියේ වැඩ කරන, ලේ පැල්ලම් ගැන පරීක්ෂණ පවත්වන දක්ෂ නිලධාරියෙක්. හැබැයි හැමෝටම පේන මේ සාමාන්‍ය ජීවිතයට අමතරව ඩෙක්ස්ටර්ට තව අඳුරු රහස් ජීවිතයක් තියෙනවා. ඒ තමයි එයා රෑට නීතියෙන් බේරිලා යන දරුණු වැරදිකරුවන් සොයාගෙන ඔවුන්ට දඬුවම් කරන රහසිගත ක්‍රියාකාරියෙක් (Vigilante) විදිහට වැඩ කරන එක. එයා මේ දේ කරන්නේ එයාගේ හදාගත්ත තාත්තා කියලා දුන්න දැඩි සීමාවන් සහ නීති මාලාවකට (The Code of Harry) අනුවයි.

මේ අතරේ මියාමි නගරයේ අමුතුම විදිහට අපරාධකරන අලුත් කෙනෙක් මතුවෙනවා. 'Ice Truck Killer' විදිහට හඳුන්වන මේ පුද්ගලයා, තමන්ගේ ඉලක්කයන් ලේ බිඳක්වත් නැතිව සකසා පොදු ස්ථානවල දාලා යනවා. ඒ වගේම එයා ඩෙක්ස්ටර්ට විතරක් තේරෙන රහස් ඉඟි ඉතුරු කරමින් ඩෙක්ස්ටර් එක්ක අමුතුම මානසික සෙල්ලමක් කරන්න පටන් ගන්නවා. මේ රහස්‍ය පුද්ගලයා කවුද? එයා ඩෙක්ස්ටර් ගැන දන්නේ කොහොමද?

Michael C. Hall ගේ සුපිරිම රංගනයෙන් හැඩවුණු, හැම තත්පරේම කුතුහලයෙන් වගේම දරුණු suspense එකකින් බලන්න පුළුවන් මේ පට්ටම කතාව ඔයාගේ Must Watch ලිස්ට් එකට අනිවාර්යයෙන්ම එකතු කරගන්න.

📥 වීඩියෝ පිටපත් සහ උපසිරැසි ලබාගන්නේ මෙහෙමයි:

📄 Direct Subtitle Download: කිසිම කරදරයක් නැතුව සිංහල උපසිරැසි ගොනුව (.zip) කෙලින්ම ඩවුන්ලෝඩ් කරගන්න පුළුවන්.

✈️ Telegram Download: 720p, 1080p Bluray කොපි ටෙලිග්‍රෑම් චැනල් එක හරහා ගන්න පුළුවන්.",8.6,2006,1,7,"Keywords: Dexter Season 1 Episode 7 Sinhala Subtitles, Dexter S01E07_925571 sinhala sub, Dexter Season 1 sinhala subtitle download, Dexter S01E07_925571 sinhala sub pixelpoplk, Dexter sinhala sub pixelpop.lk, pixelpoplk Showtime Dexter, ඩෙක්ස්ටර් සිංහල උපසිරැසි, Dexter full series subtitles download, Dexter season 1 sinhala sub bluray, pixelpoplk sinhala subtitles, crime drama series sinhala sub, psychological thriller sinhala sub | Description: Dexter Season 1 Episode 7 Sinhala Subtitles. Download Dexter S01E07 Sinhala Sub online from pixelpoplk.",https://t.me/Pixelpopnew_bot?start=CBTkwMkiF2I,1
241,2026-08-22 06:41:53.87792+00,Dexter,https://frdgyadvbdpacwfoqybw.supabase.co/storage/v1/object/public/subtitles/Dexter%20S01e08%20342473/Dexter_S01E08_342473.zip?download,https://image.tmdb.org/t/p/original/rmhoMEHK3ZP2EAXX2VpxuKpW3Bf.jpg,"Crime, Drama, Mystery, Thriller, Psychological","🕵️‍♂️ Dexter Season 1 Episode 8 - සිංහල උපසිරැසි 🎬

Dexter Season 1 delivers a brilliant, darkly comedic psychological crime thriller from Showtime. A brilliant Miami forensics expert leads a double life as a meticulous vigilante serial killer who only hunts down other murderers. When a mysterious new killer begins leaving bloodless clues just for him, a high-stakes psychological game of cat-and-mouse begins.

ඔන්න අරගෙන ආවා Crime, Mystery වගේම Psychological Thriller කතාවලට ආස කරන අය හැමෝම අනිවාර්යයෙන්ම බලන්න ඕනේ, Showtime නාලිකාවෙන් නිකුත් කරපු ලෝක ප්‍රසිද්ධ 'Dexter' කතා මාලාවේ පළමු කතා සමයේ (Season 1) අටවැනි කොටසට (Episode 8) සිංහල උපසිරැසි. IMDb එකේ 8.6/10ක ඉහළම රේටින් එකක් ගත්ත මේ සීරීස් එක, මුල ඉඳන් අගටම කුතුහලය උපරිමයෙන්ම තියාගෙන බලන්න පුළුවන් විශිෂ්ටතම නිර්මාණයක්.

කතාව පැත්තට ගියොත්, ඩෙක්ස්ටර් මෝගන් (Michael C. Hall) කියන්නේ මියාමි පොලිසියේ වැඩ කරන, ලේ පැල්ලම් ගැන පරීක්ෂණ පවත්වන දක්ෂ නිලධාරියෙක්. හැබැයි හැමෝටම පේන මේ සාමාන්‍ය ජීවිතයට අමතරව ඩෙක්ස්ටර්ට තව අඳුරු රහස් ජීවිතයක් තියෙනවා. ඒ තමයි එයා රෑට නීතියෙන් බේරිලා යන දරුණු වැරදිකරුවන් සොයාගෙන ඔවුන්ට දඬුවම් කරන රහසිගත ක්‍රියාකාරියෙක් (Vigilante) විදිහට වැඩ කරන එක. එයා මේ දේ කරන්නේ එයාගේ හදාගත්ත තාත්තා කියලා දුන්න දැඩි සීමාවන් සහ නීති මාලාවකට (The Code of Harry) අනුවයි.

මේ අතරේ මියාමි නගරයේ අමුතුම විදිහට අපරාධකරන අලුත් කෙනෙක් මතුවෙනවා. 'Ice Truck Killer' විදිහට හඳුන්වන මේ පුද්ගලයා, තමන්ගේ ඉලක්කයන් ලේ බිඳක්වත් නැතිව සකසා පොදු ස්ථානවල දාලා යනවා. ඒ වගේම එයා ඩෙක්ස්ටර්ට විතරක් තේරෙන රහස් ඉඟි ඉතුරු කරමින් ඩෙක්ස්ටර් එක්ක අමුතුම මානසික සෙල්ලමක් කරන්න පටන් ගන්නවා. මේ රහස්‍ය පුද්ගලයා කවුද? එයා ඩෙක්ස්ටර් ගැන දන්නේ කොහොමද?

Michael C. Hall ගේ සුපිරිම රංගනයෙන් හැඩවුණු, හැම තත්පරේම කුතුහලයෙන් වගේම දරුණු suspense එකකින් බලන්න පුළුවන් මේ පට්ටම කතාව ඔයාගේ Must Watch ලිස්ට් එකට අනිවාර්යයෙන්ම එකතු කරගන්න.

📥 වීඩියෝ පිටපත් සහ උපසිරැසි ලබාගන්නේ මෙහෙමයි:

📄 Direct Subtitle Download: කිසිම කරදරයක් නැතුව සිංහල උපසිරැසි ගොනුව (.zip) කෙලින්ම ඩවුන්ලෝඩ් කරගන්න පුළුවන්.

✈️ Telegram Download: 720p, 1080p Bluray කොපි ටෙලිග්‍රෑම් චැනල් එක හරහා ගන්න පුළුවන්.",8.6,2006,1,8,"Keywords: Dexter Season 1 Episode 8 Sinhala Subtitles, Dexter S01E08_342473 sinhala sub, Dexter Season 1 sinhala subtitle download, Dexter S01E08_342473 sinhala sub pixelpoplk, Dexter sinhala sub pixelpop.lk, pixelpoplk Showtime Dexter, ඩෙක්ස්ටර් සිංහල උපසිරැසි, Dexter full series subtitles download, Dexter season 1 sinhala sub bluray, pixelpoplk sinhala subtitles, crime drama series sinhala sub, psychological thriller sinhala sub | Description: Dexter Season 1 Episode 8 Sinhala Subtitles. Download Dexter S01E08 Sinhala Sub online from pixelpoplk.",https://t.me/Pixelpopnew_bot?start=FwcnL49qN5I,1
242,2026-08-22 06:41:53.87792+00,Dexter,https://frdgyadvbdpacwfoqybw.supabase.co/storage/v1/object/public/subtitles/Dexter%20S01e09%20552431/Dexter_S01E09_552431.zip?download,https://image.tmdb.org/t/p/original/rmhoMEHK3ZP2EAXX2VpxuKpW3Bf.jpg,"Crime, Drama, Mystery, Thriller, Psychological","🕵️‍♂️ Dexter Season 1 Episode 9 - සිංහල උපසිරැසි 🎬

Dexter Season 1 delivers a brilliant, darkly comedic psychological crime thriller from Showtime. A brilliant Miami forensics expert leads a double life as a meticulous vigilante serial killer who only hunts down other murderers. When a mysterious new killer begins leaving bloodless clues just for him, a high-stakes psychological game of cat-and-mouse begins.

ඔන්න අරගෙන ආවා Crime, Mystery වගේම Psychological Thriller කතාවලට ආස කරන අය හැමෝම අනිවාර්යයෙන්ම බලන්න ඕනේ, Showtime නාලිකාවෙන් නිකුත් කරපු ලෝක ප්‍රසිද්ධ 'Dexter' කතා මාලාවේ පළමු කතා සමයේ (Season 1) නවවැනි කොටසට (Episode 9) සිංහල උපසිරැසි. IMDb එකේ 8.6/10ක ඉහළම රේටින් එකක් ගත්ත මේ සීරීස් එක, මුල ඉඳන් අගටම කුතුහලය උපරිමයෙන්ම තියාගෙන බලන්න පුළුවන් විශිෂ්ටතම නිර්මාණයක්.

කතාව පැත්තට ගියොත්, ඩෙක්ස්ටර් මෝගන් (Michael C. Hall) කියන්නේ මියාමි පොලිසියේ වැඩ කරන, ලේ පැල්ලම් ගැන පරීක්ෂණ පවත්වන දක්ෂ නිලධාරියෙක්. හැබැයි හැමෝටම පේන මේ සාමාන්‍ය ජීවිතයට අමතරව ඩෙක්ස්ටර්ට තව අඳුරු රහස් ජීවිතයක් තියෙනවා. ඒ තමයි එයා රෑට නීතියෙන් බේරිලා යන දරුණු වැරදිකරුවන් සොයාගෙන ඔවුන්ට දඬුවම් කරන රහසිගත ක්‍රියාකාරියෙක් (Vigilante) විදිහට වැඩ කරන එක. එයා මේ දේ කරන්නේ එයාගේ හදාගත්ත තාත්තා කියලා දුන්න දැඩි සීමාවන් සහ නීති මාලාවකට (The Code of Harry) අනුවයි.

මේ අතරේ මියාමි නගරයේ අමුතුම විදිහට අපරාධකරන අලුත් කෙනෙක් මතුවෙනවා. 'Ice Truck Killer' විදිහට හඳුන්වන මේ පුද්ගලයා, තමන්ගේ ඉලක්කයන් ලේ බිඳක්වත් නැතිව සකසා පොදු ස්ථානවල දාලා යනවා. ඒ වගේම එයා ඩෙක්ස්ටර්ට විතරක් තේරෙන රහස් ඉඟි ඉතුරු කරමින් ඩෙක්ස්ටර් එක්ක අමුතුම මානසික සෙල්ලමක් කරන්න පටන් ගන්නවා. මේ රහස්‍ය පුද්ගලයා කවුද? එයා ඩෙක්ස්ටර් ගැන දන්නේ කොහොමද?

Michael C. Hall ගේ සුපිරිම රංගනයෙන් හැඩවුණු, හැම තත්පරේම කුතුහලයෙන් වගේම දරුණු suspense එකකින් බලන්න පුළුවන් මේ පට්ටම කතාව ඔයාගේ Must Watch ලිස්ට් එකට අනිවාර්යයෙන්ම එකතු කරගන්න.

📥 වීඩියෝ පිටපත් සහ උපසිරැසි ලබාගන්නේ මෙහෙමයි:

📄 Direct Subtitle Download: කිසිම කරදරයක් නැතුව සිංහල උපසිරැසි ගොනුව (.zip) කෙලින්ම ඩවුන්ලෝඩ් කරගන්න පුළුවන්.

✈️ Telegram Download: 720p, 1080p Bluray කොපි ටෙලිග්‍රෑම් චැනල් එක හරහා ගන්න පුළුවන්.",8.6,2006,1,9,"Keywords: Dexter Season 1 Episode 9 Sinhala Subtitles, Dexter S01E09_552431 sinhala sub, Dexter Season 1 sinhala subtitle download, Dexter S01E09_552431 sinhala sub pixelpoplk, Dexter sinhala sub pixelpop.lk, pixelpoplk Showtime Dexter, ඩෙක්ස්ටර් සිංහල උපසිරැසි, Dexter full series subtitles download, Dexter season 1 sinhala sub bluray, pixelpoplk sinhala subtitles, crime drama series sinhala sub, psychological thriller sinhala sub | Description: Dexter Season 1 Episode 9 Sinhala Subtitles. Download Dexter S01E09 Sinhala Sub online from pixelpoplk.",https://t.me/Pixelpopnew_bot?start=GPOyq0NYqOM,1
243,2026-08-22 06:41:53.87792+00,Dexter,https://frdgyadvbdpacwfoqybw.supabase.co/storage/v1/object/public/subtitles/Dexter%20S01e10%20461467/Dexter_S01E10_461467.zip?download,https://image.tmdb.org/t/p/original/rmhoMEHK3ZP2EAXX2VpxuKpW3Bf.jpg,"Crime, Drama, Mystery, Thriller, Psychological","🕵️‍♂️ Dexter Season 1 Episode 10 - සිංහල උපසිරැසි 🎬

Dexter Season 1 delivers a brilliant, darkly comedic psychological crime thriller from Showtime. A brilliant Miami forensics expert leads a double life as a meticulous vigilante serial killer who only hunts down other murderers. When a mysterious new killer begins leaving bloodless clues just for him, a high-stakes psychological game of cat-and-mouse begins.

ඔන්න අරගෙන ආවා Crime, Mystery වගේම Psychological Thriller කතාවලට ආස කරන අය හැමෝම අනිවාර්යයෙන්ම බලන්න ඕනේ, Showtime නාලිකාවෙන් නිකුත් කරපු ලෝක ප්‍රසිද්ධ 'Dexter' කතා මාලාවේ පළමු කතා සමයේ (Season 1) දහවැනි කොටසට (Episode 10) සිංහල උපසිරැසි. IMDb එකේ 8.6/10ක ඉහළම රේටින් එකක් ගත්ත මේ සීරීස් එක, මුල ඉඳන් අගටම කුතුහලය උපරිමයෙන්ම තියාගෙන බලන්න පුළුවන් විශිෂ්ටතම නිර්මාණයක්.

කතාව පැත්තට ගියොත්, ඩෙක්ස්ටර් මෝගන් (Michael C. Hall) කියන්නේ මියාමි පොලිසියේ වැඩ කරන, ලේ පැල්ලම් ගැන පරීක්ෂණ පවත්වන දක්ෂ නිලධාරියෙක්. හැබැයි හැමෝටම පේන මේ සාමාන්‍ය ජීවිතයට අමතරව ඩෙක්ස්ටර්ට තව අඳුරු රහස් ජීවිතයක් තියෙනවා. ඒ තමයි එයා රෑට නීතියෙන් බේරිලා යන දරුණු වැරදිකරුවන් සොයාගෙන ඔවුන්ට දඬුවම් කරන රහසිගත ක්‍රියාකාරියෙක් (Vigilante) විදිහට වැඩ කරන එක. එයා මේ දේ කරන්නේ එයාගේ හදාගත්ත තාත්තා කියලා දුන්න දැඩි සීමාවන් සහ නීති මාලාවකට (The Code of Harry) අනුවයි.

මේ අතරේ මියාමි නගරයේ අමුතුම විදිහට අපරාධකරන අලුත් කෙනෙක් මතුවෙනවා. 'Ice Truck Killer' විදිහට හඳුන්වන මේ පුද්ගලයා, තමන්ගේ ඉලක්කයන් ලේ බිඳක්වත් නැතිව සකසා පොදු ස්ථානවල දාලා යනවා. ඒ වගේම එයා ඩෙක්ස්ටර්ට විතරක් තේරෙන රහස් ඉඟි ඉතුරු කරමින් ඩෙක්ස්ටර් එක්ක අමුතුම මානසික සෙල්ලමක් කරන්න පටන් ගන්නවා. මේ රහස්‍ය පුද්ගලයා කවුද? එයා ඩෙක්ස්ටර් ගැන දන්නේ කොහොමද?

Michael C. Hall ගේ සුපිරිම රංගනයෙන් හැඩවුණු, හැම තත්පරේම කුතුහලයෙන් වගේම දරුණු suspense එකකින් බලන්න පුළුවන් මේ පට්ටම කතාව ඔයාගේ Must Watch ලිස්ට් එකට අනිවාර්යයෙන්ම එකතු කරගන්න.

📥 වීඩියෝ පිටපත් සහ උපසිරැසි ලබාගන්නේ මෙහෙමයි:

📄 Direct Download: කිසිම කරදරයක් නැතුව සිංහල උපසිරැසි ගොනුව (.zip) කෙලින්ම ඩවුන්ලෝඩ් කරගන්න පුළුවන්.

✈️ Telegram Download: 720p, 1080p Bluray කොපි ටෙලිග්‍රෑම් චැනල් එක හරහා ගන්න පුළුවන්.",8.6,2006,1,10,"Keywords: Dexter Season 1 Episode 10 Sinhala Subtitles, Dexter S01E10_461467 sinhala sub, Dexter Season 1 sinhala subtitle download, Dexter S01E10_461467 sinhala sub pixelpoplk, Dexter sinhala sub pixelpop.lk, pixelpoplk Showtime Dexter, ඩෙක්ස්ටර් සිංහල උපසිරැසි, Dexter full series subtitles download, Dexter season 1 sinhala sub bluray, pixelpoplk sinhala subtitles, crime drama series sinhala sub, psychological thriller sinhala sub | Description: Dexter Season 1 Episode 10 Sinhala Subtitles. Download Dexter S01E10 Sinhala Sub online from pixelpoplk.",https://t.me/Pixelpopnew_bot?start=eNXhaCvghW8,1
244,2026-08-22 06:41:53.87792+00,Dexter,https://frdgyadvbdpacwfoqybw.supabase.co/storage/v1/object/public/subtitles/Dexter%20S01e11%20683849/Dexter_S01E11_683849.zip?download,https://image.tmdb.org/t/p/original/rmhoMEHK3ZP2EAXX2VpxuKpW3Bf.jpg,"Crime, Drama, Mystery, Thriller, Psychological","🕵️‍♂️ Dexter Season 1 Episode 11 - සිංහල උපසිරැසි 🎬

Dexter Season 1 delivers a brilliant, darkly comedic psychological crime thriller from Showtime. A brilliant Miami forensics expert leads a double life as a meticulous vigilante serial killer who only hunts down other murderers. When a mysterious new killer begins leaving bloodless clues just for him, a high-stakes psychological game of cat-and-mouse begins.

ඔන්න අරගෙන ආවා Crime, Mystery වගේම Psychological Thriller කතාවලට ආස කරන අය හැමෝම අනිවාර්යයෙන්ම බලන්න ඕනේ, Showtime නාලිකාවෙන් නිකුත් කරපු ලෝක ප්‍රසිද්ධ 'Dexter' කතා මාලාවේ පළමු කතා සමයේ (Season 1) එකොළොස්වැනි කොටසට (Episode 11) සිංහල උපසිරැසි. IMDb එකේ 8.6/10ක ඉහළම රේටින් එකක් ගත්ත මේ සීරීස් එක, මුල ඉඳන් අගටම කුතුහලය උපරිමයෙන්ම තියාගෙන බලන්න පුළුවන් විශිෂ්ටතම නිර්මාණයක්.

කතාව පැත්තට ගියොත්, ඩෙක්ස්ටර් මෝගන් (Michael C. Hall) කියන්නේ මියාමි පොලිසියේ වැඩ කරන, ලේ පැල්ලම් ගැන පරීක්ෂණ පවත්වන දක්ෂ නිලධාරියෙක්. හැබැයි හැමෝටම පේන මේ සාමාන්‍ය ජීවිතයට අමතරව ඩෙක්ස්ටර්ට තව අඳුරු රහස් ජීවිතයක් තියෙනවා. ඒ තමයි එයා රෑට නීතියෙන් බේරිලා යන දරුණු වැරදිකරුවන් සොයාගෙන ඔවුන්ට දඬුවම් කරන රහසිගත ක්‍රියාකාරියෙක් (Vigilante) විදිහට වැඩ කරන එක. එයා මේ දේ කරන්නේ එයාගේ හදාගත්ත තාත්තා කියලා දුන්න දැඩි සීමාවන් සහ නීති මාලාවකට (The Code of Harry) අනුවයි.

මේ අතරේ මියාමි නගරයේ අමුතුම විදිහට අපරාධකරන අලුත් කෙනෙක් මතුවෙනවා. 'Ice Truck Killer' විදිහට හඳුන්වන මේ පුද්ගලයා, තමන්ගේ ඉලක්කයන් ලේ බිඳක්වත් නැතිව සකසා පොදු ස්ථානවල දාලා යනවා. ඒ වගේම එයා ඩෙක්ස්ටර්ට විතරක් තේරෙන රහස් ඉඟි ඉතුරු කරමින් ඩෙක්ස්ටර් එක්ක අමුතුම මානසික සෙල්ලමක් කරන්න පටන් ගන්නවා. මේ රහස්‍ය පුද්ගලයා කවුද? එයා ඩෙක්ස්ටර් ගැන දන්නේ කොහොමද?

Michael C. Hall ගේ සුපිරිම රංගනයෙන් හැඩවුණු, හැම තත්පරේම කුතුහලයෙන් වගේම දරුණු suspense එකකින් බලන්න පුළුවන් මේ පට්ටම කතාව ඔයාගේ Must Watch ලිස්ට් එකට අනිවාර්යයෙන්ම එකතු කරගන්න.

📥 වීඩියෝ පිටපත් සහ උපසිරැසි ලබාගන්නේ මෙහෙමයි:

📄 Direct Subtitle Download: කිසිම කරදරයක් නැතුව සිංහල උපසිරැසි ගොනුව (.zip) කෙලින්ම ඩවුන්ලෝඩ් කරගන්න පුළුවන්.

✈️ Telegram Download: 720p, 1080p Bluray කොපි ටෙලිග්‍රෑම් චැනල් එක හරහා ගන්න පුළුවන්.",8.6,2006,1,11,"Keywords: Dexter Season 1 Episode 11 Sinhala Subtitles, Dexter S01E11_683849 sinhala sub, Dexter Season 1 sinhala subtitle download, Dexter S01E11_683849 sinhala sub pixelpoplk, Dexter sinhala sub pixelpop.lk, pixelpoplk Showtime Dexter, ඩෙක්ස්ටර් සිංහල උපසිරැසි, Dexter full series subtitles download, Dexter season 1 sinhala sub bluray, pixelpoplk sinhala subtitles, crime drama series sinhala sub, psychological thriller sinhala sub | Description: Dexter Season 1 Episode 11 Sinhala Subtitles. Download Dexter S01E11 Sinhala Sub online from pixelpoplk.",https://t.me/Pixelpopnew_bot?start=RXXfERm1HBM,1
245,2026-08-22 06:41:53.87792+00,Dexter,https://frdgyadvbdpacwfoqybw.supabase.co/storage/v1/object/public/subtitles/Dexter%20S01e12%20784715/Dexter_S01E12_784715.zip?download,https://image.tmdb.org/t/p/original/rmhoMEHK3ZP2EAXX2VpxuKpW3Bf.jpg,"Crime, Drama, Mystery, Thriller, Psychological","🕵️‍♂️ Dexter Season 1 Episode 12 - සිංහල උපසිරැසි 🎬

Dexter Season 1 delivers a brilliant, darkly comedic psychological crime thriller from Showtime. A brilliant Miami forensics expert leads a double life as a meticulous vigilante serial killer who only hunts down other murderers. When a mysterious new killer begins leaving bloodless clues just for him, a high-stakes psychological game of cat-and-mouse begins.

ඔන්න අරගෙන ආවා Crime, Mystery වගේම Psychological Thriller කතාවලට ආස කරන අය හැමෝම අනිවාර්යයෙන්ම බලන්න ඕනේ, Showtime නාලිකාවෙන් නිකුත් කරපු ලෝක ප්‍රසිද්ධ 'Dexter' කතා මාලාවේ පළමු කතා සමයේ (Season 1) දොළොස්වැනි කොටසට (Episode 12) සිංහල උපසිරැසි. IMDb එකේ 8.6/10ක ඉහළම රේටින් එකක් ගත්ත මේ සීරීස් එක, මුල ඉඳන් අගටම කුතුහලය උපරිමයෙන්ම තියාගෙන බලන්න පුළුවන් විශිෂ්ටතම නිර්මාණයක්.

කතාව පැත්තට ගියොත්, ඩෙක්ස්ටර් මෝගන් (Michael C. Hall) කියන්නේ මියාමි පොලිසියේ වැඩ කරන, ලේ පැල්ලම් ගැන පරීක්ෂණ පවත්වන දක්ෂ නිලධාරියෙක්. හැබැයි හැමෝටම පේන මේ සාමාන්‍ය ජීවිතයට අමතරව ඩෙක්ස්ටර්ට තව අඳුරු රහස් ජීවිතයක් තියෙනවා. ඒ තමයි එයා රෑට නීතියෙන් බේරිලා යන දරුණු වැරදිකරුවන් සොයාගෙන ඔවුන්ට දඬුවම් කරන රහසිගත ක්‍රියාකාරියෙක් (Vigilante) විදිහට වැඩ කරන එක. එයා මේ දේ කරන්නේ එයාගේ හදාගත්ත තාත්තා කියලා දුන්න දැඩි සීමාවන් සහ නීති මාලාවකට (The Code of Harry) අනුවයි.

මේ අතරේ මියාමි නගරයේ අමුතුම විදිහට අපරාධකරන අලුත් කෙනෙක් මතුවෙනවා. 'Ice Truck Killer' විදිහට හඳුන්වන මේ පුද්ගලයා, තමන්ගේ ඉලක්කයන් ලේ බිඳක්වත් නැතිව සකසා පොදු ස්ථානවල දාලා යනවා. ඒ වගේම එයා ඩෙක්ස්ටර්ට විතරක් තේරෙන රහස් ඉඟි ඉතුරු කරමින් ඩෙක්ස්ටර් එක්ක අමුතුම මානසික සෙල්ලමක් කරන්න පටන් ගන්නවා. මේ රහස්‍ය පුද්ගලයා කවුද? එයා ඩෙක්ස්ටර් ගැන දන්නේ කොහොමද?

Michael C. Hall ගේ සුපිරිම රංගනයෙන් හැඩවුණු, හැම තත්පරේම කුතුහලයෙන් වගේම දරුණු suspense එකකින් බලන්න පුළුවන් මේ පට්ටම කතාව ඔයාගේ Must Watch ලිස්ට් එකට අනිවාර්යයෙන්ම එකතු කරගන්න.

📥 වීඩියෝ පිටපත් සහ උපසිරැසි ලබාගන්නේ මෙහෙමයි:

📄 Direct Subtitle Download: කිසිම කරදරයක් නැතුව සිංහල උපසිරැසි ගොනුව (.zip) කෙලින්ම ඩවුන්ලෝඩ් කරගන්න පුළුවන්.

✈️ Telegram Download: 720p, 1080p Bluray කොපි ටෙලිග්‍රෑම් චැනල් එක හරහා ගන්න පුළුවන්.",8.6,2006,1,12,"Keywords: Dexter Season 1 Episode 12 Sinhala Subtitles, Dexter S01E12_784715 sinhala sub, Dexter Season 1 sinhala subtitle download, Dexter S01E12_784715 sinhala sub pixelpoplk, Dexter sinhala sub pixelpop.lk, pixelpoplk Showtime Dexter, ඩෙක්ස්ටර් සිංහල උපසිරැසි, Dexter full series subtitles download, Dexter season 1 sinhala sub bluray, pixelpoplk sinhala subtitles, crime drama series sinhala sub, psychological thriller sinhala sub | Description: Dexter Season 1 Episode 12 Sinhala Subtitles. Download Dexter S01E12 Sinhala Sub online from pixelpoplk.",https://t.me/Pixelpopnew_bot?start=a425QnzqPGY,1
246,2026-08-23 09:40:14.081704+00,Reacher,https://frdgyadvbdpacwfoqybw.supabase.co/storage/v1/object/public/subtitles/Reacher%202026%20S04e04%20807045/Reacher_2026_S04E04_807045.zip?download,https://image.tmdb.org/t/p/original/wkKJHC34dIw9cJwAfNEEgDdb2ol.jpg,"Action, Crime, Thriller, Detective, Drama","🕵️‍♂️ Reacher Season 04 Episode 04 - සිංහල උපසිරැසි 🎬

Reacher Season 04 Episode 04 continues the thrilling adventure of television's ultimate wanderer. Jack Reacher dives deeper into a web of conspiracy, lies, and high-stakes action.

ඔන්න යාළුවනේ, ඇමසන් ප්‍රයිම් (Prime Video) හරහා විකාශනය වන Reacher කතා මාලාවේ 4 වැනි කතා සමයේ (Season 4) හතර වැනි කොටසට (Episode 04) සිංහල උපසිරැසි අරගෙන ආවා. Alan Ritchson ගේ සුපිරි රංගනය සහ සුපිරි ක්‍රියාදාම දර්ශන රැසක් සමඟින් දිගහැරෙන මෙම කොටස කිසිසේත්ම මඟහැරගන්න එපා.

📥 වීඩියෝ පිටපත් සහ උපසිරැසි ලබාගන්නා ආකාරය:

📄 Direct Subtitle Download: කිසිදු බාධාවකින් තොරව සිංහල උපසිරැසි ගොනුව (SRT) සෘජුවම බාගත කරගත හැක.

✈️ Telegram Download: 720p, 1080p උසස් තත්ත්වයේ WEB-DL වීඩියෝ පිටපත් ටෙලිග්‍රෑම් චැනලය හරහා ලබාගත හැක.",8.1,2026,4,4,"Reacher Season 4 Episode 04 Sinhala Subtitles, Reacher S04E04 sinhala sub, Reacher S4 Ep4 sinhala subtitle download, Reacher S04E04 sinhala sub pixelpoplk, Reacher S4E3 sinhala sub pixelpop.lk, pixelpoplk Prime Video Reacher, රීචර් සිංහල උපසිරැසි, Reacher Season 4 sinhala subtitles download, Reacher S04E04 web-dl sinhala sub, pixelpoplk sinhala subtitles, action thriller series sinhala sub""> <meta name=""description"" content=""Reacher Season 4 Episode 2 Sinhala Subtitles. Download Reacher S04E02 Sinhala Sub online from pixelpoplk."">",https://t.me/Pixelpopnew_bot?start=PGJKPLcjNOY,15
247,2026-08-25 05:40:25.195915+00,The Sopranos,https://frdgyadvbdpacwfoqybw.supabase.co/storage/v1/object/public/subtitles/The%20Sopranos%20S05e01%20405737/The_Sopranos_S05E01_405737.zip?download,https://image.tmdb.org/t/p/original/p651eYM0Vd0CWDvndbMyaS0lDeD.jpg,"Crime, Drama, Thriller","🕵️‍♂️ The Sopranos Season 5 Episode 1 - සිංහල උපසිරැසි 🎬

The Sopranos Season 5 returns with the aftermath of three legendary seasons of intense mob wars, complex therapy sessions, and brutal betrayals. As his marriage with Carmela faces its toughest trial, Christopher struggles with his demons, and the FBI closes in, Tony Soprano must fight to keep both his family and his criminal empire from falling apart. 

ඔන්න යාළුවනේ, හැමදාමත් ලෝකයේ හොඳම ටීවී සීරීස් එකක් විදිහට කතා වෙන, HBO එකෙන් නිකුත් කරපු 'The Sopranos' කතා මාලාවේ 5 වැනි කතා සමයට (Season 5) සිංහල උපසිරැසි අරගෙන ආවා. මේ අලුත්ම සීසන් එක බලන්න කලින්, කලින් කතා සමයන්වල සිද්ධ වුණු දේවල් කෙටියෙන් මතක් කරගන්න එක ඔයාලට ගොඩක් වටිනවා.

කලින් කතා සමයන්වලදී අපි දැක්කා නිව් ජර්සිවල මාෆියා ලොක්කෙක් වෙන ටෝනි සෝප්‍රානෝ තමන්ගේ පවුලයි, ව්‍යාපාරයයි දෙකම බේරගන්න දාපු සෙල්ලම්. හැබැයි 4 වැනි කතා සමය (Season 4) අවසානයේදී සිද්ධ වුණු දරුණු පවුල් ආරවුල නිසා ටෝනි සහ කාමලෙලා දෙන්නා වෙන් වුණා.

මෙන්න මේ විදිහට ටෝනි සහ කාමලෙලා වෙන් වෙලා ඉන්න පසුබිමක තමයි මේ 5 වැනි කතා සමය (Season 5) ආරම්භ වෙන්නේ. මේ සීසන් එකේදී ටෝනිට තනිකඩව ජීවත් වෙන්න සිද්ධ වෙන අතරේ එයාට මුහුණ දෙන්න වෙන ප්‍රශ්න තවත් දරුණු වෙනවා. විශේෂයෙන්ම වසර ගණනාවකට පස්සේ හිරෙන් නිදහස් වෙලා එන පරණ මාෆියා සාමාජිකයින් පිරිසක් (Class of 2004) නිසා නිව් ජර්සිවල ලොකු කැළඹීමක් ඇතිවෙනවා. ඒ අතරේ ටෝනිගේ ළඟම නෑදෑයෙක් වෙන ටෝනි බ්ලැන්ඩෙටෝත් (Steve Buscemi) හිරෙන් නිදහස් වෙලා එනවා. එයාට ඕනේ වෙන්නේ මාෆියාවෙන් ඈත් වෙලා සාමාන්‍ය රස්සාවක් කරන්න වුණත්, ඒක හිතන තරම් ලෙහෙසි වෙන්නේ නැහැ.

මේ හැමදේම අස්සේ නිව්යෝර්ක්වල ප්‍රධාන මාෆියා නායකයා මැරුණට පස්සේ එහේ බලය අල්ලගන්න ලොකු යුද්ධයක් ආරම්භ වෙනවා. මේ නිව්යෝර්ක්වල ඇතිවෙන ගැටුම මැද්දට ටෝනිගේ නිව් ජර්සි කල්ලියත් අහුවෙනවා. ඒ වගේම එෆ්.බී.අයි එකෙන් ඇඩ්‍රියානාට (Adriana) එල්ල කරන බලපෑම තවත් දරුණු වෙනවා.

ටෝනි මේ හැම ප්‍රශ්නයක්ම බේරගෙන තමන්ගේ බලය රැකගන්නේ කොහොමද කියලා බලාගන්න මේ සුපිරිම සීසන් එක අනිවාර්යයෙන්ම බලන්න.

📥 වීඩියෝ පිටපත් සහ උපසිරැසි ලබාගන්නේ මෙහෙමයි:

📄 Direct Download: කිසිම කරදරයක් නැතුව සිංහල උපසිරැසි ගොනුව (zip) කෙලින්ම ඩවුන්ලෝඩ් කරගන්න පුළුවන්.

✈️ Telegram Download: 720p, 1080p bluray කොපි ටෙලිග්‍රෑම් චැනල් එක හරහා ගන්න පුළුවන්.",9.2,2004,5,1,"Keywords: The Sopranos Season 5 Episode 1 Sinhala Subtitles, The Sopranos S05E01 sinhala sub, The Sopranos Season 5 sinhala subtitle download, The Sopranos S05E01 sinhala sub pixelpoplk, The Sopranos sinhala sub pixelpop.lk, pixelpoplk HBO Sopranos, ද සෝප්‍රානෝස් සිංහල උපසිරැසි, The Sopranos full series sinhala subtitles download, The Sopranos season 5 sinhala sub web-dl, pixelpoplk sinhala subtitles, crime drama series sinhala sub, HBO crime series sinhala | Description: The Sopranos Season 5 Episode 1 Sinhala Subtitles. Download The Sopranos S05E01 Sinhala Sub online from pixelpoplk.",https://t.me/Pixelpopnew_bot?start=Ft4vQPwZucc,5
248,2026-08-25 05:40:25.195915+00,The Sopranos,https://frdgyadvbdpacwfoqybw.supabase.co/storage/v1/object/public/subtitles/The%20Sopranos%20S05e02%20874554/The_Sopranos_S05E02_874554.zip?download,https://image.tmdb.org/t/p/original/p651eYM0Vd0CWDvndbMyaS0lDeD.jpg,"Crime, Drama, Thriller","🕵️‍♂️ The Sopranos Season 5 Episode 2 - සිංහල උපසිරැසි 🎬

The Sopranos Season 5 Episode 2 continues the outstanding narrative as Tony Soprano faces fresh challenges inside his crew. Trust is tested as the organization undergoes critical shifts. Download high-quality 720p, 1080p WEB-DL video files directly on pixelpoplk.

ඔන්න යාළුවනේ, 'The Sopranos' කතා මාලාවේ 5 වැනි කතා සමයේ (Season 5) දෙවැනි කොටසට (Episode 2) සිංහල උපසිරැසි අරගෙන ආවා.

📥 වීඩියෝ පිටපත් සහ උපසිරැසි ලබාගන්නේ මෙහෙමයි:

📄 Direct Download: කිසිම කරදරයක් නැතුව සිංහල උපසිරැසි ගොනුව (zip) කෙලින්ම ඩවුන්ලෝඩ් කරගන්න පුළුවන්.

✈️ Telegram Download: 720p, 1080p bluray කොපි ටෙලිග්‍රෑම් චැනල් එක හරහා ගන්න පුළුවන්.",9.2,2004,5,2,"Keywords: The Sopranos Season 5 Episode 2 Sinhala Subtitles, The Sopranos S05E02 sinhala sub, The Sopranos Season 5 sinhala subtitle download, The Sopranos S05E02 sinhala sub pixelpoplk, The Sopranos sinhala sub pixelpop.lk, pixelpoplk HBO Sopranos, ද සෝප්‍රානෝස් සිංහල උපසිරැසි, The Sopranos full series sinhala subtitles download, The Sopranos season 5 sinhala sub web-dl, pixelpoplk sinhala subtitles, crime drama series sinhala sub, HBO crime series sinhala | Description: The Sopranos Season 5 Episode 2 Sinhala Subtitles. Download The Sopranos S05E02 Sinhala Sub online from pixelpoplk.",https://t.me/Pixelpopnew_bot?start=JUtqGZASV24,4
249,2026-08-25 05:40:25.195915+00,The Sopranos,https://frdgyadvbdpacwfoqybw.supabase.co/storage/v1/object/public/subtitles/The%20Sopranos%20S05e03%20789241/The_Sopranos_S05E03_789241.zip?download,https://image.tmdb.org/t/p/original/p651eYM0Vd0CWDvndbMyaS0lDeD.jpg,"Crime, Drama, Thriller","🕵️‍♂️ The Sopranos Season 5 Episode 3 - සිංහල උපසිරැසි 🎬

The Sopranos Season 5 Episode 3 reveals escalating complications. Personal networks intersect with corporate pressure, demanding strategic foresight. Download high-quality 720p, 1080p WEB-DL video files directly on pixelpoplk.

ඔන්න යාළුවනේ, 'The Sopranos' කතා මාලාවේ 5 වැනි කතා සමයේ (Season 5) තුන්වැනි කොටසට (Episode 3) සිංහල උපසිරැසි අරගෙන ආවා.

📥 වීඩියෝ පිටපත් සහ උපසිරැසි ලබාගන්නේ මෙහෙමයි:

📄 Direct Download: කිසිම කරදරයක් නැතුව සිංහල උපසිරැසි ගොනුව (zip) කෙලින්ම ඩවුන්ලෝඩ් කරගන්න පුළුවන්.

✈️ Telegram Download: 720p, 1080p bluray කොපි ටෙලිග්‍රෑම් චැනල් එක හරහා ගන්න පුළුවන්.",9.2,2004,5,3,"Keywords: The Sopranos Season 5 Episode 3 Sinhala Subtitles, The Sopranos S05E03 sinhala sub, The Sopranos Season 5 sinhala subtitle download, The Sopranos S05E03 sinhala sub pixelpoplk, The Sopranos sinhala sub pixelpop.lk, pixelpoplk HBO Sopranos, ද සෝප්‍රානෝස් සිංහල උපසිරැසි, The Sopranos full series sinhala subtitles download, The Sopranos season 5 sinhala sub web-dl, pixelpoplk sinhala subtitles, crime drama series sinhala sub, HBO crime series sinhala | Description: The Sopranos Season 5 Episode 3 Sinhala Subtitles. Download The Sopranos S05E03 Sinhala Sub online from pixelpoplk.",https://t.me/Pixelpopnew_bot?start=nONIlTbnyOU,4
250,2026-08-25 05:40:25.195915+00,The Sopranos,https://frdgyadvbdpacwfoqybw.supabase.co/storage/v1/object/public/subtitles/The%20Sopranos%20S05e04%20348465/The_Sopranos_S05E04_348465.zip?download,https://image.tmdb.org/t/p/original/p651eYM0Vd0CWDvndbMyaS0lDeD.jpg,"Crime, Drama, Thriller","🕵️‍♂️ The Sopranos Season 5 Episode 4 - සිංහල උපසිරැසි 🎬

The Sopranos Season 5 Episode 4 delivers outstanding tension as old arrangements are reassessed. Tony remains vigilant amidst rising external scrutiny. Download high-quality 720p, 1080p WEB-DL video files directly on pixelpoplk.

ඔන්න යාළුවනේ, 'The Sopranos' කතා මාලාවේ 5 වැනි කතා සමයේ (Season 5) හතරවැනි කොටසට (Episode 4) සිංහල උපසිරැසි අරගෙන ආවා.

📥 වීඩියෝ පිටපත් සහ උපසිරැසි ලබාගන්නේ මෙහෙමයි:

📄 Direct Download: කිසිම කරදරයක් නැතුව සිංහල උපසිරැසි ගොනුව (zip) කෙලින්ම ඩවුන්ලෝඩ් කරගන්න පුළුවන්.

✈️ Telegram Download: 720p, 1080p bluray කොපි ටෙලිග්‍රෑම් චැනල් එක හරහා ගන්න පුළුවන්.",9.2,2004,5,4,"Keywords: The Sopranos Season 5 Episode 4 Sinhala Subtitles, The Sopranos S05E04 sinhala sub, The Sopranos Season 5 sinhala subtitle download, The Sopranos S05E04 sinhala sub pixelpoplk, The Sopranos sinhala sub pixelpop.lk, pixelpoplk HBO Sopranos, ද සෝප්‍රානෝස් සිංහල උපසිරැසි, The Sopranos full series sinhala subtitles download, The Sopranos season 5 sinhala sub web-dl, pixelpoplk sinhala subtitles, crime drama series sinhala sub, HBO crime series sinhala | Description: The Sopranos Season 5 Episode 4 Sinhala Subtitles. Download The Sopranos S05E04 Sinhala Sub online from pixelpoplk.",https://t.me/Pixelpopnew_bot?start=CNllJC8waOg,4
251,2026-08-25 05:40:25.195915+00,The Sopranos,https://frdgyadvbdpacwfoqybw.supabase.co/storage/v1/object/public/subtitles/The%20Sopranos%20S05e05%20336106/The_Sopranos_S05E05_336106.zip?download,https://image.tmdb.org/t/p/original/p651eYM0Vd0CWDvndbMyaS0lDeD.jpg,"Crime, Drama, Thriller","🕵️‍♂️ The Sopranos Season 5 Episode 5 - සිංහල උපසිරැසි 🎬

The Sopranos Season 5 Episode 5 features captivating conflicts. Financial matters raise new arguments, pushing the boundaries of authority. Download high-quality 720p, 1080p WEB-DL video files directly on pixelpoplk.

ඔන්න යාළුවනේ, 'The Sopranos' කතා මාලාවේ 5 වැනි කතා සමයේ (Season 5) පස්වැනි කොටසට (Episode 5) සිංහල උපසිරැසි අරගෙන ආවා.

📥 වීඩියෝ පිටපත් සහ උපසිරැසි ලබාගන්නේ මෙහෙමයි:

📄 Direct Download: කිසිම කරදරයක් නැතුව සිංහල උපසිරැසි ගොනුව (zip) කෙලින්ම ඩවුන්ලෝඩ් කරගන්න පුළුවන්.

✈️ Telegram Download: 720p, 1080p bluray කොපි ටෙලිග්‍රෑම් චැනල් එක හරහා ගන්න පුළුවන්.",9.2,2004,5,5,"Keywords: The Sopranos Season 5 Episode 5 Sinhala Subtitles, The Sopranos S05E05 sinhala sub, The Sopranos Season 5 sinhala subtitle download, The Sopranos S05E05 sinhala sub pixelpoplk, The Sopranos sinhala sub pixelpop..lk, pixelpoplk HBO Sopranos, ද සෝප්‍රානෝස් සිංහල උපසිරැසි, The Sopranos full series sinhala subtitles download, The Sopranos season 5 sinhala sub web-dl, pixelpoplk sinhala subtitles, crime drama series sinhala sub, HBO crime series sinhala | Description: The Sopranos Season 5 Episode 5 Sinhala Subtitles. Download The Sopranos S05E05 Sinhala Sub online from pixelpoplk.",https://t.me/Pixelpopnew_bot?start=L-AXtuJaXns,5
252,2026-08-25 05:40:25.195915+00,The Sopranos,https://frdgyadvbdpacwfoqybw.supabase.co/storage/v1/object/public/subtitles/The%20Sopranos%20S05e06%20199330/The_Sopranos_S05E06_199330.zip?download,https://image.tmdb.org/t/p/original/p651eYM0Vd0CWDvndbMyaS0lDeD.jpg,"Crime, Drama, Thriller","🕵️‍♂️ The Sopranos Season 5 Episode 6 - සිංහල උපසිරැසි 🎬

The Sopranos Season 5 Episode 6 dives deeper into internal disputes. Tony must take decisive steps to manage his operations efficiently. Download high-quality 720p, 1080p WEB-DL video files directly on pixelpoplk.

ඔන්න යාළුවනේ, 'The Sopranos' කතා මාලාවේ 5 වැනි කතා සමයේ (Season 5) හයවැනි කොටසට (Episode 6) සිංහල උපසිරැසි අරගෙන ආවා.

📥 වීඩියෝ පිටපත් සහ උපසිරැසි ලබාගන්නේ මෙහෙමයි:

📄 Direct Download: කිසිම කරදරයක් නැතුව සිංහල උපසිරැසි ගොනුව (zip) කෙලින්ම ඩවුන්ලෝඩ් කරගන්න පුළුවන්.

✈️ Telegram Download: 720p, 1080p bluray කොපි ටෙලිග්‍රෑම් චැනල් එක හරහා ගන්න පුළුවන්.",9.2,2004,5,6,"Keywords: The Sopranos Season 5 Episode 6 Sinhala Subtitles, The Sopranos S05E06 sinhala sub, The Sopranos Season 5 sinhala subtitle download, The Sopranos S05E06 sinhala sub pixelpoplk, The Sopranos sinhala sub pixelpop.lk, pixelpoplk HBO Sopranos, ද සෝප්‍රානෝස් සිංහල උපසිරැසි, The Sopranos full series sinhala subtitles download, The Sopranos season 5 sinhala sub web-dl, pixelpoplk sinhala subtitles, crime drama series sinhala sub, HBO crime series sinhala | Description: The Sopranos Season 5 Episode 6 Sinhala Subtitles. Download The Sopranos S05E06 Sinhala Sub online from pixelpoplk.",https://t.me/Pixelpopnew_bot?start=DND726QQvDw,4
253,2026-08-25 05:40:25.195915+00,The Sopranos,https://frdgyadvbdpacwfoqybw.supabase.co/storage/v1/object/public/subtitles/The%20Sopranos%20S05e07%20962356/The_Sopranos_S05E07_962356.zip?download,https://image.tmdb.org/t/p/original/p651eYM0Vd0CWDvndbMyaS0lDeD.jpg,"Crime, Drama, Thriller","🕵️‍♂️ The Sopranos Season 5 Episode 7 - සිංහල උපසිරැසි 🎬

The Sopranos Season 5 Episode 7 highlights the fragile state of old alliances. Loyalty becomes highly volatile as personal relations face trial. Download high-quality 720p, 1080p WEB-DL video files directly on pixelpoplk.

ඔන්න යාළුවනේ, 'The Sopranos' කතා මාලාවේ 5 වැනි කතා සමයේ (Season 5) හත්වැනි කොටසට (Episode 7) සිංහල උපසිරැසි අරගෙන ආවා.

📥 වීඩියෝ පිටපත් සහ උපසිරැසි ලබාගන්නේ මෙහෙමයි:

📄 Direct Download: කිසිම කරදරයක් නැතුව සිංහල උපසිරැසි ගොනුව (zip) කෙලින්ම ඩවුන්ලෝඩ් කරගන්න පුළුවන්.

✈️ Telegram Download: 720p, 1080p bluray කොපි ටෙලිග්‍රෑම් චැනල් එක හරහා ගන්න පුළුවන්.",9.2,2004,5,7,"Keywords: The Sopranos Season 5 Episode 7 Sinhala Subtitles, The Sopranos S05E07 sinhala sub, The Sopranos Season 5 sinhala subtitle download, The Sopranos S05E07 sinhala sub pixelpoplk, The Sopranos sinhala sub pixelpop.lk, pixelpoplk HBO Sopranos, ද සෝප්‍රානෝස් සිංහල උපසිරැසි, The Sopranos full series sinhala subtitles download, The Sopranos season 5 sinhala sub web-dl, pixelpoplk sinhala subtitles, crime drama series sinhala sub, HBO crime series sinhala | Description: The Sopranos Season 5 Episode 7 Sinhala Subtitles. Download The Sopranos S05E07 Sinhala Sub online from pixelpoplk.",https://t.me/Pixelpopnew_bot?start=0Jwc51KJ1yI,7
254,2026-08-25 05:40:25.195915+00,The Sopranos,https://frdgyadvbdpacwfoqybw.supabase.co/storage/v1/object/public/subtitles/The%20Sopranos%20S05e08%20217927/The_Sopranos_S05E08_217927.zip?download,https://image.tmdb.org/t/p/original/p651eYM0Vd0CWDvndbMyaS0lDeD.jpg,"Crime, Drama, Thriller","🕵️‍♂️ The Sopranos Season 5 Episode 8 - සිංහල උපසිරැසි 🎬

The Sopranos Season 5 Episode 8 shows strategic re-alignments. As the federal presence closes in, the syndicate tries to keep its secrets secure. Download high-quality 720p, 1080p WEB-DL video files directly on pixelpoplk.

ඔන්න යාළුවනේ, 'The Sopranos' කතා මාලාවේ 5 වැනි කතා සමයේ (Season 5) අටවැනි කොටසට (Episode 8) සිංහල උපසිරැසි අරගෙන ආවා.

📥 වීඩියෝ පිටපත් සහ උපසිරැසි ලබාගන්නේ මෙහෙමයි:

📄 Direct Download: කිසිම කරදරයක් නැතුව සිංහල උපසිරැසි ගොනුව (zip) කෙලින්ම ඩවුන්ලෝඩ් කරගන්න පුළුවන්.

✈️ Telegram Download: 720p, 1080p bluray කොපි ටෙලිග්‍රෑම් චැනල් එක හරහා ගන්න පුළුවන්.",9.2,2004,5,8,"Keywords: The Sopranos Season 5 Episode 8 Sinhala Subtitles, The Sopranos S05E08 sinhala sub, The Sopranos Season 5 sinhala subtitle download, The Sopranos S05E08 sinhala sub pixelpoplk, The Sopranos sinhala sub pixelpop.lk, pixelpoplk HBO Sopranos, ද සෝප්‍රානෝස් සිංහල උපසිරැසි, The Sopranos full series sinhala subtitles download, The Sopranos season 5 sinhala sub web-dl, pixelpoplk sinhala subtitles, crime drama series sinhala sub, HBO crime series sinhala | Description: The Sopranos Season 5 Episode 8 Sinhala Subtitles. Download The Sopranos S05E08 Sinhala Sub online from pixelpoplk.",https://t.me/Pixelpopnew_bot?start=vUBasPjR9RI,4
255,2026-08-25 05:40:25.195915+00,The Sopranos,https://frdgyadvbdpacwfoqybw.supabase.co/storage/v1/object/public/subtitles/The%20Sopranos%20S05e09%20460090/The_Sopranos_S05E09_460090.zip?download,https://image.tmdb.org/t/p/original/p651eYM0Vd0CWDvndbMyaS0lDeD.jpg,"Crime, Drama, Thriller","🕵️‍♂️ The Sopranos Season 5 Episode 9 - සිංහල උපසිරැසි 🎬

The Sopranos Season 5 Episode 9 highlights rising concerns inside the DiMeo family. Tony is forced to navigate delicate problems. Download high-quality 720p, 1080p WEB-DL video files directly on pixelpoplk.

ඔන්න යාළුවනේ, 'The Sopranos' කතා මාලාවේ 5 වැනි කතා සමයේ (Season 5) නවවැනි කොටසට (Episode 9) සිංහල උපසිරැසි අරගෙන ආවා.

📥 වීඩියෝ පිටපත් සහ උපසිරැසි ලබාගන්නේ මෙහෙමයි:

📄 Direct Download: කිසිම කරදරයක් නැතුව සිංහල උපසිරැසි ගොනුව (zip) කෙලින්ම ඩවුන්ලෝඩ් කරගන්න පුළුවන්.

✈️ Telegram Download: 720p, 1080p bluray කොපි ටෙලිග්‍රෑම් චැනල් එක හරහා ගන්න පුළුවන්.",9.2,2004,5,9,"Keywords: The Sopranos Season 5 Episode 9 Sinhala Subtitles, The Sopranos S05E09 sinhala sub, The Sopranos Season 5 sinhala subtitle download, The Sopranos S05E09 sinhala sub pixelpoplk, The Sopranos sinhala sub pixelpop.lk, pixelpoplk HBO Sopranos, ද සෝප්‍රානෝස් සිංහල උපසිරැසි, The Sopranos full series sinhala subtitles download, The Sopranos season 5 sinhala sub web-dl, pixelpoplk sinhala subtitles, crime drama series sinhala sub, HBO crime series sinhala | Description: The Sopranos Season 5 Episode 9 Sinhala Subtitles. Download The Sopranos S05E09 Sinhala Sub online from pixelpoplk.",https://t.me/Pixelpopnew_bot?start=IT-qI5Q00hg,6
256,2026-08-25 05:40:25.195915+00,The Sopranos,https://frdgyadvbdpacwfoqybw.supabase.co/storage/v1/object/public/subtitles/The%20Sopranos%20S05e10%20190772/The_Sopranos_S05E10_190772.zip?download,https://image.tmdb.org/t/p/original/p651eYM0Vd0CWDvndbMyaS0lDeD.jpg,"Crime, Drama, Thriller","🕵️‍♂️ The Sopranos Season 5 Episode 10 - සිංහල උපසිරැසි 🎬

The Sopranos Season 5 Episode 10 presents highly engaging dramatic arcs. As old rivals return, Tony's authority is tested on multiple fronts. Download high-quality 720p, 1080p WEB-DL video files directly on pixelpoplk.

ඔන්න යාළුවනේ, 'The Sopranos' කතා මාලාවේ 5 වැනි කතා සමයේ (Season 5) දහවැනි කොටසට (Episode 10) සිංහල උපසිරැසි අරගෙන ආවා.

📥 වීඩියෝ පිටපත් සහ උපසිරැසි ලබාගන්නේ මෙහෙමයි:

📄 Direct Download: කිසිම කරදරයක් නැතුව සිංහල උපසිරැසි ගොනුව (zip) කෙලින්ම ඩවුන්ලෝඩ් කරගන්න පුළුවන්.

✈️ Telegram Download: 720p, 1080p bluray කොපි ටෙලිග්‍රෑම් චැනල් එක හරහා ගන්න පුළුවන්.",9.2,2004,5,10,"Keywords: The Sopranos Season 5 Episode 10 Sinhala Subtitles, The Sopranos S05E10 sinhala sub, The Sopranos Season 5 sinhala subtitle download, The Sopranos S05E10 sinhala sub pixelpoplk, The Sopranos sinhala sub pixelpop.lk, pixelpoplk HBO Sopranos, ද සෝප්‍රානෝස් සිංහල උපසිරැසි, The Sopranos full series sinhala subtitles download, The Sopranos season 5 sinhala sub web-dl, pixelpoplk sinhala subtitles, crime drama series sinhala sub, HBO crime series sinhala | Description: The Sopranos Season 5 Episode 10 Sinhala Subtitles. Download The Sopranos S05E10 Sinhala Sub online from pixelpoplk.",https://t.me/Pixelpopnew_bot?start=W35a5WpstnY,4
257,2026-08-25 05:40:25.195915+00,The Sopranos,https://frdgyadvbdpacwfoqybw.supabase.co/storage/v1/object/public/subtitles/The%20Sopranos%20S05e11%20333890/The_Sopranos_S05E11_333890.zip?download,https://image.tmdb.org/t/p/original/p651eYM0Vd0CWDvndbMyaS0lDeD.jpg,"Crime, Drama, Thriller","🕵️‍♂️ The Sopranos Season 5 Episode 11 - සිංහල උපසිරැසි 🎬

The Sopranos Season 5 Episode 11 leads towards the season's intense climax. Actions inside the crew demand prompt decisions with no room for error. Download high-quality 720p, 1080p WEB-DL video files directly on pixelpoplk.

ඔන්න යාළුවනේ, 'The Sopranos' කතා මාලාවේ 5 වැනි කතා සමයේ (Season 5) එකොළොස්වැනි කොටසට (Episode 11) සිංහල උපසිරැසි අරගෙන ආවා.

📥 වීඩියෝ පිටපත් සහ උපසිරැසි ලබාගන්නේ මෙහෙමයි:

📄 Direct Download: කිසිම කරදරයක් නැතුව සිංහල උපසිරැසි ගොනුව (zip) කෙලින්ම ඩවුන්ලෝඩ් කරගන්න පුළුවන්.

✈️ Telegram Download: 720p, 1080p bluray කොපි ටෙලිග්‍රෑම් චැනල් එක හරහා ගන්න පුළුවන්.",9.2,2004,5,11,"Keywords: The Sopranos Season 5 Episode 11 Sinhala Subtitles, The Sopranos S05E11 sinhala sub, The Sopranos Season 5 sinhala subtitle download, The Sopranos S05E11 sinhala sub pixelpoplk, The Sopranos sinhala sub pixelpop.lk, pixelpoplk HBO Sopranos, ද සෝප්‍රානෝස් සිංහල උපසිරැසි, The Sopranos full series sinhala subtitles download, The Sopranos season 5 sinhala sub web-dl, pixelpoplk sinhala subtitles, crime drama series sinhala sub, HBO crime series sinhala | Description: The Sopranos Season 5 Episode 11 Sinhala Subtitles. Download The Sopranos S05E11 Sinhala Sub online from pixelpoplk.",https://t.me/Pixelpopnew_bot?start=VaFwKgk1U6Q,4
258,2026-08-25 05:40:25.195915+00,The Sopranos,https://frdgyadvbdpacwfoqybw.supabase.co/storage/v1/object/public/subtitles/The%20Sopranos%20S05e12%20824442/The_Sopranos_S05E12_824442.zip?download,https://image.tmdb.org/t/p/original/p651eYM0Vd0CWDvndbMyaS0lDeD.jpg,"Crime, Drama, Thriller","🕵️‍♂️ The Sopranos Season 5 Episode 12 - සිංහල උපසිරැසි 🎬

The Sopranos Season 5 Episode 12 serves as a highly emotional and gripping pre-finale chapter. The price of secrets threatens to destroy old bonds. Download high-quality 720p, 1080p WEB-DL video files directly on pixelpoplk.

ඔන්න යාළුවනේ, 'The Sopranos' කතා මාලාවේ 5 වැනි කතා සමයේ (Season 5) දොළොස්වැනි කොටසට (Episode 12) සිංහල උපසිරැසි අරගෙන ආවා.

📥 වීඩියෝ පිටපත් සහ උපසිරැසි ලබාගන්නේ මෙහෙමයි:

📄 Direct Download: කිසිම කරදරයක් නැතුව සිංහල උපසිරැසි ගොනුව (zip) කෙලින්ම ඩවුන්ලෝඩ් කරගන්න පුළුවන්.

✈️ Telegram Download: 720p, 1080p bluray කොපි ටෙලිග්‍රෑම් චැනල් එක හරහා ගන්න පුළුවන්.",9.2,2004,5,12,"Keywords: The Sopranos Season 5 Episode 12 Sinhala Subtitles, The Sopranos S05E12 sinhala sub, The Sopranos Season 5 sinhala subtitle download, The Sopranos S05E12 sinhala sub pixelpoplk, The Sopranos sinhala sub pixelpop.lk, pixelpoplk HBO Sopranos, ද සෝප්‍රානෝස් සිංහල උපසිරැසි, The Sopranos full series sinhala subtitles download, The Sopranos season 5 sinhala sub web-dl, pixelpoplk sinhala subtitles, crime drama series sinhala sub, HBO crime series sinhala | Description: The Sopranos Season 5 Episode 12 Sinhala Subtitles. Download The Sopranos S05E12 Sinhala Sub online from pixelpoplk.",https://t.me/Pixelpopnew_bot?start=Cz1R45H2S80,4
259,2026-08-25 05:40:25.195915+00,The Sopranos,https://frdgyadvbdpacwfoqybw.supabase.co/storage/v1/object/public/subtitles/The%20Sopranos%20S05e13%20595338/The_Sopranos_S05E13_595338.zip?download,https://image.tmdb.org/t/p/original/p651eYM0Vd0CWDvndbMyaS0lDeD.jpg,"Crime, Drama, Thriller","🕵️‍♂️ The Sopranos Season 5 Episode 13 - සිංහල උපසිරැසි 🎬

The Sopranos Season 5 Episode 13 delivers the epic season finale. Major developments reach their dramatic peak, setting a new course for the syndicate. Download high-quality 720p, 1080p WEB-DL video files directly on pixelpoplk.

ඔන්න යාළුවනේ, 'The Sopranos' කතා මාලාවේ 5 වැනි කතා සමයේ (Season 5) දහතුන්වැනි කොටසට (Episode 13) සිංහල උපසිරැසි අරගෙන ආවා.

📥 වීඩියෝ පිටපත් සහ උපසිරැසි ලබාගන්නේ මෙහෙමයි:

📄 Direct Download: කිසිම කරදරයක් නැතුව සිංහල උපසිරැසි ගොනුව (zip) කෙලින්ම ඩවුන්ලෝඩ් කරගන්න පුළුවන්.

✈️ Telegram Download: 720p, 1080p bluray කොපි ටෙලිග්‍රෑම් චැනල් එක හරහා ගන්න පුළුවන්.",9.2,2004,5,13,"Keywords: The Sopranos Season 5 Episode 13 Sinhala Subtitles, The Sopranos S05E13 sinhala sub, The Sopranos Season 5 sinhala subtitle download, The Sopranos S05E13 sinhala sub pixelpoplk, The Sopranos sinhala sub pixelpop.lk, pixelpoplk HBO Sopranos, ද සෝප්‍රානෝස් සිංහල උපසිරැසි, The Sopranos full series sinhala subtitles download, The Sopranos season 5 sinhala sub web-dl, pixelpoplk sinhala subtitles, crime drama series sinhala sub, HBO crime series sinhala | Description: The Sopranos Season 5 Episode 13 Sinhala Subtitles. Download The Sopranos S05E13 Sinhala Sub online from pixelpoplk.",https://t.me/Pixelpopnew_bot?start=AevD5VhtbtM,4
260,2026-08-25 08:44:47.317584+00,Batman: Knightfall Part 1,https://frdgyadvbdpacwfoqybw.supabase.co/storage/v1/object/public/subtitles/Batman%20Knightfall%20Part/Batman.Knightfall-Part.1.Knightfall.2026.sinhala.zip?download,https://image.tmdb.org/t/p/original/9pKPTugulAt0EtH0g4gvJGffPSg.jpg,"Action, Adventure, Animation, Mystery","🕵️‍♂️ Batman: Knightfall Part 1: Knightfall (2026) - සිංහල උපසිරැසි 🎬

Batman: Knightfall Part 1: Knightfall delivers a dark, gritty, and action-packed animated superhero masterpiece from DC. When the ruthless powerhouse Bane destroys Arkham Asylum and unleashes Gotham's most dangerous psychopaths, Batman is pushed to his absolute physical and mental limits to save his city, leading to a fateful, bone-shattering confrontation.

ඔන්න යාළුවනේ, DC රසිකයෝ හැමෝම බොහොම උනන්දුවෙන් බලාගෙන හිටපු, අදම (අගෝස්තු 25) ඩිජිටල් මාධ්‍ය ඔස්සේ නිකුත් වුණු ""Batman: Knightfall Part 1: Knightfall"" අලුත්ම සුපිරි ඇනිමේෂන් චිත්‍රපටයට සිංහල උපසිරැසි අරගෙන ආවා. DC කොමික් ඉතිහාසයේ එදා මෙදා තුර බිහිවුණු සුප්‍රසිද්ධම වගේම ජනප්‍රියම ""Knightfall"" කොමික් කතා මාලාව ඇසුරෙන් තමයි මේ චිත්‍රපටය කොටස් තුනක ට්‍රිලොජි එකක් (Trilogy) විදිහට නිර්මාණය වෙන්නේ.

කතාව පැත්තට ගියොත්, ගෝතම් නගරයේ තියෙන භයානකම අපරාධකාරයෝ හිර කරලා ඉන්න 'ආකම් අසයිලම්' (Arkham Asylum) එක සම්පූර්ණයෙන්ම විනාශ කරන්න බේන් (Bane) කියන අතිශය බලවත් වගේම කපටි සතුරා සමත් වෙනවා. මේකෙන් පස්සේ එහි සිටි සියලුම දරුණු අපරාධකාරයෝ ගෝතම් නගරයට මුදා හැරෙනවා. එක පිට එක එන මේ සතුරන්ව නැවත කොටු කරගන්න සටන් කරන බැට්මෑන්ට තමන්ගේ උපරිම ශාරීරික වගේම මානසික සීමාවන් පවා පහුකරලා යන්න සිද්ධ වෙනවා. මේ විදිහට හොඳටම හෙම්බත් වෙලා ඉන්න බැට්මෑන්ට, තමන්ගේ ජීවිතයේ දරුණුතම පරාජය අත්කරලා දෙන්න බලාගෙන ඉන්න බේන් එක්ක අවසන් සටනකට මුහුණ දෙන්න වෙනවා.

Jeff Wamester ගේ අධ්‍යක්ෂණයෙන් වගේම Anson Mount (Batman), Michael Mando (Bane) සහ Pablo Schreiber (Azrael) ගේ සුපිරි හඬ දායකත්වයෙන් හැඩවුණු මේ චිත්‍රපටය, බැට්මෑන් රසිකයෙක් නම් කිසිසේත්ම මඟහැරගන්න එපා.

📥 වීඩියෝ පිටපත් සහ උපසිරැසි ලබාගන්නේ මෙහෙමයි:

📄 Direct Subtitle Download: කිසිම කරදරයක් නැතුව සිංහල උපසිරැසි ගොනුව (SRT) කෙලින්ම ඩවුන්ලෝඩ් කරගන්න පුළුවන්.

✈️ Telegram Download: 720p, 1080p WEB-DL කොපි ටෙලිග්‍රෑම් චැනල් එක හරහා ගන්න පුළුවන්.",8.1,2026,,,"Batman: Knightfall Part 1, Batman Knightfall Part 1 Sinhala Subtitles, Batman Knightfall Sinhala Sub, Batman Knightfall Sinhala Subtitles, Batman Knightfall 1 Sinhala Sub, Batman Knightfall Sinhala Subtitle, Batman Knightfall Part 1 Sinhala Subtitle, Batman Knightfall Sinhala, Batman Knightfall Subtitles Sinhala, Batman Sinhala Subtitles, Batman Sinhala Sub, Sinhala Subtitles, Sinhala Sub, Sinhala Subtitle, Subtitles Sinhala, Batman Animated Movie Sinhala Subtitles, Batman Knightfall Part 1 Sinhala Subtitle Download, Batman Knightfall Movie Sinhala Sub, Batman Knightfall Sinhala Sub Download, Batman 2022 Sinhala Sub, DC Animated Movies Sinhala Subtitles",https://t.me/Pixelpopnew_bot?start=3-eJHvmJcZI,26
261,2026-08-25 15:35:47.386038+00,Motor City,https://frdgyadvbdpacwfoqybw.supabase.co/storage/v1/object/public/subtitles/Motor%20City/Motor.City.2025.WEBRip_sinhala.zip?download,https://image.tmdb.org/t/p/original/cWAVzTWm9xdc8skHH7h1vreUtcD.jpg,"Action, Crime, Thriller","🕵️‍♂️ Motor City (2026) - සිංහල උපසිරැසි 🎬

Motor City delivers a brutal, nearly silent action-revenge masterpiece. After being framed for a crime by a ruthless gangster who stole his girlfriend, an innocent auto worker returns years later to unleash a relentless, dialogue-free barrage of vengeance. 

ඔන්න යාළුවනේ, Reacher කතා මාලාව හරහා හැමෝම අතරේ අතිශය ජනප්‍රිය වුණු Alan Ritchson ප්‍රධාන චරිතය රඟපාන, මේ සතියේ ඩිජිටල් මාධ්‍ය ඔස්සේ නිකුත් වුණු ""Motor City"" අලුත්ම සුපිරි ක්‍රියාදාම සිනමාපටයට සිංහල උපසිරැසි අරගෙන ආවා. මේ චිත්‍රපටයේ තියෙන විශේෂම දේ තමයි, මේකේ දෙබස් (dialogue) තියෙන්නේ අතළොස්සක් විතරයි. මුළු චිත්‍රපටයම පාහේ ගලාගෙන යන්නේ නියම ඇක්ෂන් දර්ශන, රොක් සංගීතය වගේම විශිෂ්ට රංගනයන් ඔස්සේ විතරයි. ඒනිසා සිංහල Sub නැතුව උනත් බලන්න පුලුවන්.

කතාව පැත්තට ගියොත්, 1970 දශකයේ ඩෙට්‍රොයිට් (Detroit) නගරයේ ජීවත් වෙන සාමාන්‍ය කම්කරුවෙක් වන ජෝන් මිලර් (Alan Ritchson), තමන් ආදරය කරන පෙම්වතියව (Shailene Woodley) ලබාගැනීමේ අරමුණින් ඉන්න දරුණු මැර කල්ලියක ලොක්කෙක් (Ben Foster) විසින් කරන සැලසුමකට අහුවෙනවා. මෙතැනදී ජෝන් මිලර් නොකළ වරදකට මත්ද්‍රව්‍ය ජාවාරම්කරුවෙක් විදිහට හිරේට යනවා. වසර ගණනාවකට පස්සේ හිරෙන් නිදහස් වෙලා එන ජෝන්, තමන්ගේ මුළු ජීවිතයම විනාශ කරපු, තමන්ගේ ආදරය උදුරාගත්ත මේ මැර කල්ලියෙන් පලිගන්න අතිශය දරුණු වගේම ලේවැකි මෙහෙයුමක් ආරම්භ කරනවා.

""Old Henry"" අධ්‍යක්ෂණය කරපු Potsy Ponciroli ගේ විශිෂ්ට අධ්‍යක්ෂණයෙන් වගේම Ben Foster, Shailene Woodley සහ Pablo Schreiber වැනි දක්ෂ නළු නිළියන්ගේ රංගනයෙන් හැඩවුණු, '80 දශකයේ සැබෑ ඇක්ෂන් සිනමාවක අත්දැකීමක් දෙන මේ පට්ටම ෆිල්ම් එක කිසිසේත්ම මඟහැරගන්න එපා.

📥 වීඩියෝ පිටපත් සහ උපසිරැසි ලබාගන්නේ මෙහෙමයි:

📄 Direct Subtitle Download: කිසිම කරදරයක් නැතුව සිංහල උපසිරැසි ගොනුව (SRT) කෙලින්ම ඩවුන්ලෝඩ් කරගන්න පුළුවන්.

✈️ Telegram Download:  720p, 1080p WEB පිටපත් ටෙලිග්‍රෑම් චැනල් එක හරහා ගන්න පුළුවන්.",6.1,2026,,,"Motor City Sinhala Subtitles, Motor City sinhala sub, Motor City sinhala subtitle download, Motor City movie sinhala sub pixelpoplk, Motor City sinhala sub pixelpop.lk, pixelpoplk Alan Ritchson movie, මෝටර් සිටි සිංහල උපසිරැසි, Motor City full movie sinhala subtitles download, Motor City sinhala sub web-dl, pixelpoplk sinhala subtitles, Motor City 2026 sinhala sub, Alan Ritchson revenge movie sinhala sub",https://t.me/Pixelpopnew_bot?start=w3LicFP9tr8,22
262,2026-08-26 07:49:32.527149+00,Lanterns (2026),https://frdgyadvbdpacwfoqybw.supabase.co/storage/v1/object/public/subtitles/Lanterns%20S01e02%20162466/Lanterns_S01E02_162466.zip?download,https://image.tmdb.org/t/p/original/isYpgPQdjxJ0Ht04uKgilVYGPp9.jpg,"Superhero, Sci-Fi, Mystery, Detective, Drama","🕵️‍♂️ Lanterns (2026) - Episode 02 Sinhala Subtitles | සිංහල උපසිරැසි 🎬

Lanterns continues its dark, grounded detective thriller journey as Hal Jordan and John Stewart dig deeper into a small-town murder that conceals a far greater cosmic threat.

ඔන්න යාළුවනේ, DCU එකේ අලුත්ම කතා මාලාව වන ""Lanterns"" හි පළමු කොටසින් පස්සේ, හැමෝම නොඉවසිල්ලෙන් බලාගෙන හිටපු 2 වන කොටසට (Episode 02) අදාළ සිංහල උපසිරැසි අරගෙන ආවා. පළමු එපිසෝඩ් එකෙන් ලබා දුන්නු ප්‍රබල ආරම්භයත් එක්ක කතාව දැන් තවත් අඳුරු, කුතුහලය පිරුණු රහස් පරීක්ෂණ මාවතකට යොමු වෙනවා.

තත්පරයෙන් තත්පරය කුතුහලය වැඩි කරවන, True Detective විලාසිතාවේ රහස් පරීක්ෂණ ගමන තවත් උණුසුම් වන මේ 2 වන කොටසත් අනිවාර්යයෙන්ම නැරඹිය යුතු එකක්!

📥 වීඩියෝ පිටපත් සහ උපසිරැසි ලබාගන්නේ මෙහෙමයි:

📄 Direct Download: කිසිම කරදරයක් නැතුව 2 වන කොටසට අදාළ සිංහල උපසිරැසි ගොනුව (SRT) කෙලින්ම ඩවුන්ලෝඩ් කරගන්න පුළුවන්.

✈️ Telegram Download: 720p, 1080p WEB-DL කොපි ටෙලිග්‍රෑම් චැනල් එක හරහා ලබාගන්න පුළුවන්.",8,2026,1,2,"Lanterns sinhala sub, Lanterns SS01E02 sinhala sub,Lanterns season 01 episode 02 Sinhala Subtitles, Lanterns sinhala sub, Lanterns sinhala subtitle download, Lanterns tv series sinhala sub pixelpoplk, Lanterns sinhala sub pixelpop.lk, pixelpoplk HBO DC series, ලැන්ටර්න්ස් සිංහල උපසිරැසි, Lanterns full series sinhala subtitles download, Lanterns sinhala sub web-dl, pixelpoplk sinhala subtitles, Lanterns DCU series, Green Lantern live action sinhala sub",https://t.me/Pixelpopnew_bot?start=tEgg5bXPEDY,5
263,2026-08-26 08:36:36.055185+00,Reacher,https://frdgyadvbdpacwfoqybw.supabase.co/storage/v1/object/public/subtitles/Reacher%20S04e05%20989736/Reacher_S04E05_989736.zip?download,https://image.tmdb.org/t/p/original/wkKJHC34dIw9cJwAfNEEgDdb2ol.jpg,"Action, Crime, Thriller, Detective, Drama","🕵️‍♂️ Reacher Season 04 Episode 05 - සිංහල උපසිරැසි 🎬

Reacher Season 04 Episode 05 continues the thrilling adventure of television's ultimate wanderer. Jack Reacher dives deeper into a web of conspiracy, lies, and high-stakes action.

ඔන්න යාළුවනේ, ඇමසන් ප්‍රයිම් (Prime Video) හරහා විකාශනය වන Reacher කතා මාලාවේ 4 වැනි කතා සමයේ (Season 4) පස් වැනි කොටසට (Episode 05) සිංහල උපසිරැසි අරගෙන ආවා. Alan Ritchson ගේ සුපිරි රංගනය සහ සුපිරි ක්‍රියාදාම දර්ශන රැසක් සමඟින් දිගහැරෙන මෙම කොටස කිසිසේත්ම මඟහැරගන්න එපා.

📥 වීඩියෝ පිටපත් සහ උපසිරැසි ලබාගන්නා ආකාරය:

📄 Direct Subtitle Download: කිසිදු බාධාවකින් තොරව සිංහල උපසිරැසි ගොනුව (SRT) සෘජුවම බාගත කරගත හැක.

✈️ Telegram Download: 720p, 1080p උසස් තත්ත්වයේ WEB-DL වීඩියෝ පිටපත් ටෙලිග්‍රෑම් චැනලය හරහා ලබාගත හැක.",8.1,2026,4,5,"Reacher Season 4 Episode 05 Sinhala Subtitles, Reacher S04E05 sinhala sub, Reacher S4 Ep5 sinhala subtitle download, Reacher S04E05 sinhala sub pixelpoplk, Reacher S4E5 sinhala sub pixelpop.lk, pixelpoplk Prime Video Reacher, රීචර් සිංහල උපසිරැසි, Reacher Season 4 sinhala subtitles download, Reacher S04E05 web-dl sinhala sub, pixelpoplk sinhala subtitles,Reacher Season 4 Episode 5 Sinhala Subtitles. Download Reacher S04E05 Sinhala Sub online from pixelpoplk.",https://t.me/Pixelpopnew_bot?start=qrnl-NYpvYA,28
264,2026-08-26 16:54:25.719949+00,The Walking Dead: Dead City,https://frdgyadvbdpacwfoqybw.supabase.co/storage/v1/object/public/subtitles/The%20Walking%20Dead%20Dead%20City%20S03e04%20131526/The_Walking_Dead_Dead_City_S03E04_131526.zip?download,https://image.tmdb.org/t/p/original/seYokxOjFyTVX13XgD2FNjWIry8.jpg,"Survival, Horror, Zombie, Drama","🕵️‍♂️ The Walking Dead: Dead City (Season 03, Episode 04) - සිංහල උපසිරැසි 🎬🧟‍♂️

The Walking Dead: Dead City returns with an intense, action-packed fourth episode in Season 3! Maggie and Negan continue their dangerous journey through the ruins of post-apocalyptic Manhattan.

ඔන්න යාළුවනේ, The Walking Dead: Dead City කතා මාලාවේ 3 වැනි කතා සමයේ (Season 3) හතරවැනි කොටසට (Episode 4) සිංහල උපසිරැසි අරගෙන ආවා.

📥 Subtitles සහ Movies/TV Series පහසුවෙන්ම Download කරගන්නේ කෙසේද?

1. වෙබ් අඩවියෙන් Subtitles ලබාගැනීමට:

පියවර 01: මුලින්ම Dirrect Download Button එක ක්ලික් කරන්න.

පියවර 02: ඉන්පසු තත්පර 5ක් රැඳී සිට Ad එක ටිකක් වෙලා බලලා Back උනාම කොලපාට  download button එකක් එයි.

පියවර 03: දැන් Start Download ක්ලික් කරන්න. එවිට Subtitle ෆයිල් එක Zip File එකක් ලෙස ඩවුන්ලෝඩ් වේවි.

භාවිතා කරන ආකාරය: එම Zip ෆයිල් එක Extract (Unzip) කර, ඔබගේ Video Player එකට Add කරගෙන උපසිරැසි සමඟින් රසවිඳින්න.

2. Telegram හරහා Direct ලබාගැනීමට:
මෙහි ඇති Telegram Download Button එක ක්ලික් කරන්න.

එවිට අපගේ Telegram Bot මඟින් Movie  එක්හෝ TV Series Episode එක සෘජුවම ඔබට ලබා දෙනු ඇත.

එතැනින් ඉතා පහසුවෙන් ඩවුන්ලෝඩ් කර නැරඹීමේ හැකියාව පවතී.

📌 අලුත්ම Updates ලබාගැනීමට:

චිත්‍රපට සහ ටෙලි කථා මාලාවල අලුත්ම Updates සහ Subtitles ක්ෂණිකව ලබාගැනීමට දැන්ම අපගේ Telegram Channel එකට සහ FB Page එකට Join වෙන්න! 🎬",7,2023,3,4,"Keywords: The Walking Dead: Dead City Season 3 Episode 4 Sinhala Subtitles, Dead City S03E04 sinhala sub, Walking Dead: Dead City Season 3 Episode 4 sinhala subtitle download, Dead City S03E04 sinhala sub pixelpoplk, pixelpoplk, Walking Dead Dead City, Walking Dead, dead city S03E04 sinhala sub, dead city episode 4 sinhala sub, walking dead dead city season 03 episode 4 sinhala sub, dead city s03e04 sinhala sub, walking dead dead city sinhala subtitles, dead city sinhala subbed, tv series sinhala sub | Description: Walking Dead: Dead City Season 3 Episode 4 Sinhala Subtitles | ඩෙඩ් සිටි 4 වන කොටස සිංහල උපසිරැසි සමඟ. Download Walking Dead: Dead City Season 3 Episode 4 (4 වන කොටස) Sinhala Sub online from pixelpoplk.",https://t.me/Pixelpopnew_bot?start=02A_7C7fY_Q,33
265,2026-08-26 16:54:25.719949+00,The Walking Dead: Dead City,https://frdgyadvbdpacwfoqybw.supabase.co/storage/v1/object/public/subtitles/The%20Walking%20Dead%20Dead%20City%20S03e05%20917029/The_Walking_Dead_Dead_City_S03E05_917029.zip?download,https://image.tmdb.org/t/p/original/seYokxOjFyTVX13XgD2FNjWIry8.jpg,"Survival, Horror, Zombie, Drama","🕵️‍♂️ The Walking Dead: Dead City (Season 03, Episode 05) - සිංහල උපසිරැසි 🎬🧟‍♂️

The Walking Dead: Dead City delivers a thrilling and suspenseful fifth episode in Season 3! As Maggie and Negan face escalating challenges in post-apocalyptic Manhattan, critical choices must be made.

ඔන්න යාළුවනේ, The Walking Dead: Dead City කතා මාලාවේ 3 වැනි කතා සමයේ (Season 3) පස්වැනි කොටසට (Episode 5) සිංහල උපසිරැසි අරගෙන ආවා.

📥 Subtitles සහ Movies/TV Series පහසුවෙන්ම Download කරගන්නේ කෙසේද?

1. වෙබ් අඩවියෙන් Subtitles ලබාගැනීමට:

පියවර 01: මුලින්ම Dirrect Download Button එක ක්ලික් කරන්න.

පියවර 02: ඉන්පසු තත්පර 5ක් රැඳී සිට Ad එක ටිකක් වෙලා බලලා Back උනාම කොලපාට  download button එකක් එයි.

පියවර 03: දැන් Start Download ක්ලික් කරන්න. එවිට Subtitle ෆයිල් එක Zip File එකක් ලෙස ඩවුන්ලෝඩ් වේවි.

භාවිතා කරන ආකාරය: එම Zip ෆයිල් එක Extract (Unzip) කර, ඔබගේ Video Player එකට Add කරගෙන උපසිරැසි සමඟින් රසවිඳින්න.

2. Telegram හරහා Direct ලබාගැනීමට:
මෙහි ඇති Telegram Download Button එක ක්ලික් කරන්න.

එවිට අපගේ Telegram Bot මඟින් Movie  එක්හෝ TV Series Episode එක සෘජුවම ඔබට ලබා දෙනු ඇත.

එතැනින් ඉතා පහසුවෙන් ඩවුන්ලෝඩ් කර නැරඹීමේ හැකියාව පවතී.

📌 අලුත්ම Updates ලබාගැනීමට:

චිත්‍රපට සහ ටෙලි කථා මාලාවල අලුත්ම Updates සහ Subtitles ක්ෂණිකව ලබාගැනීමට දැන්ම අපගේ Telegram Channel එකට සහ FB Page එකට Join වෙන්න! 🎬",7,2023,3,5,"Keywords: The Walking Dead: Dead City Season 3 Episode 5 Sinhala Subtitles, Dead City S03E05 sinhala sub, Walking Dead: Dead City Season 3 Episode 5 sinhala subtitle download, Dead City S03E05 sinhala sub pixelpoplk, pixelpoplk, Walking Dead Dead City, Walking Dead, dead city S03E05 sinhala sub, dead city episode 5 sinhala sub, walking dead dead city season 03 episode 5 sinhala sub, dead city s03e05 sinhala sub, walking dead dead city sinhala subtitles, dead city sinhala subbed, tv series sinhala sub | Description: Walking Dead: Dead City Season 3 Episode 5 Sinhala Subtitles | ඩෙඩ් සිටි 5 වන කොටස සිංහල උපසිරැසි සමඟ. Download Walking Dead: Dead City Season 3 Episode 5 (5 වන කොටස) Sinhala Sub online from pixelpoplk.",https://t.me/Pixelpopnew_bot?start=TVwgr71tUF8,22
266,2026-08-27 05:15:49.32395+00,The Leftovers,https://frdgyadvbdpacwfoqybw.supabase.co/storage/v1/object/public/subtitles/The%20Leftovers%20S01e01%20100577/The_Leftovers_S01E01_100577.zip?download,https://image.tmdb.org/t/p/original/lxRQJr68o9fZI1RzGDc0qeYX4Je.jpg,"Mystery, Drama, Fantasy, Psychological","🕵️‍♂️ The Leftovers - සිංහල උපසිරැසි 🎬

The Leftovers delivers a hauntingly beautiful, deeply emotional, and critically acclaimed psychological mystery-drama from HBO. When 2% of the world's population mysteriously vanishes without a trace, those left behind must struggle to find meaning, cope with grief, and survive in a world shattered by the unexplained. 

ඔන්න යාළුවනේ, ලෝකයේ මෙතෙක් බිහිවුණු විශිෂ්ටතම වගේම හැඟීම්බරම කතා මාලාවක් විදිහට විචාරකයින්ගේ ඉහළම ඇගයීමට ලක්වුණු, HBO එකෙන් නිකුත් කරපු ""The Leftovers"" ටෙලි කතා මාලාවට සිංහල උපසිරැසි අරගෙන ආවා. IMDb එකේ 8.3/10ක ඉහළම අගයක් ගත්ත, ""Lost"" සීරීස් එක හදපු Damon Lindelof ගේ තවත් අපූරු මනෝවිද්‍යාත්මක නිර්මාණයක් තමයි මේක.

කතාව පැත්තට ගියොත්, එකම දවසක, එකම මොහොතකදී ලෝක ජනගහනයෙන් 2%ක් (මිලියන 140ක සෙනඟක්) කිසිම හෝඩුවාවක් නැතුව අද්භූත විදිහට අතුරුදන් වෙනවා. මේ සිදුවීම හඳුන්වන්නේ 'Sudden Departure' කියලා. කතාව ආරම්භ වෙන්නේ මේ සිදුවීම වෙලා අවුරුදු තුනකට පස්සේ. මේ අතුරුදන් වීමෙන් පස්සේ ඉතිරි වුණු මිනිස්සු (The Leftovers) තමන්ගේ ආදරණීයයන් අහිමි වීමේ දුක දරාගන්නේ කොහොමද, මේ අද්භූත සිදුවීමට හේතුව මොකක්ද කියලා හිතාගන්න බැරුව ඇතිවෙන මානසික කඩා වැටීමෙන් බේරෙන්නේ කොහොමද කියලා කතාවෙන් පෙන්නනවා.

කුඩා නගරයක පොලිස් ප්‍රධානියා වෙන කෙවින් ගාර්වි (Justin Theroux) තමන්ගේ පවුල බේරගන්න වගේම නගරයේ සාමය ರකින්න ලොකු සටනක් දෙනවා. ඒ අතරේ මේ සිදුවීම නිසා විවිධ ආගමික කල්ලි (උදාහරණයක් විදිහට කතා නොකර සුදු ඇඳගෙන දුම් බොන 'Guilty Remnant' කල්ලිය) බිහිවෙලා මුළු සමාජයම තවත් අවුල් ජාලාවක් බවට පත් කරනවා.

අතිශය දක්ෂ රංගනයන්ගෙන් වගේම ලස්සන සංගීතයකින් හැඩවුණු, මිනිස් හදවතටම දැනෙන, කුතුහලය පිරි මේ සුපිරි කතාව ඔයාගේ Must Watch ලිස්ට් එකට අනිවාර්යයෙන්ම එකතු කරගන්න.

📥 වීඩියෝ පිටපත් සහ උපසිරැසි ලබාගන්නේ මෙහෙමයි:

📄 Direct Subtitle Download: කිසිම කරදරයක් නැතුව සිංහල උපසිරැසි ගොනුව (SRT) කෙලින්ම ඩවුන්ලෝඩ් කරගන්න පුළුවන්.

✈️ Telegram Download: 720p, 1080p WEB-DL කොපි ටෙලිග්‍රෑම් චැනල් එක හරහා ගන්න පුළුවන්.",8.3,2014,1,1,"The Leftovers Season 1 Episode 1 Sinhala Subtitles, The Leftovers S01E01 sinhala sub, The Leftovers Season 1 Episode 1 sinhala subtitle download, The Leftovers S01E01 tv series sinhala sub pixelpoplk, The Leftovers S01E01 sinhala sub pixelpop.lk, pixelpoplk HBO leftovers S01E01, ද ලෙෆ්ට්ඕවර්ස් කථාංගය 01 සිංහල උපසිරැසි, The Leftovers S01E01 sinhala subtitles download, The Leftovers Season 1 Episode 1 sinhala sub web-dl, pixelpoplk sinhala subtitles leftovers s1e1, mystery drama series sinhala sub leftovers s01e01, Damon Lindelof leftovers season 1 episode 1 sinhala sub",https://t.me/Pixelpopnew_bot?start=u7ECCYFwDrs,10
267,2026-08-28 05:17:20.917336+00,"I, Nobody (2026)","https://frdgyadvbdpacwfoqybw.supabase.co/storage/v1/object/public/subtitles/I,nobody(/I,Nobody(2026)_Malayalam.HQ.HDRip_sinhala.zip?download",https://image.tmdb.org/t/p/original/qFJl3w9KpVXpfZ3rpmv7p0UYZkP.jpg,"Action, Crime, Thriller, Malayalam","🕵️‍♂️ I, Nobody (2026) - සිංහල උපසිරැසි 🎬

I, Nobody delivers a gripping, fast-paced Malayalam heist action-thriller. When a quiet, middle-class government employee gets trapped in a massive 17 Crore bank robbery, he is framed as the mastermind. Forced to flee with the robbers, he must navigate corrupt cops, dangerous mobsters, and protect his family to survive. 

ඔන්න යාළුවනේ, මලයාලම් සිනමාලෝලීන් හැමෝම බලාගෙන හිටපු, පසුගිය අගෝස්තු 25 වැනිදා OTT මාධ්‍ය ඔස්සේ අලුතින්ම නිකුත් වුණු ""I, Nobody"" කියන සුපිරි මලයාලම් ක්‍රියාදාම සිනමාපටයට සිංහල උපසිරැසි අරගෙන ආවා. ""Rorschach"" වැනි චිත්‍රපට අධ්‍යක්ෂණය කරපු Nissam Basheer ගේ අධ්‍යක්ෂණයෙන් හැඩවුණු මේ චිත්‍රපටය, මුල ඉඳන් අගටම කුතුහලයෙන් බලන්න පුළුවන් සුපිරි Heist Thriller එකක්.

කතාව පැත්තට ගියොත්, රජීවන් (Prithviraj Sukumaran) කියන්නේ තමන්ගේ බිරිඳ (Parvathy Thiruvothu) සහ දරුවන් එක්ක බොහොම සාමාන්‍ය ජීවිතයක් ගත කරන රජයේ රැකියාවක් කරන මැදපෙළ පුද්ගලයෙක්. හැබැයි දවසක් මෙයා අහම්බෙන් ලොකු බැංකුවක් ඇතුළේ ඉද්දි කෝටි 17ක දැවැන්ත බැංකු කොල්ලයක් සිද්ධ වෙනවා. මේ කොල්ලය අතරතුර සිද්ධ වෙන අමුතු සිදුවීම් නිසා, රජීවන්ට මේ හොරු කණ්ඩායමත් එක්ක පැනලා යන්න සිද්ධ වෙනවා වගේම මුළු පොලිසියම මේ කොල්ලයේ ප්‍රධාන මොළකරු (mastermind) විදිහට සැක කරන්නේ රජීවන්වයි.

පොලිසියෙන් වගේම දරුණු මැර කල්ලියකගෙනුත් බේරිලා, තමන්ගේ පවුලත් ආරක්ෂා කරගෙන මේ මහා අමාරු ප්‍රශ්නයෙන් රජීවන් බේරෙන්නේ කොහොමද? එයා ඇත්තටම නිකන්ම මේකට අහුවුණ අහිංසකයෙක්ද, නැත්නම් මේ හැමදේම පිටුපස ඉන්න සැබෑ සැලසුම්කරු එයාද?

Prithviraj Sukumaran ගේ සුපිරිම රංගනයක් බලාගන්න පුළුවන්, කුතුහලය පිරි මේ සුපිරි මලයාලම් චිත්‍රපටය ඔයාගේ Must Watch ලිස්ට් එකට අනිවාර්යයෙන්ම එකතු කරගන්න.

📥 වීඩියෝ පිටපත් සහ උපසිරැසි ලබාගන්නේ මෙහෙමයි:

📄 Direct Subtitle Download: කිසිම කරදරයක් නැතුව සිංහල උපසිරැසි ගොනුව (SRT) කෙලින්ම ඩවුන්ලෝඩ් කරගන්න පුළුවන්.

✈️ Telegram Download: 720p, 1080p HQ HDRip කොපි ටෙලිග්‍රෑම් චැනල් එක හරහා ගන්න පුළුවන්.",6,2026,,,"I Nobody Sinhala Subtitles, I Nobody sinhala sub, I Nobody sinhala subtitle download, I Nobody movie sinhala sub pixelpoplk, I Nobody sinhala sub pixelpop.lk, pixelpoplk Malayalam movie, අයි නෝබඩි සිංහල උපසිරැසි, I Nobody full movie sinhala subtitles download, I Nobody sinhala sub web-dl, pixelpoplk sinhala subtitles, I Nobody Malayalam 2026 sinhala sub, Prithviraj Sukumaran heist movie sinhala sub",https://t.me/Pixelpopnew_bot?start=sj1yUaE8yFU,11
268,2026-08-28 10:36:45.922339+00,The Whisper Man,https://frdgyadvbdpacwfoqybw.supabase.co/storage/v1/object/public/subtitles/The%20Whisper%20Man/The.Whisper.Man.2026.WEBRip.HEVC-PSA.sinhala.zip?download,https://image.tmdb.org/t/p/original/6UqflU8Qqkz7Dq4swJPqs0ZJjY4.jpg,"Mystery, Thriller, Psychological, Crime, Horror","🕵️‍♂️ The Whisper Man (2026) - සිංහල උපසිරැසි 🎬

The Whisper Man delivers a chilling, highly atmospheric psychological crime thriller from Netflix. Based on the bestselling novel, a grieving father and his young son move to a quiet town with a dark history, only to find themselves haunted by the legacy of a notorious serial killer who preys on the vulnerable. 

ඔන්න යාළුවනේ, Alex North ගේ ලෝක ප්‍රසිද්ධ නවකතාව ඇසුරෙන් නිර්මාණය වුණු, අදම (අගෝස්තු 28) Netflix හරහා ලොව පුරා විකාශනය ආරම්භ වුණු ""The Whisper Man"" අලුත්ම සුපිරි අපරාධ සිනමාපටයට සිංහල උපසිරැසි අරගෙන ආවා. Robert De Niro, Adam Scott සහ Michelle Monaghan වැනි ප්‍රබල නළු නිළියන් රැසකගේ රංගනයෙන් හැඩවුණු මේ චිත්‍රපටය, මුල ඉඳන් අගටම ලොකු බයකින් වගේම කුතුහලයකින් බලන්න පුළුවන් නියම Psychological Thriller එකක්.

කතාව පැත්තට ගියොත්, තමන්ගේ බිරිඳගේ මරණයෙන් පස්සේ ඇතිවුණු දරාගත නොහැකි දුකෙන් බේරෙන්න හිතාගෙන, ටොම් (Adam Scott) තමන්ගේ අවුරුදු අටක් වයසැති පුතා වෙන ජේක්ව එක්කගෙන 'ෆෙදර්බෑන්ක්' (Featherbank) කියන අතිශය නිස්කලංක නගරයට පදිංචියට යනවා. හැබැයි මේ නගරයට මීට අවුරුදු 15කට කලින් ""The Whisper Man"" නමින් හඳුන්වපු දරුණු මිනීමරුවෙක්ගෙන් ලොකු බලපෑමක් එල්ල වෙලා තිබුණා. 

මේ නගරයේ පදිංචි වෙලා ටික දවසක් යද්දී, කුඩා ජේක්ට අමුතු දේවල් ඇහෙන්න වගේම දකින්න ලැබෙනවා. දවසක් රෑක කාමරයේ ජනේලයෙන් කවුරු හරි කතා කරනවා වගේ හීනෙන් වගේ ඇහෙන රහස් හඬක් (whisper) නිසා ජේක් ලොකු බියකට පත්වෙනවා. මේ අතරේ නගරයේ තවත් දරුවෙක් අතුරුදන් වෙනවා. මේ දේවලින් බේරෙන්න ටොම්ට සිද්ධ වෙනවා එයාගේ අමනාප වෙලා ඉන්න තාත්තා වන, එදා 'The Whisper Man' ව අල්ලගන්න ප්‍රධාන මෙහෙයුම දියත් කරපු විශ්‍රාමික පොලිස් රහස් පරීක්ෂක පීට් විලිස් (Robert De Niro) ගේ උදව් ලබාගන්න. 

මුළු නගරයම බියෙන් සලිත කරපු ඒ දරුණු මිනීමරුවා දැනටමත් හිරගෙදර ඉද්දි, මේ අලුත් කරදර පිටුපස ඉන්නේ කවුද? සැබෑ අපරාධකරු කවුද කියලා බලාගන්න මේ සුපිරිම චිත්‍රපටය ඔයාගේ Must Watch ලිස්ට් එකට අනිවාර්යයෙන්ම එකතු කරගන්න.

📥 වීඩියෝ පිටපත් සහ උපසිරැසි ලබාගන්නේ මෙහෙමයි:

📄 Direct Subtitle Download: කිසිම කරදරයක් නැතුව සිංහල උපසිරැසි ගොනුව (SRT) කෙලින්ම ඩවුන්ලෝඩ් කරගන්න පුළුවන්.

✈️ Telegram Download: 720p, 1080p Webrip කොපි ටෙලිග්‍රෑම් චැනල් එක හරහා ගන්න පුළුවන්.",6.6,2026,,,"The Whisper Man Sinhala Subtitles, The Whisper Man sinhala sub, The Whisper Man sinhala subtitle download, The Whisper Man movie sinhala sub pixelpoplk, The Whisper Man sinhala sub pixelpop.lk, pixelpoplk Netflix movie, ද විස්පර් මෑන් සිංහල උපසිරැසි, The Whisper Man full movie sinhala subtitles download, The Whisper Man sinhala sub web-dl, pixelpoplk sinhala subtitles, The Whisper Man 2026 sinhala sub, Robert De Niro thriller movie sinhala sub",https://t.me/Pixelpopnew_bot?start=2cgaTLh-0Yk,23
269,2026-08-29 04:30:40.560346+00,The Leftovers,https://frdgyadvbdpacwfoqybw.supabase.co/storage/v1/object/public/subtitles/The%20Leftovers%20S01e02%20877197/The_Leftovers_S01E02_877197.zip?download,https://image.tmdb.org/t/p/original/lxRQJr68o9fZI1RzGDc0qeYX4Je.jpg,"Mystery, Drama, Fantasy, Psychological","🕵️‍♂️ The Leftovers Season 1 Episode 2 - සිංහල උපසිරැසි 🎬

The Leftovers Season 1 Episode 2 continues the deeply emotional mystery as Kevin Garvey struggles to maintain order in Mapleton. The leftovers sinhala sub is available on pixelpoplk with high-quality WEB-DL video files directly.

ඔන්න යාළුවනේ, HBO නාලිකාව හරහා විකාශනය වුණු අතිශය ජනප්‍රිය වගේම සම්මානනීය මනෝවිද්‍යාත්මක නාට්‍යමය කතා මාලාවක් වන The Leftovers හි දෙවැනි කොටසට (Episode 2) සිංහල උපසිරැසි අරගෙන ආවා. මුල සිට අගටම කුතුහලය උපරිමයෙන්ම පවත්වාගෙන යන මෙම විශිෂ්ටතම නිර්මාණය කිසිසේත්ම මඟහැරගන්න එපා. මෙම උපසිරැසි WEB-DL පිටපත් සඳහා ගැලපේ.

📥 වීඩියෝ පිටපත් සහ උපසිරැසි ලබාගන්නේ මෙහෙමයි:

📄 Direct Download: කිසිම කරදරයක් නැතුව සිංහල උපසිරැසි ගොනුව (SRT) කෙලින්ම ඩවුන්ලෝඩ් කරගන්න පුළුවන්.

✈️ Telegram Download: 720p, 1080p WEB-DL කොපි ටෙලිග්‍රෑම් චැනල් එක හරහා ගන්න පුළුවන්.",8.3,2014,1,2,"Keywords: The Leftovers Season 1 Episode 2 Sinhala Subtitles, The Leftovers S01E02 sinhala sub, The Leftovers Season 1 Episode 2 sinhala subtitle download, The Leftovers S01E02 sinhala sub pixelpoplk, The Leftovers sinhala sub pixelpop.lk, pixelpoplk HBO Leftovers, ද ලෙෆ්ට්ඕවර්ස් සිංහල උපසිරැසි, The Leftovers full series sinhala subtitles download, The Leftovers season 1 sinhala sub web-dl, pixelpoplk sinhala subtitles, crime drama series sinhala sub | Description: The Leftovers Season 1 Episode 2 Sinhala Subtitles. Download The Leftovers S01E02 Sinhala Sub online from pixelpoplk.",https://t.me/Pixelpopnew_bot?start=x_bRpXsB2qo,2
270,2026-08-29 04:30:40.560346+00,The Leftovers,https://frdgyadvbdpacwfoqybw.supabase.co/storage/v1/object/public/subtitles/The%20Leftovers%20S01e03%20400040/The_Leftovers_S01E03_400040.zip?download,https://image.tmdb.org/t/p/original/lxRQJr68o9fZI1RzGDc0qeYX4Je.jpg,"Mystery, Drama, Fantasy, Psychological","🕵️‍♂️ The Leftovers Season 1 Episode 3 - සිංහල උපසිරැසි 🎬

The Leftovers Season 1 Episode 3 delivers a highly captivating look into Reverend Matt Jamison's struggles to save his church. This psychological drama reveals escalating personal stakes. Get the leftovers sinhala sub with high-quality WEB-DL video files directly on pixelpoplk.

ඔන්න යාළුවනේ, HBO නාලිකාව හරහා විකාශනය වුණු අතිශය ජනප්‍රිය වගේම සම්මානනීය මනෝවිද්‍යාත්මක නාට්‍යමය කතා මාලාවක් වන The Leftovers හි තුන්වැනි කොටසට (Episode 3) සිංහල උපසිරැසි අරගෙන ආවා. මුල සිට අගටම කුතුහලය උපරිමයෙන්ම පවත්වාගෙන යන මෙම විශිෂ්ටතම නිර්මාණය කිසිසේත්ම මඟහැරගන්න එපා. මෙම උපසිරැසි WEB-DL පිටපත් සඳහා ගැලපේ.

📥 වීඩියෝ පිටපත් සහ උපසිරැසි ලබාගන්නේ මෙහෙමයි:

📄 Direct Download: කිසිම කරදරයක් නැතුව සිංහල උපසිරැසි ගොනුව (SRT) කෙලින්ම ඩවුන්ලෝඩ් කරගන්න පුළුවන්.

✈️ Telegram Download: 720p, 1080p WEB-DL කොපි ටෙලිග්‍රෑම් චැනල් එක හරහා ගන්න පුළුවන්.",8.3,2014,1,3,"Keywords: The Leftovers Season 1 Episode 3 Sinhala Subtitles, The Leftovers S01E03 sinhala sub, The Leftovers Season 1 Episode 3 sinhala subtitle download, The Leftovers S01E03 sinhala sub pixelpoplk, The Leftovers sinhala sub pixelpop.lk, pixelpoplk HBO Leftovers, ද ලෙෆ්ට්ඕවර්ස් සිංහල උපසිරැසි, The Leftovers full series sinhala subtitles download, The Leftovers season 1 sinhala sub web-dl, pixelpoplk sinhala subtitles, crime drama series sinhala sub | Description: The Leftovers Season 1 Episode 3 Sinhala Subtitles. Download The Leftovers S01E03 Sinhala Sub online from pixelpoplk.",https://t.me/Pixelpopnew_bot?start=Znb5S3WzGZM,1
271,2026-08-29 04:30:40.560346+00,The Leftovers,https://frdgyadvbdpacwfoqybw.supabase.co/storage/v1/object/public/subtitles/The%20Leftovers%20S01e04%20330911/The_Leftovers_S01E04_330911.zip?download,https://image.tmdb.org/t/p/original/lxRQJr68o9fZI1RzGDc0qeYX4Je.jpg,"Mystery, Drama, Fantasy, Psychological","🕵️‍♂️ The Leftovers Season 1 Episode 4 - සිංහල උපසිරැසි 🎬

The Leftovers Season 1 Episode 4 explores Mapleton's holiday season amidst lingering grief. Kevin faces increasing pressure from both his family and local factions. The leftovers sinhala sub is provided on pixelpoplk for high-quality WEB-DL video files.

ඔන්න යාළුවනේ, HBO නාලිකාව හරහා විකාශනය වුණු අතිශය ජනප්‍රිය වගේම සම්මානනීය මනෝවිද්‍යාත්මක නාට්‍යමය කතා මාලාවක් වන The Leftovers හි හතරවැනි කොටසට (Episode 4) සිංහල උපසිරැසි අරගෙන ආවා. මුල සිට අගටම කුතුහලය උපරිමයෙන්ම පවත්වාගෙන යන මෙම විශිෂ්ටතම නිර්මාණය කිසිසේත්ම මඟහැරගන්න එපා. මෙම උපසිරැසි WEB-DL පිටපත් සඳහා ගැලපේ.

📥 වීඩියෝ පිටපත් සහ උපසිරැසි ලබාගන්නේ මෙහෙමයි:

📄 Direct Download: කිසිම කරදරයක් නැතුව සිංහල උපසිරැසි ගොනුව (SRT) කෙලින්ම ඩවුන්ලෝඩ් කරගන්න පුළුවන්.

✈️ Telegram Download: 720p, 1080p WEB-DL කොපි ටෙලිග්‍රෑම් චැනල් එක හරහා ගන්න පුළුවන්.",8.3,2014,1,4,"Keywords: The Leftovers Season 1 Episode 4 Sinhala Subtitles, The Leftovers S01E04 sinhala sub, The Leftovers Season 1 Episode 4 sinhala subtitle download, The Leftovers S01E04 sinhala sub pixelpoplk, The Leftovers sinhala sub pixelpop.lk, pixelpoplk HBO Leftovers, ද ලෙෆ්ට්ඕවර්ස් සිංහල උපසිරැසි, The Leftovers full series sinhala subtitles download, The Leftovers season 1 sinhala sub web-dl, pixelpoplk sinhala subtitles, crime drama series sinhala sub | Description: The Leftovers Season 1 Episode 4 Sinhala Subtitles. Download The Leftovers S01E04 Sinhala Sub online from pixelpoplk.",https://t.me/Pixelpopnew_bot?start=iPnia69a7eQ,1
272,2026-08-29 04:30:40.560346+00,The Leftovers,https://frdgyadvbdpacwfoqybw.supabase.co/storage/v1/object/public/subtitles/The%20Leftovers%20S01e05%20288409/The_Leftovers_S01E05_288409.zip?download,https://image.tmdb.org/t/p/original/lxRQJr68o9fZI1RzGDc0qeYX4Je.jpg,"Mystery, Drama, Fantasy, Psychological","🕵️‍♂️ The Leftovers Season 1 Episode 5 - සිංහල උපසිරැසි 🎬

The Leftovers Season 1 Episode 5 highlights intense psychological conflicts inside the community as old boundaries are tested. Tony and Laurie struggle with their choices. Access the leftovers sinhala sub on pixelpoplk.

ඔන්න යාළුවනේ, HBO නාලිකාව හරහා විකාශනය වුණු අතිශය ජනප්‍රිය වගේම සම්මානනීය මනෝවිද්‍යාත්මක නාට්‍යමය කතා මාලාවක් වන The Leftovers හි පස්වැනි කොටසට (Episode 5) සිංහල උපසිරැසි අරගෙන ආවා. මුල සිට අගටම කුතුහලය උපරිමයෙන්ම පවත්වාගෙන යන මෙම විශිෂ්ටතම නිර්මාණය කිසිසේත්ම මඟහැරගන්න එපා. මෙම උපසිරැසි WEB-DL පිටපත් සඳහා ගැලපේ.

📥 වීඩියො පිටපත් සහ උපසිරැසි ලබාගන්නේ මෙහෙමයි:

📄 Direct Download: කිසිම කරදරයක් නැතුව සිංහල උපසිරැසි ගොනුව (SRT) කෙලින්ම ඩවුන්ලෝඩ් කරගන්න පුළුවන්.

✈️ Telegram Download: 720p, 1080p WEB-DL කොපි ටෙලිග්‍රෑම් චැනල් එක හරහා ගන්න පුළුවන්.",8.3,2014,1,5,"Keywords: The Leftovers Season 1 Episode 5 Sinhala Subtitles, The Leftovers S01E05 sinhala sub, The Leftovers Season 1 Episode 5 sinhala subtitle download, The Leftovers S01E05 sinhala sub pixelpoplk, The Leftovers sinhala sub pixelpop.lk, pixelpoplk HBO Leftovers, ද ලෙෆ්ට්ඕවර්ස් සිංහල උපසිරැසි, The Leftovers full series sinhala subtitles download, The Leftovers season 1 sinhala sub web-dl, pixelpoplk sinhala subtitles, crime drama series sinhala sub | Description: The Leftovers Season 1 Episode 5 Sinhala Subtitles. Download The Leftovers S01E05 Sinhala Sub online from pixelpoplk.",https://t.me/Pixelpopnew_bot?start=Aqb1nVhTeis,1
273,2026-08-29 04:30:40.560346+00,The Leftovers,https://frdgyadvbdpacwfoqybw.supabase.co/storage/v1/object/public/subtitles/The%20Leftovers%20S01e06%20121644/The_Leftovers_S01E06_121644.zip?download,https://image.tmdb.org/t/p/original/lxRQJr68o9fZI1RzGDc0qeYX4Je.jpg,"Mystery, Drama, Fantasy, Psychological","🕵️‍♂️ The Leftovers Season 1 Episode 6 - සිංහල උපසිරැසි 🎬

The Leftovers Season 1 Episode 6 follows Nora Durst as she attends a conference in New York to find closure. This highly acclaimed installment provides profound character depth. Download the leftovers sinhala sub on pixelpoplk.

ඔන්න යාළුවනේ, HBO නාලිකාව හරහා විකාශනය වුණු අතිශය ජනප්‍රිය වගේම සම්මානනීය මනෝවිද්‍යාත්මක නාට්‍යමය කතා මාලාවක් වන The Leftovers හි හයවැනි කොටසට (Episode 6) සිංහල උපසිරැසි අරගෙන ආවා. මුල සිට අගටම කුතුහලය උපරිමයෙන්ම පවත්වාගෙන යන මෙම විශිෂ්ටතම නිර්මාණය කිසිසේත්ම මඟහැරගන්න එපා. මෙම උපසිරැසි WEB-DL පිටපත් සඳහා ගැලපේ.

📥 වීඩියෝ පිටපත් සහ උපසිරැසි ලබාගන්නේ මෙහෙමයි:

📄 Direct Download: කිසිම කරදරයක් නැතුව සිංහල උපසිරැසි ගොනුව (SRT) කෙලින්ම ඩවුන්ලෝඩ් කරගන්න පුළුවන්.

✈️ Telegram Download: 720p, 1080p WEB-DL කොපි ටෙලිග්‍රෑම් චැනල් එක හරහා ගන්න පුළුවන්.",8.3,2014,1,6,"Keywords: The Leftovers Season 1 Episode 6 Sinhala Subtitles, The Leftovers S01E06 sinhala sub, The Leftovers Season 1 Episode 6 sinhala subtitle download, The Leftovers S01E06 sinhala sub pixelpoplk, The Leftovers sinhala sub pixelpop.lk, pixelpoplk HBO Leftovers, ද ලෙෆ්ට්ඕවර්ස් සිංහල උපසිරැසි, The Leftovers full series sinhala subtitles download, The Leftovers season 1 sinhala sub web-dl, pixelpoplk sinhala subtitles, crime drama series sinhala sub | Description: The Leftovers Season 1 Episode 6 Sinhala Subtitles. Download The Leftovers S01E06 Sinhala Sub online from pixelpoplk.",https://t.me/Pixelpopnew_bot?start=FNd8dP5-PTc,1
274,2026-08-29 04:30:40.560346+00,The Leftovers,https://frdgyadvbdpacwfoqybw.supabase.co/storage/v1/object/public/subtitles/The%20Leftovers%20S01e07%20306519/The_Leftovers_S01E07_306519.zip?download,https://image.tmdb.org/t/p/original/lxRQJr68o9fZI1RzGDc0qeYX4Je.jpg,"Mystery, Drama, Fantasy, Psychological","🕵️‍♂️ The Leftovers Season 1 Episode 7 - සිංහල උපසිරැසි 🎬

The Leftovers Season 1 Episode 7 explores Kevin Garvey's mounting struggles to separate reality from delusion. Local mysteries continue to widen. The leftovers sinhala sub is available on pixelpoplk directly.

ඔන්න යාළුවනේ, HBO නාලිකාව හරහා විකාශනය වුණු අතිශය ජනප්‍රිය වගේම සම්මානනීය මනෝවිද්‍යාත්මක නාට්‍යමය කතා මාලාවක් වන The Leftovers හි හත්වැනි කොටසට (Episode 7) සිංහල උපසිරැසි අරගෙන ආවා. මුල සිට අගටම කුතුහලය උපරිමයෙන්ම පවත්වාගෙන යන මෙම විශිෂ්ටතම නිර්මාණය කිසිසේත්ම මඟහැරගන්න එපා. මෙම උපසිරැසි WEB-DL පිටපත් සඳහා ගැලපේ.

📥 වීඩියෝ පිටපත් සහ උපසිරැසි ලබාගන්නේ මෙහෙමයි:

📄 Direct Download: කිසිම කරදරයක් නැතුව සිංහල උපසිරැසි ගොනුව (SRT) කෙලින්ම ඩවුන්ලෝඩ් කරගන්න පුළුවන්.

✈️ Telegram Download: 720p, 1080p WEB-DL කොපි ටෙලිග්‍රෑම් චැනල් එක හරහා ගන්න පුළුවන්.",8.3,2014,1,7,"Keywords: The Leftovers Season 1 Episode 7 Sinhala Subtitles, The Leftovers S01E07 sinhala sub, The Leftovers Season 1 Episode 7 sinhala subtitle download, The Leftovers S01E07 sinhala sub pixelpoplk, The Leftovers sinhala sub pixelpop.lk, pixelpoplk HBO Leftovers, ද ලෙෆ්ට්ඕවර්ස් සිංහල උපසිරැසි, The Leftovers full series sinhala subtitles download, The Leftovers season 1 sinhala sub web-dl, pixelpoplk sinhala subtitles, crime drama series sinhala sub | Description: The Leftovers Season 1 Episode 7 Sinhala Subtitles. Download The Leftovers S01E07 Sinhala Sub online from pixelpoplk.",https://t.me/Pixelpopnew_bot?start=cElv_CfVNmA,1
275,2026-08-29 04:30:40.560346+00,The Leftovers,https://frdgyadvbdpacwfoqybw.supabase.co/storage/v1/object/public/subtitles/The%20Leftovers%20S01e08%20558413/The_Leftovers_S01E08_558413.zip?download,https://image.tmdb.org/t/p/original/lxRQJr68o9fZI1RzGDc0qeYX4Je.jpg,"Mystery, Drama, Fantasy, Psychological","🕵️‍♂️ The Leftovers Season 1 Episode 8 - සිංහල උපසිරැසි 🎬

The Leftovers Season 1 Episode 8 presents rising tensions as the local group's actions provoke the townspeople. Kevin's leadership is put to a severe test. Find the leftovers sinhala sub directly on pixelpoplk.

ඔන්න යාළුවනේ, HBO නාලිකාව හරහා විකාශනය වුණු අතිශය ජනප්‍රිය වගේම සම්මානනීය මනෝවිද්‍යාත්මක නාට්‍යමය කතා මාලාවක් වන The Leftovers හි අටවැනි කොටසට (Episode 8) සිංහල උපසිරැසි අරගෙන ආවා. මුල සිට අගටම කුතුහලය උපරිමයෙන්ම පවත්වාගෙන යන මෙම විශිෂ්ටතම නිර්මාණය කිසිසේත්ම මඟහැරගන්න එපා. මෙම උපසිරැසි WEB-DL පිටපත් සඳහා ගැලපේ.

📥 වීඩියෝ පිටපත් සහ උපසිරැසි ලබාගන්නේ මෙහෙමයි:

📄 Direct Download: කිසිම කරදරයක් නැතුව සිංහල උපසිරැසි ගොනුව (SRT) කෙලින්ම ඩවුන්ලෝඩ් කරගන්න පුළුවන්.

✈️ Telegram Download: 720p, 1080p WEB-DL කොපි ටෙලිග්‍රෑම් චැනල් එක හරහා ගන්න පුළුවන්.",8.3,2014,1,8,"Keywords: The Leftovers Season 1 Episode 8 Sinhala Subtitles, The Leftovers S01E08 sinhala sub, The Leftovers Season 1 Episode 8 sinhala subtitle download, The Leftovers S01E08 sinhala sub pixelpoplk, The Leftovers sinhala sub pixelpop.lk, pixelpoplk HBO Leftovers, ද ලෙෆ්ට්ඕවර්ස් සිංහල උපසිරැසි, The Leftovers full series sinhala subtitles download, The Leftovers season 1 sinhala sub web-dl, pixelpoplk sinhala subtitles, crime drama series sinhala sub | Description: The Leftovers Season 1 Episode 8 Sinhala Subtitles. Download The Leftovers S01E08 Sinhala Sub online from pixelpoplk.",https://t.me/Pixelpopnew_bot?start=wozOtw-LVtA,1
276,2026-08-29 04:30:40.560346+00,The Leftovers,https://frdgyadvbdpacwfoqybw.supabase.co/storage/v1/object/public/subtitles/The%20Leftovers%20S01e09%20802341/The_Leftovers_S01E09_802341.zip?download,https://image.tmdb.org/t/p/original/lxRQJr68o9fZI1RzGDc0qeYX4Je.jpg,"Mystery, Drama, Fantasy, Psychological","🕵️‍♂️ The Leftovers Season 1 Episode 9 - සිංහල උපසිරැසි 🎬

The Leftovers Season 1 Episode 9 takes a look back at the days leading up to the sudden departure. Witness the fragile stability of the characters before everything changed. The leftovers sinhala sub is provided on pixelpoplk.

ඔන්න යාළුවනේ, HBO නාලිකාව හරහා විකාශනය වුණු අතිශය ජනප්‍රිය වගේම සම්මානනීය මනෝවිද්‍යාත්මක නාට්‍යමය කතා මාලාවක් වන The Leftovers හි නවවැනි කොටසට (Episode 9) සිංහල උපසිරැසි අරගෙන ආවා. මුල සිට අගටම කුතුහලය උපරිමයෙන්ම පවත්වාගෙන යන මෙම විශිෂ්ටතම නිර්මාණය කිසිසේත්ම මඟහැරගන්න එපා. මෙම උපසිරැසි WEB-DL පිටපත් සඳහා ගැලපේ.

📥 වීඩියෝ පිටපත් සහ උපසිරැසි ලබාගන්නේ මෙහෙමයි:

📄 Direct Download: කිසිම කරදරයක් නැතුව සිංහල උපසිරැසි ගොනුව (SRT) කෙලින්ම ඩවුන්ලෝඩ් කරගන්න පුළුවන්.

✈️ Telegram Download: 720p, 1080p WEB-DL කොපි ටෙලිග්‍රෑම් චැනල් එක හරහා ගන්න පුළුවන්.",8.3,2014,1,9,"Keywords: The Leftovers Season 1 Episode 9 Sinhala Subtitles, The Leftovers S01E09 sinhala sub, The Leftovers Season 1 Episode 9 sinhala subtitle download, The Leftovers S01E09 sinhala sub pixelpoplk, The Leftovers sinhala sub pixelpop.lk, pixelpoplk HBO Leftovers, ද ලෙෆ්ට්ඕවර්ස් සිංහල උපසිරැසි, The Leftovers full series sinhala subtitles download, The Leftovers season 1 sinhala sub web-dl, pixelpoplk sinhala subtitles, crime drama series sinhala sub | Description: The Leftovers Season 1 Episode 9 Sinhala Subtitles. Download The Leftovers S01E09 Sinhala Sub online from pixelpoplk.",https://t.me/Pixelpopnew_bot?start=p8gZqp4y2WY,1
277,2026-08-29 04:30:40.560346+00,The Leftovers,https://frdgyadvbdpacwfoqybw.supabase.co/storage/v1/object/public/subtitles/The%20Leftovers%20S01e10%20886631/The_Leftovers_S01E10_886631.zip?download,https://image.tmdb.org/t/p/original/lxRQJr68o9fZI1RzGDc0qeYX4Je.jpg,"Mystery, Drama, Fantasy, Psychological","🕵️‍♂️ The Leftovers Season 1 Episode 10 - සිංහල උපසිරැසි 🎬

The Leftovers Season 1 Episode 10 delivers the monumental and dramatic season finale. All outstanding conflicts reach their peak in Mapleton. Get the leftovers sinhala sub on pixelpoplk.

ඔන්න යාළුවනේ, HBO නාලිකාව හරහා විකාශනය වුණු අතිශය ජනප්‍රිය වගේම සම්මානනීය මනෝවිද්‍යාත්මක නාට්‍යමය කතා මාලාවක් වන The Leftovers හි දහවැනි කොටසට (Episode 10) සිංහල උපසිරැසි අරගෙන ආවා. මුල සිට අගටම කුතුහලය උපරිමයෙන්ම පවත්වාගෙන යන මෙම විශිෂ්ටතම නිර්මාණය කිසිසේත්ම මඟහැරගන්න එපා. මෙම උපසිරැසි WEB-DL පිටපත් සඳහා ගැලපේ.

📥 වීඩියෝ පිටපත් සහ උපසිරැසි ලබාගන්නේ මෙහෙමයි:

📄 Direct Download: කිසිම කරදරයක් නැතුව සිංහල උපසිරැසි ගොනුව (SRT) කෙලින්ම ඩවුන්ලෝඩ් කරගන්න පුළුවන්.

✈️ Telegram Download: 720p, 1080p WEB-DL කොපි ටෙලිග්‍රෑම් චැනල් එක හරහා ගන්න පුළුවන්.",8.3,2014,1,10,"Keywords: The Leftovers Season 1 Episode 10 Sinhala Subtitles, The Leftovers S01E10_886631 sinhala sub, The Leftovers Season 1 Episode 10 sinhala subtitle download, The Leftovers S01E10_886631 sinhala sub pixelpoplk, The Leftovers sinhala sub pixelpop.lk, pixelpoplk HBO Leftovers, ද ලෙෆ්ට්ඕවර්ස් සිංහල උපසිරැසි, The Leftovers full series subtitles download, The Leftovers season 1 sinhala sub web-dl, pixelpoplk sinhala subtitles, crime drama series sinhala sub | Description: The Leftovers Season 1 Episode 10 Sinhala Subtitles. Download The Leftovers S01E10 Sinhala Sub online from pixelpoplk.",https://t.me/Pixelpopnew_bot?start=PoJfpe4CIQQ,1
278,2026-08-29 16:00:51.135655+00,The Wire,https://frdgyadvbdpacwfoqybw.supabase.co/storage/v1/object/public/subtitles/The%20Wire%20S01e01%20433618/The_Wire_S01E01_433618.zip?download,https://image.tmdb.org/t/p/original/4lbclFySvugI51fwsyxBTOm4DqK.jpg,"Crime, Drama, Thriller, Police Procedural","🕵️‍♂️ The Wire - සිංහල උපසිරැසි 🎬

The Wire delivers a gritty, raw, and masterpiece of a crime-drama series from HBO. Set in Baltimore, it explores the complex and compromised worlds of both law enforcement and drug syndicates, showing the thin line between the cops and the criminals. 

ඔන්න යාළුවනේ, ලෝකයේ බිහිවුණු හොඳම ටීවී සීරීස් එකක් විදිහට හැමදාමත් උඩින්ම කතා වෙන, HBO එකෙන් නිකුත් කරපු ""The Wire"" සුපිරි අපරාධ කතා මාලාවට සිංහල උපසිරැසි අරගෙන ආවා. IMDb එකේ 9.3/10ක අති දැවැන්ත රේටින් එකක් ගත්ත මේ කතාව, ලෝකයේ තියෙන සැබෑ අපරාධ ලෝකය සහ නීතිය ක්‍රියාත්මක වෙන හැටි කිසිම සැඟවීමක් නැතුව, ඉතාමත් යථාර්ථවාදීව පෙන්නුම් කරන විශිෂ්ටතම නිර්මාණයක්.

කතාව පැත්තට ගියොත්, මේක ගෙතෙන්නේ ඇමරිකාවේ බැල්ටිමෝර් (Baltimore) නගරය පසුබිම් කරගෙනයි. නගරය පුරාම දරුණු විදිහට පැතිරිලා තියෙන මත්ද්‍රව්‍ය ජාලය සහ අපරාධ මර්දනය කරන්න එරෙහිව පොලිසිය කරන දැවැන්ත සටන තමයි මෙතැනදී බලාගන්න ලැබෙන්නේ. මෙහිදී බැල්ටිමෝර් පොලිසියේ විශේෂ විමර්ශන ඒකකය විසින් නගරයේ ප්‍රධානම මත්ද්‍රව්‍ය කල්ලියක් කොටු කරගන්න රහසිගත දුරකථන සවන්දීම් (Wiretapping) සහ ඔත්තු බැලීම් දියත් කරනවා.

මේ කතාවේ තියෙන විශේෂම දේ තමයි, මේකේ හොඳ මිනිස්සු හෝ නරක මිනිස්සු කියලා කොටසක් නැහැ. නීතිය රකින පොලිසියේ ඉන්න අයගේ දූෂිත බව, දුර්වලකම් වගේම අපරාධ ලෝකයේ ඉන්න අයගේ තියෙන මානුෂීය ගතිගුණ සහ ජීවත් වෙන්න කරන අරගලය දෙපැත්තෙන්ම අපූරුවට පෙන්නුම් කරනවා. මත්ද්‍රව්‍ය ජාවාරම්කරුවන්ගේ පැත්තෙන් Avon Barksdale සහ Stringer Bell (Idris Elba) වගේ චරිතත්, පොලිසියේ පැත්තෙන් Jimmy McNulty (Dominic West) වගේ චරිතත් අතර සිද්ධ වෙන මේ මහා බුද්ධිමය සටන කොහොමද ගලාගෙන යන්නේ කියලා ඔයාලම බලන්න.

කිසිසේත්ම මඟහැරගන්න නොකළ යුතු, හැම තත්පරේම කුතුහලයෙන් බලන්න පුළුවන් මේ පට්ටම සීරීස් එක ඔයාගේ Must Watch ලිස්ට් එකට අනිවාර්යයෙන්ම එකතු කරගන්න.

📥 වීඩියෝ පිටපත් සහ උපසිරැසි ලබාගන්නේ මෙහෙමයි:

📄 Direct Download: කිසිම කරදරයක් නැතුව සිංහල උපසිරැසි ගොනුව (SRT) කෙලින්ම ඩවුන්ලෝඩ් කරගන්න පුළුවන්.

✈️ Telegram Download: 720p Bluray කොපි ටෙලිග්‍රෑම් චැනල් එක හරහා ගන්න පුළුවන්.",9.3,2002,1,1,"Keywords: The Wire Season 1 Episode 1 Sinhala Subtitles, The Wire S01E01 sinhala sub, The Wire Season 1 sinhala subtitle download, The Wire S01E01 sinhala sub pixelpoplk, The Wire sinhala sub pixelpop.lk, pixelpoplk HBO wire, ද වයර් සිංහල උපසිරැසි, The Wire full series sinhala subtitles download, The Wire sinhala sub bluray, pixelpoplk sinhala subtitles, crime drama series sinhala sub, HBO crime series sinhala | Description: The Wire Season 1 Episode 1 Sinhala Subtitles. Download The Wire S01E01 Sinhala Sub online from pixelpoplk.",https://t.me/Pixelpopnew_bot?start=jDKMUsV0xMc,42
279,2026-08-29 16:00:51.135655+00,The Wire,https://frdgyadvbdpacwfoqybw.supabase.co/storage/v1/object/public/subtitles/The%20Wire%20S01e02%20996380/The_Wire_S01E02_996380.zip?download,https://image.tmdb.org/t/p/original/4lbclFySvugI51fwsyxBTOm4DqK.jpg,"Crime, Drama, Thriller, Police Procedural","🕵️‍♂️ The Wire Season 1 Episode 2 - සිංහල උපසිරැසි 🎬

The Wire Season 1 Episode 2 continues to delve into the complex investigation of Baltimore's drug syndicates. Detective McNulty and the team begin setting up the wiretap process. Download high-quality 720p BluRay video files directly on pixelpoplk.

ඔන්න යාළුවනේ, 'The Wire' කතා මාලාවේ 1 වැනි කතා සමයේ (Season 1) දෙවැනි කොටසට (Episode 2) සිංහල උපසිරැසි අරගෙන ආවා. මෙම උපසිරැසි Bluray පිටපත් වලට ගැළපේ.

📥 වීඩියෝ පිටපත් සහ උපසිරැසි ලබාගන්නේ මෙහෙමයි:

📄 Direct Download: කිසිම කරදරයක් නැතුව සිංහල උපසිරැසි ගොනුව (SRT) කෙලින්ම ඩවුන්ලෝඩ් කරගන්න පුළුවන්.

✈️ Telegram Download: 720p Bluray කොපි ටෙලිග්‍රෑම් චැනල් එක හරහා ගන්න පුළුවන්.",9.3,2002,1,2,"Keywords: The Wire Season 1 Episode 2 Sinhala Subtitles, The Wire S01E02 sinhala sub, The Wire Season 1 sinhala subtitle download, The Wire S01E02 sinhala sub pixelpoplk, The Wire sinhala sub pixelpop.lk, pixelpoplk HBO wire, ද වයර් සිංහල උපසිරැසි, The Wire full series sinhala subtitles download, The Wire sinhala sub bluray, pixelpoplk sinhala subtitles, crime drama series sinhala sub, HBO crime series sinhala | Description: The Wire Season 1 Episode 2 Sinhala Subtitles. Download The Wire S01E02 Sinhala Sub online from pixelpoplk.",https://t.me/Pixelpopnew_bot?start=ZYlY39xR1Jc,14
280,2026-08-29 16:00:51.135655+00,The Wire,https://frdgyadvbdpacwfoqybw.supabase.co/storage/v1/object/public/subtitles/The%20Wire%20S01e03%20241481/The_Wire_S01E03_241481.zip?download,https://image.tmdb.org/t/p/original/4lbclFySvugI51fwsyxBTOm4DqK.jpg,"Crime, Drama, Thriller, Police Procedural","🕵️‍♂️ The Wire Season 1 Episode 3 - සිංහල උපසිරැසි 🎬

The Wire Season 1 Episode 3 brings rising tension as the detail gains momentum. The street operations of the Barksdale crew start facing unpredicted pressure. Download high-quality 720p BluRay video files directly on pixelpoplk.

ඔන්න යාළුවනේ, 'The Wire' කතා මාලාවේ 1 වැනි කතා සමයේ (Season 1) තුන්වැනි කොටසට (Episode 3) සිංහල උපසිරැසි අරගෙන ආවා. මෙම උපසිරැසි Bluray පිටපත් වලට ගැළපේ.

📥 වීඩියෝ පිටපත් සහ උපසිරැසි ලබාගන්නේ මෙහෙමයි:

📄 Direct Download: කිසිම කරදරයක් නැතුව සිංහල උපසිරැසි ගොනුව (SRT) කෙලින්ම ඩවුන්ලෝඩ් කරගන්න පුළුවන්.

✈️ Telegram Download: 720p Bluray කොපි ටෙලිග්‍රෑම් චැනල් එක හරහා ගන්න පුළුවන්.",9.3,2002,1,3,"Keywords: The Wire Season 1 Episode 3 Sinhala Subtitles, The Wire S01E03 sinhala sub, The Wire Season 1 sinhala subtitle download, The Wire S01E03 sinhala sub pixelpoplk, The Wire sinhala sub pixelpop.lk, pixelpoplk HBO wire, ද වයර් සිංහල උපසිරැසි, The Wire full series sinhala subtitles download, The Wire sinhala sub bluray, pixelpoplk sinhala subtitles, crime drama series sinhala sub, HBO crime series sinhala | Description: The Wire Season 1 Episode 3 Sinhala Subtitles. Download The Wire S01E03 Sinhala Sub online from pixelpoplk.",https://t.me/Pixelpopnew_bot?start=clxwqDk-4Gw,8
281,2026-08-29 16:00:51.135655+00,The Wire,https://frdgyadvbdpacwfoqybw.supabase.co/storage/v1/object/public/subtitles/The%20Wire%20S01e04%20512106/The_Wire_S01E04_512106.zip?download,https://image.tmdb.org/t/p/original/4lbclFySvugI51fwsyxBTOm4DqK.jpg,"Crime, Drama, Thriller, Police Procedural","🕵️‍♂️ The Wire Season 1 Episode 4 - සිංහල උපසිරැසි 🎬

The Wire Season 1 Episode 4 focuses on the police detail expanding its surveillance tactics. Tensions flare up as both sides of the law play a delicate cat-and-mouse game. Download high-quality 720p BluRay video files directly on pixelpoplk.

ඔන්න යාළුවනේ, 'The Wire' කතා මාලාවේ 1 වැනි කතා සමයේ (Season 1) හතරවැනි කොටසට (Episode 4) සිංහල උපසිරැසි අරගෙන ආවා. මෙම උපසිරැසි Bluray පිටපත් වලට ගැළපේ.

📥 වීඩියෝ පිටපත් සහ උපසිරැසි ලබාගන්නේ මෙහෙමයි:

📄 Direct Download: කිසිම කරදරයක් නැතුව සිංහල උපසිරැසි ගොනුව (SRT) කෙලින්ම ඩවුන්ලෝඩ් කරගන්න පුළුවන්.

✈️ Telegram Download: 720p Bluray කොපි ටෙලිග්‍රෑම් චැනල් එක හරහා ගන්න පුළුවන්.",9.3,2002,1,4,"Keywords: The Wire Season 1 Episode 4 Sinhala Subtitles, The Wire S01E04 sinhala sub, The Wire Season 1 sinhala subtitle download, The Wire S01E04 sinhala sub pixelpoplk, The Wire sinhala sub pixelpop.lk, pixelpoplk HBO wire, ද වයර් සිංහල උපසිරැසි, The Wire full series sinhala subtitles download, The Wire sinhala sub bluray, pixelpoplk sinhala subtitles, crime drama series sinhala sub, HBO crime series sinhala | Description: The Wire Season 1 Episode 4 Sinhala Subtitles. Download The Wire S01E04 Sinhala Sub online from pixelpoplk.",https://t.me/Pixelpopnew_bot?start=rlJiHSM4eeo,6
282,2026-08-29 16:00:51.135655+00,The Wire,https://frdgyadvbdpacwfoqybw.supabase.co/storage/v1/object/public/subtitles/The%20Wire%20S01e05%20256129/The_Wire_S01E05_256129.zip?download,https://image.tmdb.org/t/p/original/4lbclFySvugI51fwsyxBTOm4DqK.jpg,"Crime, Drama, Thriller, Police Procedural","🕵️‍♂️ The Wire Season 1 Episode 5 - සිංහල උපසිරැසි 🎬

The Wire Season 1 Episode 5 delivers outstanding investigation developments as the wiretap finally goes live. The team gets their first major breakthrough. Download high-quality 720p BluRay video files directly on pixelpoplk.

ඔන්න යාළුවනේ, 'The Wire' කතා මාලාවේ 1 වැනි කතා සමයේ (Season 1) පස්වැනි කොටසට (Episode 5) සිංහල උපසිරැසි අරගෙන ආවා. මෙම උපසිරැසි Bluray පිටපත් වලට ගැළපේ.

📥 වීඩියෝ පිටපත් සහ උපසිරැසි ලබාගන්නේ මෙහෙමයි:

📄 Direct Download: කිසිම කරදරයක් නැතුව සිංහල උපසිරැසි ගොනුව (SRT) කෙලින්ම ඩවුන්ලෝඩ් කරගන්න පුළුවන්.

✈️ Telegram Download: 720p Bluray කොපි ටෙලිග්‍රෑම් චැනල් එක හරහා ගන්න පුළුවන්.",9.3,2002,1,5,"Keywords: The Wire Season 1 Episode 5 Sinhala Subtitles, The Wire S01E05 sinhala sub, The Wire Season 1 sinhala subtitle download, The Wire S01E05 sinhala sub pixelpoplk, The Wire sinhala sub pixelpop.lk, pixelpoplk HBO wire, ද වයර් සිංහල උපසිරැසි, The Wire full series sinhala subtitles download, The Wire sinhala sub bluray, pixelpoplk sinhala subtitles, crime drama series sinhala sub, HBO crime series sinhala | Description: The Wire Season 1 Episode 5 Sinhala Subtitles. Download The Wire S01E05 Sinhala Sub online from pixelpoplk.",https://t.me/Pixelpopnew_bot?start=62lW7GNwF0o,4
283,2026-08-30 17:11:35.166847+00,The Walking Dead: Dead City,https://frdgyadvbdpacwfoqybw.supabase.co/storage/v1/object/public/subtitles/The%20Walking%20Dead%20Dead%20City%20S03e06%20967078/The_Walking_Dead_Dead_City_S03E06_967078.zip?download,https://image.tmdb.org/t/p/original/seYokxOjFyTVX13XgD2FNjWIry8.jpg,"Survival,Horror,Zombie,Drama,Tv Series","🕵️‍♂️ The Walking Dead: Dead City (Season 03, Episode 06) - සිංහල උපසිරැසි 🎬🧟‍♂️

​The Walking Dead: Dead City returns with an intense, action-packed third episode in Season 3! As Maggie and Negan navigate the brutal, walker-infested ruins of post-apocalyptic Manhattan, new threats emerge and fragile alliances are pushed to the absolute limit. Expect high-stakes tension, brutal survival choices, and shocking twists in this latest chapter. 

📥 Subtitles සහ Movies/TV Series පහසුවෙන්ම Download කරගන්නේ කෙසේද?

1. වෙබ් අඩවියෙන් Subtitles ලබාගැනීමට:

පියවර 01: මුලින්ම Dirrect Download Button එක ක්ලික් කරන්න.

පියවර 02: ඉන්පසු තත්පර 5ක් රැඳී සිට Ad එක ටිකක් වෙලා බලලා Back උනාම කොලපාට  download button එකක් එයි.

පියවර 03: දැන් Start Download ක්ලික් කරන්න. එවිට Subtitle ෆයිල් එක Zip File එකක් ලෙස ඩවුන්ලෝඩ් වේවි.

භාවිතා කරන ආකාරය: එම Zip ෆයිල් එක Extract (Unzip) කර, ඔබගේ Video Player එකට Add කරගෙන උපසිරැසි සමඟින් රසවිඳින්න.

2. Telegram හරහා Direct ලබාගැනීමට:
මෙහි ඇති Telegram Download Button එක ක්ලික් කරන්න.

එවිට අපගේ Telegram Bot මඟින් Movie  එක්හෝ TV Series Episode එක සෘජුවම ඔබට ලබා දෙනු ඇත.

එතැනින් ඉතා පහසුවෙන් ඩවුන්ලෝඩ් කර නැරඹීමේ හැකියාව පවතී.

📌 අලුත්ම Updates ලබාගැනීමට:

චිත්‍රපට සහ ටෙලි කථා මාලාවල අලුත්ම Updates සහ Subtitles ක්ෂණිකව ලබාගැනීමට දැන්ම අපගේ Telegram Channel එකට සහ FB Page එකට Join වෙන්න! 🎬",7,2023,3,6,"Walking Dead: Dead City Season 3 Episode 6 Sinhala Subtitles | ඩෙඩ් සිටි 3 වන කොටස සිංහල උපසිරැසි සමඟ  Walking Dead: Dead City Season 3 Episode 6 (3 වන කොටස) සිංහල උපසිරැසි සමඟ මෙතැනින් බාගත කරගන්න. Maggie සහ Negan ගේ නවතම ඇඩ්‍රිනලින් පිරි ක්‍රියාදාම ඇතුළත් Dead City S03 Ep 3 Sinhala Sub.  Walking dead dead city sinhala sub, dead city sinhala sub, The walking dead, dead ciS03E03  sinhala sub, dead city episode 06 sinhala sub, walking dead dead city season 03 episode 6 sinhala sub, dead city s03e03 sinhala sub, walking dead dead city sinhala subtitles, dead city sinhala subbed, tv series sinhala sub, baiscopelk, walking dead dead city sinhala sub",https://t.me/Pixelpopnew_bot?start=iZHLK5Jq54s,7
284,2026-08-30 17:59:35.347525+00,The Sopranos,https://frdgyadvbdpacwfoqybw.supabase.co/storage/v1/object/public/subtitles/The%20Sopranos%20S06e01%20214010/The_Sopranos_S06E01_214010.zip?download,https://image.tmdb.org/t/p/original/b1P9PAUI18mb62N0DtHOd71L3CT.jpg,"Crime, Drama, Thriller","🕵️‍♂️ The Sopranos Season 6 Episode 1 - සිංහල උපසිරැසි 🎬

The Sopranos Season 6 returns with the ultimate final chapter of the legendary crime drama. As Tony Soprano faces unexpected crises and rising pressures from rivals, the stakes have never been higher for the family. Download high-quality 720p BluRay video files directly on pixelpoplk.

ඔන්න යාළුවනේ, සර්වකාලීන විශිෂ්ටතම ටීවී සීරීස් එකක් විදිහට හැමෝම පිළිගන්න, HBO එකෙන් නිකුත් කරපු 'The Sopranos' කතා මාලාවේ අවසාන වගේම දැවැන්තම කතා සමයට (Season 6) සිංහල උපසිරැසි අරගෙන ආවා. මේ අවසන් කතා සමය බලන්න කලින්, කලින් කතා සමයන්වල සිද්ධ වුණු දේවල් කෙටියෙන් මතක් කරගන්න එක ඔයාලට ගොඩක් වටිනවා.

පසුගිය කතා සමයන්වලදී අපි දැක්කා නිව් ජර්සිවල ප්‍රධානියෙක් වෙන ටෝනි සෝප්‍රානෝ තමන්ගේ පවුලයි, ව්‍යාපාරයයි බේරගන්න දාපු සෙල්ලම්. විශේෂයෙන්ම 5 වැනි කතා සමයේදී (Season 5) නිව්යෝර්ක් කල්ලියත් එක්ක ඇතිවුණු ගැටුම නිසා ටෝනිට තමන්ගේම ළඟම නෑදෑයෙක් වෙන ටෝනි බ්ලැන්ඩෙටෝගේ අවසානය සිදුවීමට මැදිවෙන්න සිද්ධ වුණා. ඒ වගේම නිව්යෝර්ක්වල ප්‍රධාන ලොක්කා වෙන ජොනී සැක්ව FBI එකෙන් අල්ලගත්තට පස්සේ එහේ බලය පාලනය කරන්න පත්වෙන්නේ අතිශය දරුණු කෙනෙක් වෙන ෆිල් ලියෝටාඩෝයි (Phil Leotardo).

මෙන්න මේ වගේ දැඩි උණුසුම් පසුබිමක තමයි මේ 6 වැනි අවසන් කතා සමය (Season 6) ආරම්භ වෙන්නේ. මේ සීසන් එක ආරම්භයේදීම ටෝනිට නොසිතූ විදිහේ අතිශය දරුණු ජීවිත අවදානමකට මුහුණ දෙන්න සිද්ධ වෙනවා. මේ සිදුවීම නිසා මුළු සෝප්‍රානෝ පවුලම වගේම එයාලගේ කල්ලියත් ලොකු අර්බුදයකට ලක්වෙනවා. මේ අතරේ නිව්යෝර්ක් කල්ලියත් එක්ක තියෙන ගැටුම් තවත් වැඩිවෙලා දෙපිරිස අතරේ දරුණුතම තරඟයක් ආරම්භ වෙන්නයි යන්නේ. ඒ වගේම FBI එකෙන් එල්ල වෙන බලපෑමත් මේ වෙනකොට උපරිමයටම ඇවිත් තියෙන්නේ.

කතාව අවසාන වෙන්නේ කොහොමද? ටෝනි තමන්ගේ පවුලත්, ව්‍යාපාරයත් බේරගෙන අවසානය දක්වා ජීවත් වෙන්න සමත් වෙයිද? මුළු ලෝකයේම ලොකුම අවධානයක් දිනාගත්තු මේ සුපිරිම අවසානය බලාගන්න මේ කතා සමය අනිවාර්යයෙන්ම බලන්න.

මෙම උපසිරැසි Bluray පිටපත් වලට පමණක් ගැලපේ.💯

📥 වීඩියෝ පිටපත් සහ උපසිරැසි ලබාගන්නේ මෙහෙමයි:

📄 Direct Download: කිසිම කරදරයක් නැතුව සිංහල උපසිරැසි ගොනුව (SRT) කෙලින්ම ඩවුන්ලෝඩ් කරගන්න පුළුවන්.

✈️ Telegram Download: 720p bluray කොපි ටෙලිග්‍රෑම් චැනල් එක හරහා ගන්න පුළුවන්.",9.2,2006,6,1,"Keywords: The Sopranos Season 6 Episode 1 Sinhala Subtitles, The Sopranos S06E01 sinhala sub, The Sopranos Season 6 sinhala subtitle download, The Sopranos S06E01 sinhala sub pixelpoplk, The Sopranos sinhala sub pixelpop.lk, pixelpoplk HBO Sopranos, ද සෝප්‍රානෝස් සිංහල උපසිරැසි, The Sopranos full series sinhala subtitles download, The Sopranos season 6 sinhala sub bluray, pixelpoplk sinhala subtitles, crime drama series sinhala sub, HBO crime series sinhala | Description: The Sopranos Season 6 Episode 1 Sinhala Subtitles. Download The Sopranos S06E01 Sinhala Sub online from pixelpoplk.",https://t.me/Pixelpopnew_bot?start=o5bLGECHbsk,5
285,2026-08-30 17:59:35.347525+00,The Sopranos,https://frdgyadvbdpacwfoqybw.supabase.co/storage/v1/object/public/subtitles/The%20Sopranos%20S06e02%20104729/The_Sopranos_S06E02_104729.zip?download,https://image.tmdb.org/t/p/original/b1P9PAUI18mb62N0DtHOd71L3CT.jpg,"Crime, Drama, Thriller","🕵️‍♂️ The Sopranos Season 6 Episode 2 - සිංහල උපසිරැසි 🎬

The Sopranos Season 6 Episode 2 uncovers further emotional and operational complications for Tony's crew. With key members adjusting to new realities, the tension inside Jersey continues to build. Download high-quality 720p BluRay video files directly on pixelpoplk.

ඔන්න යාළුවනේ, 'The Sopranos' කතා මාලාවේ 6 වැනි කතා සමයේ (Season 6) දෙවැනි කොටසට (Episode 2) සිංහල උපසිරැසි අරගෙන ආවා. මෙම උපසිරැසි Bluray පිටපත් වලට පමණක් ගැලපේ.💯

📥 වීඩියෝ පිටපත් සහ උපසිරැසි ලබාගන්නේ මෙහෙමයි:

📄 Direct Download: කිසිම කරදරයක් නැතුව සිංහල උපසිරැසි ගොනුව (SRT) කෙලින්ම ඩවුන්ලෝඩ් කරගන්න පුළුවන්.

✈️ Telegram Download: 720p bluray කොපි ටෙලිග්‍රෑම් චැනල් එක හරහා ගන්න පුළුවන්.",9.2,2006,6,2,"Keywords: The Sopranos Season 6 Episode 2 Sinhala Subtitles, The Sopranos S06E02 sinhala sub, The Sopranos Season 6 sinhala subtitle download, The Sopranos S06E02 sinhala sub pixelpoplk, The Sopranos sinhala sub pixelpop.lk, pixelpoplk HBO Sopranos, ද සෝප්‍රානෝස් සිංහල උපසිරැසි, The Sopranos full series sinhala subtitles download, The Sopranos season 6 sinhala sub bluray, pixelpoplk sinhala subtitles, crime drama series sinhala sub, HBO crime series sinhala | Description: The Sopranos Season 6 Episode 2 Sinhala Subtitles. Download The Sopranos S06E02 Sinhala Sub online from pixelpoplk.",https://t.me/Pixelpopnew_bot?start=F9U9hMi2D2U,3
286,2026-08-30 17:59:35.347525+00,The Sopranos,https://frdgyadvbdpacwfoqybw.supabase.co/storage/v1/object/public/subtitles/The%20Sopranos%20S06e03%20483965/The_Sopranos_S06E03_483965.zip?download,https://image.tmdb.org/t/p/original/b1P9PAUI18mb62N0DtHOd71L3CT.jpg,"Crime, Drama, Thriller","🕵️‍♂️ The Sopranos Season 6 Episode 3 - සිංහල උපසිරැසි 🎬

The Sopranos Season 6 Episode 3 brings highly engaging narrative developments. As external forces pressure the family, critical business strategy decisions must be made. Download high-quality 720p BluRay video files directly on pixelpoplk.

ඔන්න යාළුවනේ, 'The Sopranos' කතා මාලාවේ 6 වැනි කතා සමයේ (Season 6) තුන්වැනි කොටසට (Episode 3) සිංහල උපසිරැසි අරගෙන ආවා. මෙම උපසිරැසි Bluray පිටපත් වලට පමණක් ගැලපේ.💯

📥 වීඩියෝ පිටපත් සහ උපසිරැසි ලබාගන්නේ මෙහෙමයි:

📄 Direct Download: කිසිම කරදරයක් නැතුව සිංහල උපසිරැසි ගොනුව (SRT) කෙලින්ම ඩවුන්ලෝඩ් කරගන්න පුළුවන්.

✈️ Telegram Download: 720p bluray කොපි ටෙලිග්‍රෑම් චැනල් එක හරහා ගන්න පුළුවන්.",9.2,2006,6,3,"Keywords: The Sopranos Season 6 Episode 3 Sinhala Subtitles, The Sopranos S06E03 sinhala sub, The Sopranos Season 6 sinhala subtitle download, The Sopranos S06E03 sinhala sub pixelpoplk, The Sopranos sinhala sub pixelpop.lk, pixelpoplk HBO Sopranos, ද සෝප්‍රානෝස් සිංහල උපසිරැසි, The Sopranos full series sinhala subtitles download, The Sopranos season 6 sinhala sub bluray, pixelpoplk sinhala subtitles, crime drama series sinhala sub, HBO crime series sinhala | Description: The Sopranos Season 6 Episode 3 Sinhala Subtitles. Download The Sopranos S06E03 Sinhala Sub online from pixelpoplk.",https://t.me/Pixelpopnew_bot?start=rJUo6b4tSE4,3
287,2026-08-30 17:59:35.347525+00,The Sopranos,https://frdgyadvbdpacwfoqybw.supabase.co/storage/v1/object/public/subtitles/The%20Sopranos%20S06e04%20123960/The_Sopranos_S06E04_123960.zip?download,https://image.tmdb.org/t/p/original/b1P9PAUI18mb62N0DtHOd71L3CT.jpg,"Crime, Drama, Thriller","🕵️‍♂️ The Sopranos Season 6 Episode 4 - සිංහල උපසිරැසි 🎬

The Sopranos Season 6 Episode 4 tests the loyalty of the Jersey syndicate. Old arrangements are questioned while new financial dynamics take center stage. Download high-quality 720p BluRay video files directly on pixelpoplk.

ඔන්න යාළුවනේ, 'The Sopranos' කතා මාලාවේ 6 වැනි කතා සමයේ (Season 6) හතරවැනි කොටසට (Episode 4) සිංහල උපසිරැසි අරගෙන ආවා. මෙම උපසිරැසි Bluray පිටපත් වලට පමණක් ගැලපේ.💯

📥 වීඩියෝ පිටපත් සහ උපසිරැසි ලබාගන්නේ මෙහෙමයි:

📄 Direct Download: කිසිම කරදරයක් නැතුව සිංහල උපසිරැසි ගොනුව (SRT) කෙලින්ම ඩවුන්ලෝඩ් කරගන්න පුළුවන්.

✈️ Telegram Download: 720p bluray කොපි ටෙලිග්‍රෑම් චැනල් එක හරහා ගන්න පුළුවන්.",9.2,2006,6,4,"Keywords: The Sopranos Season 6 Episode 4 Sinhala Subtitles, The Sopranos S06E04 sinhala sub, The Sopranos Season 6 sinhala subtitle download, The Sopranos S06E04 sinhala sub pixelpoplk, The Sopranos sinhala sub pixelpop.lk, pixelpoplk HBO Sopranos, ද සෝප්‍රානෝස් සිංහල උපසිරැසි, The Sopranos full series sinhala subtitles download, The Sopranos season 6 sinhala sub bluray, pixelpoplk sinhala subtitles, crime drama series sinhala sub, HBO crime series sinhala | Description: The Sopranos Season 6 Episode 4 Sinhala Subtitles. Download The Sopranos S06E04 Sinhala Sub online from pixelpoplk.",https://t.me/Pixelpopnew_bot?start=_Ur0e0nCEa4,1
288,2026-08-30 17:59:35.347525+00,The Sopranos,https://frdgyadvbdpacwfoqybw.supabase.co/storage/v1/object/public/subtitles/The%20Sopranos%20S06e05%20802539/The_Sopranos_S06E05_802539.zip?download,https://image.tmdb.org/t/p/original/b1P9PAUI18mb62N0DtHOd71L3CT.jpg,"Crime, Drama, Thriller","🕵️‍♂️ The Sopranos Season 6 Episode 5 - සිංහල උපසිරැසි 🎬

The Sopranos Season 6 Episode 5 delivers outstanding dramatic progress. Tony navigates intricate conflicts while keeping the federal pressure at bay. Download high-quality 720p BluRay video files directly on pixelpoplk.

ඔන්න යාළුවනේ, 'The Sopranos' කතා මාලාවේ 6 වැනි කතා සමයේ (Season 6) පස්වැනි කොටසට (Episode 5) සිංහල උපසිරැසි අරගෙන ආවා. මෙම උපසිරැසි Bluray පිටපත් වලට පමණක් ගැලපේ.💯

📥 වීඩියෝ පිටපත් සහ උපසිරැසි ලබාගන්නේ මෙහෙමයි:

📄 Direct Download: කිසිම කරදරයක් නැතුව සිංහල උපසිරැසි ගොනුව (SRT) කෙලින්ම ඩවුන්ලෝඩ් කරගන්න පුළුවන්.

✈️ Telegram Download: 720p bluray කොපි ටෙලිග්‍රෑම් චැනල් එක හරහා ගන්න පුළුවන්.",9.2,2006,6,5,"Keywords: The Sopranos Season 6 Episode 5 Sinhala Subtitles, The Sopranos S06E05 sinhala sub, The Sopranos Season 6 sinhala subtitle download, The Sopranos S06E05 sinhala sub pixelpoplk, The Sopranos sinhala sub pixelpop.lk, pixelpoplk HBO Sopranos, ද සෝප්‍රානෝස් සිංහල උපසිරැසි, The Sopranos full series sinhala subtitles download, The Sopranos season 6 sinhala sub bluray, pixelpoplk sinhala subtitles, crime drama series sinhala sub, HBO crime series sinhala | Description: The Sopranos Season 6 Episode 5 Sinhala Subtitles. Download The Sopranos S06E05 Sinhala Sub online from pixelpoplk.",https://t.me/Pixelpopnew_bot?start=QiXVEFzt47Q,3
289,2026-08-30 17:59:35.347525+00,The Wire,https://frdgyadvbdpacwfoqybw.supabase.co/storage/v1/object/public/subtitles/The%20Wire%20S01e06%20625294/The_Wire_S01E06_625294.zip?download,https://image.tmdb.org/t/p/original/4lbclFySvugI51fwsyxBTOm4DqK.jpg,"Crime, Drama, Thriller, Police Procedural","🕵️‍♂️ The Wire Season 1 Episode 6 - සිංහල උපසිරැසි 🎬

The Wire Season 1 Episode 6 presents compelling narrative twists as Baltimore's special detail digs deeper. Detective McNulty faces unexpected operational roadblocks. Download high-quality 720p BluRay video files directly on pixelpoplk.

ඔන්න යාළුවනේ, 'The Wire' කතා මාලාවේ 1 වැනි කතා සමයේ (Season 1) හයවැනි කොටසට (Episode 6) සිංහල උපසිරැසි අරගෙන ආවා. මෙම උපසිරැසි Bluray පිටපත් වලට ගැළපේ.

📥 වීඩියෝ පිටපත් සහ උපසිරැසි ලබාගන්නේ මෙහෙමයි:

📄 Direct Download: කිසිම කරදරයක් නැතුව සිංහල උපසිරැසි ගොනුව (SRT) කෙලින්ම ඩවුන්ලෝඩ් කරගන්න පුළුවන්.

✈️ Telegram Download: 720p Bluray කොපි ටෙලිග්‍රෑම් චැනල් එක හරහා ගන්න පුළුවන්.",9.3,2002,1,6,"Keywords: The Wire Season 1 Episode 6 Sinhala Subtitles, The Wire S01E06 sinhala sub, The Wire Season 1 sinhala subtitle download, The Wire S01E06 sinhala sub pixelpoplk, The Wire sinhala sub pixelpop.lk, pixelpoplk HBO wire, ද වයර් සිංහල උපසිරැසි, The Wire full series sinhala subtitles download, The Wire sinhala sub bluray, pixelpoplk sinhala subtitles, crime drama series sinhala sub, HBO crime series sinhala | Description: The Wire Season 1 Episode 6 Sinhala Subtitles. Download The Wire S01E06 Sinhala Sub online from pixelpoplk.",https://t.me/Pixelpopnew_bot?start=MlDDNLp091s,3
290,2026-08-30 17:59:35.347525+00,The Wire,https://frdgyadvbdpacwfoqybw.supabase.co/storage/v1/object/public/subtitles/The%20Wire%20S01e07%20351590/The_Wire_S01E07_351590.zip?download,https://image.tmdb.org/t/p/original/4lbclFySvugI51fwsyxBTOm4DqK.jpg,"Crime, Drama, Thriller, Police Procedural","🕵️‍♂️ The Wire Season 1 Episode 7 - සිංහල උපසිරැසි 🎬

The Wire Season 1 Episode 7 delivers outstanding procedural details as the wiretap yields critical intelligence. Street operations of the drug crew react to the hidden surveillance. Download high-quality 720p BluRay video files directly on pixelpoplk.

ඔන්න යාළුවනේ, 'The Wire' කතා මාලාවේ 1 වැනි කතා සමයේ (Season 1) හත්වැනි කොටසට (Episode 7) සිංහල උපසිරැසි අරගෙන ආවා. මෙම උපසිරැසි Bluray පිටපත් වලට ගැළපේ.

📥 වීඩියෝ පිටපත් සහ උපසිරැසි ලබාගන්නේ මෙහෙමයි:

📄 Direct Download: කිසිම කරදරයක් නැතුව සිංහල උපසිරැසි ගොනුව (SRT) කෙලින්ම ඩවුන්ලෝඩ් කරගන්න පුළුවන්.

✈️ Telegram Download: 720p Bluray කොපි ටෙලිග්‍රෑම් චැනල් එක හරහා ගන්න පුළුවන්.",9.3,2002,1,7,"Keywords: The Wire Season 1 Episode 7 Sinhala Subtitles, The Wire S01E07 sinhala sub, The Wire Season 1 sinhala subtitle download, The Wire S01E07 sinhala sub pixelpoplk, The Wire sinhala sub pixelpop.lk, pixelpoplk HBO wire, ද වයර් සිංහල උපසිරැසි, The Wire full series sinhala subtitles download, The Wire sinhala sub bluray, pixelpoplk sinhala subtitles, crime drama series sinhala sub, HBO crime series sinhala | Description: The Wire Season 1 Episode 7 Sinhala Subtitles. Download The Wire S01E07 Sinhala Sub online from pixelpoplk.",https://t.me/Pixelpopnew_bot?start=KNtsXL6csp4,2
291,2026-08-30 17:59:35.347525+00,The Wire,https://frdgyadvbdpacwfoqybw.supabase.co/storage/v1/object/public/subtitles/The%20Wire%20S01e08%20809840/The_Wire_S01E08_809840.zip?download,https://image.tmdb.org/t/p/original/4lbclFySvugI51fwsyxBTOm4DqK.jpg,"Crime, Drama, Thriller, Police Procedural","🕵️‍♂️ The Wire Season 1 Episode 8 - සිංහල උපසිරැසි 🎬

The Wire Season 1 Episode 8 highlights rising tension within Baltimore's police force. Clashes between street-level realities and bureaucratic demands become apparent. Download high-quality 720p BluRay video files directly on pixelpoplk.

ඔන්න යාළුවනේ, 'The Wire' කතා මාලාවේ 1 වැනි කතා සමයේ (Season 1) අටවැනි කොටසට (Episode 8) සිංහල උපසිරැසි අරගෙන ආවා. මෙම උපසිරැසි Bluray පිටපත් වලට ගැළපේ.

📥 වීඩියෝ පිටපත් සහ උපසිරැසි ලබාගන්නේ මෙහෙමයි:

📄 Direct Download: කිසිම කරදරයක් නැතුව සිංහල උපසිරැසි ගොනුව (SRT) කෙලින්ම ඩවුන්ලෝඩ් කරගන්න පුළුවන්.

✈️ Telegram Download: 720p Bluray කොපි ටෙලිග්‍රෑම් චැනල් එක හරහා ගන්න පුළුවන්.",9.3,2002,1,8,"Keywords: The Wire Season 1 Episode 8 Sinhala Subtitles, The Wire S01E08 sinhala sub, The Wire Season 1 sinhala subtitle download, The Wire S01E08 sinhala sub pixelpoplk, The Wire sinhala sub pixelpop.lk, pixelpoplk HBO wire, ද වයර් සිංහල උපසිරැසි, The Wire full series sinhala subtitles download, The Wire sinhala sub bluray, pixelpoplk sinhala subtitles, crime drama series sinhala sub, HBO crime series sinhala | Description: The Wire Season 1 Episode 8 Sinhala Subtitles. Download The Wire S01E08 Sinhala Sub online from pixelpoplk.",https://t.me/Pixelpopnew_bot?start=ovUdhtvhlcs,2
292,2026-08-31 05:10:46.772366+00,Lanterns (2026),https://frdgyadvbdpacwfoqybw.supabase.co/storage/v1/object/public/subtitles/Lanterns%20S01e03%20597235/Lanterns_S01E03_597235.zip?download,https://image.tmdb.org/t/p/original/isYpgPQdjxJ0Ht04uKgilVYGPp9.jpg,"Superhero, Sci-Fi, Mystery, Detective, Drama","🕵️‍♂️ Lanterns (2026) - Episode 03 Sinhala Subtitles | සිංහල උපසිරැසි 🎬

Lanterns continues its dark, grounded detective thriller journey as Hal Jordan and John Stewart dig deeper into a small-town murder that conceals a far greater cosmic threat. Lanterns Sinhala Sub.

ඔන්න යාළුවනේ, DCU එකේ අලුත්ම කතා මාලාව වන ""Lanterns"" හි පළමු කොටසින් පස්සේ, හැමෝම නොඉවසිල්ලෙන් බලාගෙන හිටපු 3 වන කොටසට (Episode 03) අදාළ සිංහල උපසිරැසි අරගෙන ආවා. පළමු එපිසෝඩ් එකෙන් ලබා දුන්නු ප්‍රබල ආරම්භයත් එක්ක කතාව දැන් තවත් අඳුරු, කුතුහලය පිරුණු රහස් පරීක්ෂණ මාවතකට යොමු වෙනවා.

තත්පරයෙන් තත්පරය කුතුහලය වැඩි කරවන, True Detective විලාසිතාවේ රහස් පරීක්ෂණ ගමන තවත් උණුසුම් වන මේ 3 වන කොටසත් අනිවාර්යයෙන්ම නැරඹිය යුතු එකක්!

📥 වීඩියෝ පිටපත් සහ උපසිරැසි ලබාගන්නේ මෙහෙමයි:

📄 Direct Download: කිසිම කරදරයක් නැතුව 3 වන කොටසට අදාළ සිංහල උපසිරැසි ගොනුව (SRT) කෙලින්ම ඩවුන්ලෝඩ් කරගන්න පුළුවන්.

✈️ Telegram Download: 720p, 1080p WEB-DL කොපි ටෙලිග්‍රෑම් චැනල් එක හරහා ලබාගන්න පුළුවන්.",8,2026,1,3,"Lanterns sinhala sub, Lanterns SS01E03 sinhala sub,Lanterns season 01 episode 03 Sinhala Subtitles, Lanterns sinhala sub, Lanterns sinhala subtitle download, Lanterns tv series sinhala sub pixelpoplk, Lanterns sinhala sub pixelpop.lk, pixelpoplk HBO DC series, ලැන්ටර්න්ස් සිංහල උපසිරැසි, Lanterns full series sinhala subtitles download, Lanterns sinhala sub web-dl, pixelpoplk sinhala subtitles, Lanterns DCU series, Green Lantern live action sinhala sub",https://t.me/Pixelpopnew_bot?start=jfAijjTeRtY,3
293,2026-08-31 14:58:40.394763+00,The Sopranos,https://frdgyadvbdpacwfoqybw.supabase.co/storage/v1/object/public/subtitles/The%20Sopranos%20S06e06%20836847/The_Sopranos_S06E06_836847.zip?download,https://image.tmdb.org/t/p/original/b1P9PAUI18mb62N0DtHOd71L3CT.jpg,"Crime, Drama, Thr","🕵️‍♂️ The Sopranos Season 6 Episode 6 - සිංහල උපසිරැසි 🎬

The Sopranos Season 6 Episode 6 features mounting dilemmas for Tony's associates as the federal case takes a new turn. Download high-quality 720p BluRay video files directly on pixelpoplk.

ඔන්න යාළුවනේ, 'The Sopranos' කතා මාලාවේ 6 වැනි කතා සමයේ (Season 6) හයවැනි කොටසට (Episode 6) සිංහල උපසිරැසි අරගෙන ආවා. මෙම උපසිරැසි Bluray පිටපත් වලට පමණක් ගැලපේ.💯

📥 වීඩියෝ පිටපත් සහ උපසිරැසි ලබාගන්නේ මෙහෙමයි:

📄 Direct Download: කිසිම කරදරයක් නැතුව සිංහල උපසිරැසි ගොනුව (SRT) කෙලින්ම ඩවුන්ලෝඩ් කරගන්න පුළුවන්.

✈️ Telegram Download: 720p bluray කොපි ටෙලිග්‍රෑම් චැනල් එක හරහා ගන්න පුළුවන්.",9.2,2006,6,6,"Keywords: The Sopranos Season 6 Episode 6 Sinhala Subtitles, The Sopranos S06E06 sinhala sub, The Sopranos Season 6 sinhala subtitle download, The Sopranos S06E06 sinhala sub pixelpoplk, The Sopranos sinhala sub pixelpop.lk, pixelpoplk HBO Sopranos, ද සෝප්‍රානෝස් සිංහල උපසිරැසි, The Sopranos full series sinhala subtitles download, The Sopranos season 6 sinhala sub bluray, pixelpoplk sinhala subtitles, crime drama series sinhala sub, HBO crime series sinhala | Description: The Sopranos Season 6 Episode 6 Sinhala Subtitles. Download The Sopranos S06E06 Sinhala Sub online from pixelpoplk.",https://t.me/Pixelpopnew_bot?start=1K6CCUX6T4k,1
294,2026-08-31 14:58:40.394763+00,The Sopranos,https://frdgyadvbdpacwfoqybw.supabase.co/storage/v1/object/public/subtitles/The%20Sopranos%20S06e07%20310259/The_Sopranos_S06E07_310259.zip?download,https://image.tmdb.org/t/p/original/b1P9PAUI18mb62N0DtHOd71L3CT.jpg,"Crime, Drama, Thriller","🕵️‍♂️ The Sopranos Season 6 Episode 7 - සිංහල උපසිරැසි 🎬

The Sopranos Season 6 Episode 7 brings highly captivating turns as old alliances are reassessed under heavy scrutiny. Download high-quality 720p BluRay video files directly on pixelpoplk.

ඔන්න යාළුවනේ, 'The Sopranos' කතා මාලාවේ 6 වැනි කතා සමයේ (Season 6) හත්වැනි කොටසට (Episode 7) සිංහල උපසිරැසි අරගෙන ආවා. මෙම උපසිරැසි Bluray පිටපත් වලට පමණක් ගැලපේ.💯

📥 වීඩියෝ පිටපත් සහ උපසිරැසි ලබාගන්නේ මෙහෙමයි:

📄 Direct Download: කිසිම කරදරයක් නැතුව සිංහල උපසිරැසි ගොනුව (SRT) කෙලින්ම ඩවුන්ලෝඩ් කරගන්න පුළුවන්.

✈️ Telegram Download: 720p bluray කොපි ටෙලිග්‍රෑම් චැනල් එක හරහා ගන්න පුළුවන්.",9.2,2006,6,7,"Keywords: The Sopranos Season 6 Episode 7 Sinhala Subtitles, The Sopranos S06E07 sinhala sub, The Sopranos Season 6 sinhala subtitle download, The Sopranos S06E07 sinhala sub pixelpoplk, The Sopranos sinhala sub pixelpop.lk, pixelpoplk HBO Sopranos, ද සෝප්‍රානෝස් සිංහල උපසිරැසි, The Sopranos full series sinhala subtitles download, The Sopranos season 6 sinhala sub bluray, pixelpoplk sinhala subtitles, crime drama series sinhala sub, HBO crime series sinhala | Description: The Sopranos Season 6 Episode 7 Sinhala Subtitles. Download The Sopranos S06E07 Sinhala Sub online from pixelpoplk.",https://t.me/Pixelpopnew_bot?start=gNnen91z8jQ,1
295,2026-08-31 14:58:40.394763+00,The Sopranos,https://frdgyadvbdpacwfoqybw.supabase.co/storage/v1/object/public/subtitles/The%20Sopranos%20S06e08%20853346/The_Sopranos_S06E08_853346.zip?download,https://image.tmdb.org/t/p/original/b1P9PAUI18mb62N0DtHOd71L3CT.jpg,"Crime, Drama, Thriller","🕵️‍♂️ The Sopranos Season 6 Episode 8 - සිංහල උපසිරැසි 🎬

The Sopranos Season 6 Episode 8 delivers exceptional suspense as Tony navigates intricate disputes that challenge his authority. Download high-quality 720p BluRay video files directly on pixelpoplk.

ඔන්න යාළුවනේ, 'The Sopranos' කතා මාලාවේ 6 වැනි කතා සමයේ (Season 6) අටවැනි කොටසට (Episode 8) සිංහල උපසිරැසි අරගෙන ආවා. මෙම උපසිරැසි Bluray පිටපත් වලට පමණක් ගැලපේ.💯

📥 වීඩියෝ පිටපත් සහ උපසිරැසි ලබාගන්නේ මෙහෙමයි:

📄 Direct Download: කිසිම කරදරයක් නැතුව සිංහල උපසිරැසි ගොනුව (SRT) කෙලින්ම ඩවුන්ලෝඩ් කරගන්න පුළුවන්.

✈️ Telegram Download: 720p bluray කොපි ටෙලිග්‍රෑම් චැනල් එක හරහා ගන්න පුළුවන්.",9.2,2006,6,8,"Keywords: The Sopranos Season 6 Episode 8 Sinhala Subtitles, The Sopranos S06E08 sinhala sub, The Sopranos Season 6 sinhala subtitle download, The Sopranos S06E08 sinhala sub pixelpoplk, The Sopranos sinhala sub pixelpop.lk, pixelpoplk HBO Sopranos, ද සෝප්‍රානෝස් සිංහල උපසිරැසි, The Sopranos full series sinhala subtitles download, The Sopranos season 6 sinhala sub bluray, pixelpoplk sinhala subtitles, crime drama series sinhala sub, HBO crime series sinhala | Description: The Sopranos Season 6 Episode 8 Sinhala Subtitles. Download The Sopranos S06E08 Sinhala Sub online from pixelpoplk.",https://t.me/Pixelpopnew_bot?start=uXf817g5QtI,1
296,2026-08-31 14:58:40.394763+00,The Sopranos,https://frdgyadvbdpacwfoqybw.supabase.co/storage/v1/object/public/subtitles/The%20Sopranos%20S06e09%20145155/The_Sopranos_S06E09_145155.zip?download,https://image.tmdb.org/t/p/original/b1P9PAUI18mb62N0DtHOd71L3CT.jpg,"Crime, Drama, Thriller","🕵️‍♂️ The Sopranos Season 6 Episode 9 - සිංහල උපසිරැසි 🎬

The Sopranos Season 6 Episode 9 explores the intense consequences of long-held secrets within the DiMeo family. Download high-quality 720p BluRay video files directly on pixelpoplk.

ඔන්න යාළුවනේ, 'The Sopranos' කතා මාලාවේ 6 වැනි කතා සමයේ (Season 6) නවවැනි කොටසට (Episode 9) සිංහල උපසිරැසි අරගෙන ආවා. මෙම උපසිරැසි Bluray පිටපත් වලට පමණක් ගැලපේ.💯

📥 වීඩියෝ පිටපත් සහ උපසිරැසි ලබාගන්නේ මෙහෙමයි:

📄 Direct Download: කිසිම කරදරයක් නැතුව සිංහල උපසිරැසි ගොනුව (SRT) කෙලින්ම ඩවුන්ලෝඩ් කරගන්න පුළුවන්.

✈️ Telegram Download: 720p bluray කොපි ටෙලිග්‍රෑම් චැනල් එක හරහා ගන්න පුළුවන්.",9.2,2006,6,9,"Keywords: The Sopranos Season 6 Episode 9 Sinhala Subtitles, The Sopranos S06E09 sinhala sub, The Sopranos Season 6 sinhala subtitle download, The Sopranos S06E09 sinhala sub pixelpoplk, The Sopranos sinhala sub pixelpop.lk, pixelpoplk HBO Sopranos, ද සෝප්‍රානෝස් සිංහල උපසිරැසි, The Sopranos full series sinhala subtitles download, The Sopranos season 6 sinhala sub bluray, pixelpoplk sinhala subtitles, crime drama series sinhala sub, HBO crime series sinhala | Description: The Sopranos Season 6 Episode 9 Sinhala Subtitles. Download The Sopranos S06E09 Sinhala Sub online from pixelpoplk.",https://t.me/Pixelpopnew_bot?start=P2YCRAWcJEY,1
297,2026-08-31 14:58:40.394763+00,The Sopranos,https://frdgyadvbdpacwfoqybw.supabase.co/storage/v1/object/public/subtitles/The%20Sopranos%20S06e10%20703365/The_Sopranos_S06E10_703365.zip?download,https://image.tmdb.org/t/p/original/b1P9PAUI18mb62N0DtHOd71L3CT.jpg,"Crime, Drama, Thriller","🕵️‍♂️ The Sopranos Season 6 Episode 10 - සිංහල උපසිරැසි 🎬

The Sopranos Season 6 Episode 10 highlights critical turning points as power dynamics between New York and New Jersey shift. Download high-quality 720p BluRay video files directly on pixelpoplk.

ඔන්න යාළුවනේ, 'The Sopranos' කතා මාලාවේ 6 වැනි කතා සමයේ (Season 6) දහවැනි කොටසට (Episode 10) සිංහල උපසිරැසි අරගෙන ආවා. මෙම උපසිරැසි Bluray පිටපත් වලට පමණක් ගැලපේ.💯

📥 වීඩියෝ පිටපත් සහ උපසිරැසි ලබාගන්නේ මෙහෙමයි:

📄 Direct Download: කිසිම කරදරයක් නැතුව සිංහල උපසිරැසි ගොනුව (SRT) කෙලින්ම ඩවුන්ලෝඩ් කරගන්න පුළුවන්.

✈️ Telegram Download: 720p bluray කොපි ටෙලිග්‍රෑම් චැනල් එක හරහා ගන්න පුළුවන්.",9.2,2006,6,10,"Keywords: The Sopranos Season 6 Episode 10 Sinhala Subtitles, The Sopranos S06E10 sinhala sub, The Sopranos Season 6 sinhala subtitle download, The Sopranos S06E10 sinhala sub pixelpoplk, The Sopranos sinhala sub pixelpop.lk, pixelpoplk HBO Sopranos, ද සෝප්‍රානෝස් සිංහල උපසිරැසි, The Sopranos full series sinhala subtitles download, The Sopranos season 6 sinhala sub bluray, pixelpoplk sinhala subtitles, crime drama series sinhala sub, HBO crime series sinhala | Description: The Sopranos Season 6 Episode 10 Sinhala Subtitles. Download The Sopranos S06E10 Sinhala Sub online from pixelpoplk.",https://t.me/Pixelpopnew_bot?start=iM5jIaaeyoI,1
298,2026-08-31 14:58:40.394763+00,The Sopranos,https://frdgyadvbdpacwfoqybw.supabase.co/storage/v1/object/public/subtitles/The%20Sopranos%20S06e11%20125752/The_Sopranos_S06E11_125752.zip?download,https://image.tmdb.org/t/p/original/b1P9PAUI18mb62N0DtHOd71L3CT.jpg,"Crime, Drama, Thriller","🕵️‍♂️ The Sopranos Season 6 Episode 11 - සිංහල උපසිරැසි 🎬

The Sopranos Season 6 Episode 11 leads closer to the ultimate climax, with relationships tested under unprecedented pressure. 

ඔන්න යාළුවනේ, 'The Sopranos' කතා මාලාවේ 6 වැනි කතා සමයේ (Season 6) එකොළොස්වැනි කොටසට (Episode 11) සිංහල උපසිරැසි අරගෙන ආවා. මෙම උපසිරැසි Bluray පිටපත් වලට පමණක් ගැලපේ.💯

📥 වීඩියෝ පිටපත් සහ උපසිරැසි ලබාගන්නේ මෙහෙමයි:

📄 Direct Download: කිසිම කරදරයක් නැතුව සිංහල උපසිරැසි ගොනුව (SRT) කෙලින්ම ඩවුන්ලෝඩ් කරගන්න පුළුවන්.

✈️ Telegram Download: 720p bluray කොපි ටෙලිග්‍රෑම් චැනල් එක හරහා ගන්න පුළුවන්.",9.2,2006,6,11,"Keywords: The Sopranos Season 6 Episode 11 Sinhala Subtitles, The Sopranos S06E11 sinhala sub, The Sopranos Season 6 sinhala subtitle download, The Sopranos S06E11 sinhala sub pixelpoplk, The Sopranos sinhala sub pixelpop.lk, pixelpoplk HBO Sopranos, ද සෝප්‍රානෝස් සිංහල උපසිරැසි, The Sopranos full series sinhala subtitles download, The Sopranos season 6 sinhala sub bluray, pixelpoplk sinhala subtitles, crime drama series sinhala sub, HBO crime series sinhala | Description: The Sopranos Season 6 Episode 11 Sinhala Subtitles. Download The Sopranos S06E11 Sinhala Sub online from pixelpoplk.",https://t.me/Pixelpopnew_bot?start=XNxZ3q2HCMw,3
299,2026-08-31 14:58:46.532211+00,The Wire,https://frdgyadvbdpacwfoqybw.supabase.co/storage/v1/object/public/subtitles/The%20Wire%20S01e06%20429945/The_Wire_S01E06_429945.zip?download,https://image.tmdb.org/t/p/original/4lbclFySvugI51fwsyxBTOm4DqK.jpg,"Crime, Drama, Thriller, Police Procedural","🕵️‍♂️ The Wire Season 1 Episode 6 - සිංහල උපසිරැසි 🎬

The Wire Season 1 Episode 6 presents compelling narrative twists as Baltimore's special detail digs deeper. Detective McNulty faces unexpected operational roadblocks. Download high-quality 720p BluRay video files directly on pixelpoplk.

ඔන්න යාළුවනේ, 'The Wire' කතා මාලාවේ 1 වැනි කතා සමයේ (Season 1) හයවැනි කොටසට (Episode 6) සිංහල උපසිරැසි අරගෙන ආවා. මෙම උපසිරැසි Bluray පිටපත් වලට ගැළපේ.

📥 වීඩියෝ පිටපත් සහ උපසිරැසි ලබාගන්නේ මෙහෙමයි:

📄 Direct Download: කිසිම කරදරයක් නැතුව සිංහල උපසිරැසි ගොනුව (SRT) කෙලින්ම ඩවුන්ලෝඩ් කරගන්න පුළුවන්.

✈️ Telegram Download: 720p Bluray කොපි ටෙලිග්‍රෑම් චැනල් එක හරහා ගන්න පුළුවන්.",9.3,2002,1,6,"Keywords: The Wire Season 1 Episode 6 Sinhala Subtitles, The Wire S01E06 sinhala sub, The Wire Season 1 sinhala subtitle download, The Wire S01E06 sinhala sub pixelpoplk, The Wire sinhala sub pixelpop.lk, pixelpoplk HBO wire, ද වයර් සිංහල උපසිරැසි, The Wire full series sinhala subtitles download, The Wire sinhala sub bluray, pixelpoplk sinhala subtitles, crime drama series sinhala sub, HBO crime series sinhala | Description: The Wire Season 1 Episode 6 Sinhala Subtitles. Download The Wire S01E06 Sinhala Sub online from pixelpoplk.",https://t.me/Pixelpopnew_bot?start=koRuMkHu814,2
300,2026-08-31 14:58:46.532211+00,The Wire,https://frdgyadvbdpacwfoqybw.supabase.co/storage/v1/object/public/subtitles/The%20Wire%20S01e07%20331602/The_Wire_S01E07_331602.zip?download,https://image.tmdb.org/t/p/original/4lbclFySvugI51fwsyxBTOm4DqK.jpg,"Crime, Drama, Thriller, Police Procedural","🕵️‍♂️ The Wire Season 1 Episode 7 - සිංහල උපසිරැසි 🎬

The Wire Season 1 Episode 7 delivers outstanding procedural details as the wiretap yields critical intelligence. Street operations of the drug crew react to the hidden surveillance. Download high-quality 720p BluRay video files directly on pixelpoplk.

ඔන්න යාළුවනේ, 'The Wire' කතා මාලාවේ 1 වැනි කතා සමයේ (Season 1) හත්වැනි කොටසට (Episode 7) සිංහල උපසිරැසි අරගෙන ආවා. මෙම උපසිරැසි Bluray පිටපත් වලට ගැළපේ.

📥 වීඩියෝ පිටපත් සහ උපසිරැසි ලබාගන්නේ මෙහෙමයි:

📄 Direct Download: කිසිම කරදරයක් නැතුව සිංහල උපසිරැසි ගොනුව (SRT) කෙලින්ම ඩවුන්ලෝඩ් කරගන්න පුළුවන්.

✈️ Telegram Download: 720p Bluray කොපි ටෙලිග්‍රෑම් චැනල් එක හරහා ගන්න පුළුවන්.",9.3,2002,1,7,"Keywords: The Wire Season 1 Episode 7 Sinhala Subtitles, The Wire S01E07 sinhala sub, The Wire Season 1 sinhala subtitle download, The Wire S01E07 sinhala sub pixelpoplk, The Wire sinhala sub pixelpop.lk, pixelpoplk HBO wire, ද වයර් සිංහල උපසිරැසි, The Wire full series sinhala subtitles download, The Wire sinhala sub bluray, pixelpoplk sinhala subtitles, crime drama series sinhala sub, HBO crime series sinhala | Description: The Wire Season 1 Episode 7 Sinhala Subtitles. Download The Wire S01E07 Sinhala Sub online from pixelpoplk.",https://t.me/Pixelpopnew_bot?start=_e6y49S7Ry4,2
301,2026-08-31 14:58:46.532211+00,The Wire,https://frdgyadvbdpacwfoqybw.supabase.co/storage/v1/object/public/subtitles/The%20Wire%20S01e08%20809840/The_Wire_S01E08_809840.zip?download,https://image.tmdb.org/t/p/original/4lbclFySvugI51fwsyxBTOm4DqK.jpg,"Crime, Drama, Thriller, Police Procedural","🕵️‍♂️ The Wire Season 1 Episode 8 - සිංහල උපසිරැසි 🎬

The Wire Season 1 Episode 8 highlights rising tension within Baltimore's police force. Clashes between street-level realities and bureaucratic demands become apparent. Download high-quality 720p BluRay video files directly on pixelpoplk.

ඔන්න යාළුවනේ, 'The Wire' කතා මාලාවේ 1 වැනි කතා සමයේ (Season 1) අටවැනි කොටසට (Episode 8) සිංහල උපසිරැසි අරගෙන ආවා. මෙම උපසිරැසි Bluray පිටපත් වලට ගැළපේ.

📥 වීඩියෝ පිටපත් සහ උපසිරැසි ලබාගන්නේ මෙහෙමයි:

📄 Direct Download: කිසිම කරදරයක් නැතුව සිංහල උපසිරැසි ගොනුව (SRT) කෙලින්ම ඩවුන්ලෝඩ් කරගන්න පුළුවන්.

✈️ Telegram Download: 720p Bluray කොපි ටෙලිග්‍රෑම් චැනල් එක හරහා ගන්න පුළුවන්.",9.3,2002,1,8,"Keywords: The Wire Season 1 Episode 8 Sinhala Subtitles, The Wire S01E08 sinhala sub, The Wire Season 1 sinhala subtitle download, The Wire S01E08 sinhala sub pixelpoplk, The Wire sinhala sub pixelpop.lk, pixelpoplk HBO wire, ද වයර් සිංහල උපසිරැසි, The Wire full series sinhala subtitles download, The Wire sinhala sub bluray, pixelpoplk sinhala subtitles, crime drama series sinhala sub, HBO crime series sinhala | Description: The Wire Season 1 Episode 8 Sinhala Subtitles. Download The Wire S01E08 Sinhala Sub online from pixelpoplk.",https://t.me/Pixelpopnew_bot?start=3N45iZkv2-s,2
302,2026-08-31 14:58:46.532211+00,The Wire,https://frdgyadvbdpacwfoqybw.supabase.co/storage/v1/object/public/subtitles/The%20Wire%20S01e09%20483893/The_Wire_S01E09_483893.zip?download,https://image.tmdb.org/t/p/original/4lbclFySvugI51fwsyxBTOm4DqK.jpg,"Crime, Drama, Thriller, Police Procedural","🕵️‍♂️ The Wire Season 1 Episode 9 - සිංහල උපසිරැසි 🎬

The Wire Season 1 Episode 9 showcases the detail making progress with physical surveillance. Meanwhile, the drug crew modifies their communication tactics to stay ahead. Download high-quality 720p BluRay video files directly on pixelpoplk.

ඔන්න යාළුවනේ, 'The Wire' කතා මාලාවේ 1 වැනි කතා සමයේ (Season 1) නවවැනි කොටසට (Episode 9) සිංහල උපසිරැසි අරගෙන ආවා. මෙම උපසිරැසි Bluray පිටපත් වලට ගැළපේ.

📥 වීඩියෝ පිටපත් සහ උපසිරැසි ලබාගන්නේ මෙහෙමයි:

📄 Direct Download: කිසිම කරදරයක් නැතුව සිංහල උපසිරැසි ගොනුව (SRT) කෙලින්ම ඩවුන්ලෝඩ් කරගන්න පුළුවන්.

✈️ Telegram Download: 720p Bluray කොපි ටෙලිග්‍රෑම් චැනල් එක හරහා ගන්න පුළුවන්.",9.3,2002,1,9,"Keywords: The Wire Season 1 Episode 9 Sinhala Subtitles, The Wire S01E09 sinhala sub, The Wire Season 1 sinhala subtitle download, The Wire S01E09 sinhala sub pixelpoplk, The Wire sinhala sub pixelpop.lk, pixelpoplk HBO wire, ද වයර් සිංහල උපසිරැසි, The Wire full series sinhala subtitles download, The Wire sinhala sub bluray, pixelpoplk sinhala subtitles, crime drama series sinhala sub, HBO crime series sinhala | Description: The Wire Season 1 Episode 9 Sinhala Subtitles. Download The Wire S01E09 Sinhala Sub online from pixelpoplk.",https://t.me/Pixelpopnew_bot?start=t5fClVXDE7Y,3
303,2026-08-31 14:58:46.532211+00,The Wire,https://frdgyadvbdpacwfoqybw.supabase.co/storage/v1/object/public/subtitles/The%20Wire%20S01e10%20432089/The_Wire_S01E10_432089.zip?download,https://image.tmdb.org/t/p/original/4lbclFySvugI51fwsyxBTOm4DqK.jpg,"Crime, Drama, Thriller, Police Procedural","🕵️‍♂️ The Wire Season 1 Episode 10 - සිංහල උපසිරැසි 🎬

The Wire Season 1 Episode 10 brings critical decisions as old arrangements are questioned. The team works around the clock to secure key testimonies. Download high-quality 720p BluRay video files directly on pixelpoplk.

ඔන්න යාළුවනේ, 'The Wire' කතා මාලාවේ 1 වැනි කතා සමයේ (Season 1) දහවැනි කොටසට (Episode 10) සිංහල උපසිරැසි අරගෙන ආවා. මෙම උපසිරැසි Bluray පිටපත් වලට ගැළපේ.

📥 වීඩියෝ පිටපත් සහ උපසිරැසි ලබාගන්නේ මෙහෙමයි:

📄 Direct Download: කිසිම කරදරයක් නැතුව සිංහල උපසිරැසි ගොනුව (SRT) කෙලින්ම ඩවුන්ලෝඩ් කරගන්න පුළුවන්.

✈️ Telegram Download: 720p Bluray කොපි ටෙලිග්‍රෑම් චැනල් එක හරහා ගන්න පුළුවන්.",9.3,2002,1,10,"Keywords: The Wire Season 1 Episode 10 Sinhala Subtitles, The Wire S01E10 sinhala sub, The Wire Season 1 sinhala subtitle download, The Wire S01E10 sinhala sub pixelpoplk, The Wire sinhala sub pixelpop.lk, pixelpoplk HBO wire, ද වයර් සිංහල උපසිරැසි, The Wire full series sinhala subtitles download, The Wire sinhala sub bluray, pixelpoplk sinhala subtitles, crime drama series sinhala sub, HBO crime series sinhala | Description: The Wire Season 1 Episode 10 Sinhala Subtitles. Download The Wire S01E10 Sinhala Sub online from pixelpoplk.",https://t.me/Pixelpopnew_bot?start=gzosVDr8ncQ,3
304,2026-08-31 14:58:46.532211+00,The Wire,https://frdgyadvbdpacwfoqybw.supabase.co/storage/v1/object/public/subtitles/The%20Wire%20S01e11%20933077/The_Wire_S01E11_933077.zip?download,https://image.tmdb.org/t/p/original/4lbclFySvugI51fwsyxBTOm4DqK.jpg,"Crime, Drama, Thriller, Police Procedural","🕵️‍♂️ The Wire Season 1 Episode 11 - සිංහල උපසිරැසි 🎬

The Wire Season 1 Episode 11 leads towards the season's intense climax. Unforeseen actions on the streets demand immediate attention from the investigators. Download high-quality 720p BluRay video files directly on pixelpoplk.

ඔන්න යාළුවනේ, 'The Wire' කතා මාලාවේ 1 වැනි කතා සමයේ (Season 1) එකොළොස්වැනි කොටසට (Episode 11) සිංහල උපසිරැසි අරගෙන ආවා. මෙම උපසිරැසි Bluray පිටපත් වලට ගැළපේ.

📥 වීඩියෝ පිටපත් සහ උපසිරැසි ලබාගන්නේ මෙහෙමයි:

📄 Direct Download: කිසිම කරදරයක් නැතුව සිංහල උපසිරැසි ගොනුව (SRT) කෙලින්ම ඩවුන්ලෝඩ් කරගන්න පුළුවන්.

✈️ Telegram Download: 720p Bluray කොපි ටෙලිග්‍රෑම් චැනල් එක හරහා ගන්න පුළුවන්.",9.3,2002,1,11,"Keywords: The Wire Season 1 Episode 11 Sinhala Subtitles, The Wire S01E11 sinhala sub, The Wire Season 1 sinhala subtitle download, The Wire S01E11 sinhala sub pixelpoplk, The Wire sinhala sub pixelpop.lk, pixelpoplk HBO wire, ද වයර් සිංහල උපසිරැසි, The Wire full series sinhala subtitles download, The Wire sinhala sub bluray, pixelpoplk sinhala subtitles, crime drama series sinhala sub, HBO crime series sinhala | Description: The Wire Season 1 Episode 11 Sinhala Subtitles. Download The Wire S01E11 Sinhala Sub online from pixelpoplk.",https://t.me/Pixelpopnew_bot?start=1r-Wz8ffsH8,3
305,2026-08-31 14:58:46.532211+00,The Wire,https://frdgyadvbdpacwfoqybw.supabase.co/storage/v1/object/public/subtitles/The%20Wire%20S01e12%20740279/The_Wire_S01E12_740279.zip?download,https://image.tmdb.org/t/p/original/4lbclFySvugI51fwsyxBTOm4DqK.jpg,"Crime, Drama, Thriller, Police Procedural","🕵️‍♂️ The Wire Season 1 Episode 12 - සිංහල උපසිරැසි 🎬

The Wire Season 1 Episode 12 serves as a highly emotional and gripping pre-finale chapter. The cost of the investigation weighs heavily on both sides of the law. Download high-quality 720p BluRay video files directly on pixelpoplk.

ඔන්න යාළුවනේ, 'The Wire' කතා මාලාවේ 1 වැනි කතා සමයේ (Season 1) දොළොස්වැනි කොටසට (Episode 12) සිංහල උපසිරැසි අරගෙන ආවා. මෙම උපසිරැසි Bluray පිටපත් වලට ගැළපේ.

📥 වීඩියෝ පිටපත් සහ උපසිරැසි ලබාගන්නේ මෙහෙමයි:

📄 Direct Download: කිසිම කරදරයක් නැතුව සිංහල උපසිරැසි ගොනුව (SRT) කෙලින්ම ඩවුන්ලෝඩ් කරගන්න පුළුවන්.

✈️ Telegram Download: 720p Bluray කොපි ටෙලිග්‍රෑම් චැනල් එක හරහා ගන්න පුළුවන්.",9.3,2002,1,12,"Keywords: The Wire Season 1 Episode 12 Sinhala Subtitles, The Wire S01E12 sinhala sub, The Wire Season 1 sinhala subtitle download, The Wire S01E12 sinhala sub pixelpoplk, The Wire sinhala sub pixelpop.lk, pixelpoplk HBO wire, ද වයර් සිංහල උපසිරැසි, The Wire full series sinhala subtitles download, The Wire sinhala sub bluray, pixelpoplk sinhala subtitles, crime drama series sinhala sub, HBO crime series sinhala | Description: The Wire Season 1 Episode 12 Sinhala Subtitles. Download The Wire S01E12 Sinhala Sub online from pixelpoplk.",https://t.me/Pixelpopnew_bot?start=SU_YB6_0_VM,3
306,2026-08-31 14:58:46.532211+00,The Wire,https://frdgyadvbdpacwfoqybw.supabase.co/storage/v1/object/public/subtitles/The%20Wire%20S01e13%20800488/The_Wire_S01E13_800488.zip?download,https://image.tmdb.org/t/p/original/4lbclFySvugI51fwsyxBTOm4DqK.jpg,"Crime, Drama, Thriller, Police Procedural","🕵️‍♂️ The Wire Season 1 Episode 13 - සිංහල උපසිරැසි 🎬

The Wire Season 1 Episode 13 delivers the epic season finale. Experience the dramatic resolutions of major storylines that set a completely new path for Baltimore's future. 

ඔන්න යාළුවනේ, 'The Wire' කතා මාලාවේ 1 වැනි කතා සමයේ (Season 1) දහතුන්වැනි කොටසට (Episode 13) සිංහල උපසිරැසි අරගෙන ආවා. මෙම උපසිරැසි Bluray පිටපත් වලට ගැළපේ.

📥 වීඩියෝ පිටපත් සහ උපසිරැසි ලබාගන්නේ මෙහෙමයි:

📄 Direct Download: කිසිම කරදරයක් නැතුව සිංහල උපසිරැසි ගොනුව (SRT) කෙලින්ම ඩවුන්ලෝඩ් කරගන්න පුළුවන්.

✈️ Telegram Download: 720p Bluray කොපි ටෙලිග්‍රෑම් චැනල් එක හරහා ගන්න පුළුවන්.",9.3,2002,1,13,"Keywords: The Wire Season 1 Episode 13 Sinhala Subtitles, The Wire S01E13 sinhala sub, The Wire Season 1 sinhala subtitle download, The Wire S01E13 sinhala sub pixelpoplk, The Wire sinhala sub pixelpop.lk, pixelpoplk HBO wire, ද වයර් සිංහල උපසිරැසි, The Wire full series sinhala subtitles download, The Wire sinhala sub bluray, pixelpoplk sinhala subtitles, crime drama series sinhala sub, HBO crime series sinhala | Description: The Wire Season 1 Episode 13 Sinhala Subtitles. Download The Wire S01E13 Sinhala Sub online from pixelpoplk.",https://t.me/Pixelpopnew_bot?start=xXw6RAm30qE,3
307,2026-08-31 15:22:15.597063+00,Lost,https://frdgyadvbdpacwfoqybw.supabase.co/storage/v1/object/public/subtitles/Lost%20S01e01%20112803/Lost_S01E01_112803.zip?download,https://image.tmdb.org/t/p/original/ejLEJwmh3ptBpdYlKw0xgjjYXmP.jpg,"Mystery, Action , Adventure,Drama","🕵️‍♂️ Lost (2004) - සිංහල උපසිරැසි 🎬

ඔන්න යාළුවනේ, ලෝකයේ මිනිස්සුන්ව වැඩිම කුතුහලයකින් ඇද බැඳ තියාගත්ත, ටීවී සීරීස් ඉතිහාසයම සම්පූර්ණයෙන්ම වෙනස් කරපු ""Lost"" සුපිරි විද්‍යා ප්‍රබන්ධ කතා මාලාවට සිංහල උපසිරැසි අරගෙන ආවා. IMDb එකේ 8.3/10ක ඉහළම අගයක් ගත්ත, J.J. Abrams සහ Damon Lindelof එකතු වෙලා නිර්මාණය කරපු මේ කතාව, හැම තත්පරේකම නොසිතූ විදිහේ කුතුහලයක් සහ අබිරහස් පිරුණු විශිෂ්ටතම නිර්මාණයක්.

කතාව පැත්තට ගියොත්, ඕෂනිට් ෆ්ලයිට් 815 (Oceanic Flight 815) කියන මගී ගුවන් යානය පැසිෆික් සාගරයට ඉහළින් පියාසර කරද්දී දරුණු අනතුරකට ලක්වෙලා කඩාගෙන වැටෙනවා. මේ අනතුරෙන් බේරෙන මගීන් 48 දෙනා පණ බේරගන්නේ කිසිම සිතියමක නැති, මිනිස් වාසයෙන් තොර අද්භූත දූපතකටයි. මේ නන්නාඳුනන දූපතේ ජීවිතය බේරගන්න මේ එකිනෙකට වෙනස් මිනිස්සුන්ට එකතු වෙලා වැඩ කරන්න සිද්ධ වෙනවා.

හැබැයි ටික දවසක් යද්දී මෙයාලට තේරුම් යනවා මේක සාමාන්‍ය දූපතක් නෙවෙයි කියලා. දූපත ඇතුළෙන් ඇහෙන භයානක සත්තුන්ගේ හඬවල්, රහසිගත අද්භූත කළු දුමාරයක් (Smoke Monster), පොළොව යට හැංගිලා තියෙන යකඩ දොරවල් (Hatch) වගේම මේ දූපතේ මෙයාලට කලින් ඉඳලම ජීවත් වුණු තවත් අද්භූත පිරිසක් (The Others) ඉන්නවා කියලා මෙයාලා හොයාගන්නවා. මේ අද්භූත දූපතේ රහස මොකක්ද? මෙයාලට ආපහු තමන්ගේ ගෙවල්වලට යන්න ලැබෙයිද?

විශිෂ්ටතම රංගනයන්ගෙන් වගේම, හැම කොටසක් අවසානයේදීම ඊළඟ කොටස බලනකන් ඉවසිල්ලක් නැති කරන මේ සුපිරිම කතාව ඔයාගේ Must Watch ලිස්ට් එකට අනිවාර්යයෙන්ම එකතු කරගන්න.

මෙම උපසිරැසි Bluray පිටපත් සඳහා ගැලපේ.💯

📥 වීඩියෝ පිටපත් සහ උපසිරැසි ලබාගන්නේ මෙහෙමයි:

📄 Direct Download: කිසිම කරදරයක් නැතුව සිංහල උපසිරැසි ගොනුව (SRT) කෙලින්ම ඩවුන්ලෝඩ් කරගන්න පුළුවන්.

✈️ Telegram Download: 720p, 1080p Bluray කොපි ටෙලිග්‍රෑම් චැනල් එක හරහා ගන්න පුළුවන්.",8.3,2004,1,1,"Keywords: Lost Season 1 Episode 1 Sinhala Subtitles, Lost S01E01 sinhala sub, Lost Season 1 sinhala subtitle download, Lost S01E01 sinhala sub pixelpoplk, Lost sinhala sub pixelpop.lk, pixelpoplk ABC lost, ලොස්ට් සිංහල උපසිරැසි, Lost full series sinhala subtitles download, Lost season 1 sinhala sub bluray, pixelpoplk sinhala subtitles, sci-fi mystery series sinhala sub, Lost 2004 sinhala sub | Description: Lost Season 1 Episode 1 Sinhala Subtitles. Download Lost S01E01 Sinhala Sub online from pixelpoplk.",https://t.me/Pixelpopnew_bot?start=Uusinq95wS8,7
308,2026-08-31 15:22:15.597063+00,Lost,https://frdgyadvbdpacwfoqybw.supabase.co/storage/v1/object/public/subtitles/Lost%20S01e02%20738779/Lost_S01E02_738779.zip?download,https://image.tmdb.org/t/p/original/ejLEJwmh3ptBpdYlKw0xgjjYXmP.jpg,"Mystery, Action , Adventure,Drama","🕵️‍♂️ Lost Season 1 Episode 2 - සිංහල උපසිරැසි 🎬

ඔන්න යාළුවනේ, J.J. Abrams සහ Damon Lindelof ගේ ලෝක ප්‍රසිද්ධ 'Lost' කතා මාලාවේ 1 වැනි කතා සමයේ (Season 1) දෙවැනි කොටසට (Episode 2) සිංහල උපසිරැසි අරගෙන ආවා. පැසිෆික් සාගරයේ අද්භූත දූපතකට කඩා වැටුණු ඕෂනිට් 815 මගීන් මුහුණ දෙන අලුත්ම අභියෝග රැසක් සමඟින් දිගහැරෙන මෙම කොටස කිසිසේත්ම මඟහැරගන්න එපා. මෙම උපසිරැසි Bluray පිටපත් සඳහා ගැලපේ.💯

📥 වීඩියෝ පිටපත් සහ උපසිරැසි ලබාගන්නේ මෙහෙමයි:

📄 Direct Download: කිසිම කරදරයක් නැතුව සිංහල උපසිරැසි ගොනුව (SRT) කෙලින්ම ඩවුන්ලෝඩ් කරගන්න පුළුවන්.

✈️ Telegram Download: 720p, 1080p Bluray කොපි ටෙලිග්‍රෑම් චැනල් එක හරහා ගන්න පුළුවන්.",8.3,2004,1,2,"Keywords: Lost Season 1 Episode 2 Sinhala Subtitles, Lost S01E02 sinhala sub, Lost Season 1 sinhala subtitle download, Lost S01E02 sinhala sub pixelpoplk, Lost sinhala sub pixelpop.lk, pixelpoplk ABC lost, ලොස්ට් සිංහල උපසිරැසි, Lost full series sinhala subtitles download, Lost season 1 sinhala sub bluray, pixelpoplk sinhala subtitles, sci-fi mystery series sinhala sub, Lost 2004 sinhala sub | Description: Lost Season 1 Episode 2 Sinhala Subtitles. Download Lost S01E02 Sinhala Sub online from pixelpoplk.",https://t.me/Pixelpopnew_bot?start=zucvkc6hw0k,1
309,2026-08-31 15:22:15.597063+00,Lost,https://frdgyadvbdpacwfoqybw.supabase.co/storage/v1/object/public/subtitles/Lost%20S01e03%20741601/Lost_S01E03_741601.zip?download,https://image.tmdb.org/t/p/original/ejLEJwmh3ptBpdYlKw0xgjjYXmP.jpg,"Mystery, Action , Adventure,Drama","🕵️‍♂️ Lost Season 1 Episode 3 - සිංහල උපසිරැසි 🎬

ඔන්න යාළුවනේ, J.J. Abrams සහ Damon Lindelof ගේ ලෝක ප්‍රසිද්ධ 'Lost' කතා මාලාවේ 1 වැනි කතා සමයේ (Season 1) තුන්වැනි කොටසට (Episode 3) සිංහල උපසිරැසි අරගෙන ආවා. දූපතේ සැඟවුණු අබිරහස් සහ මගීන්ගේ අතීත රහස් හෙළිවන අලුත්ම සිදුවීම් රැසක් සමඟින් දිගහැරෙන මෙම කොටස කිසිසේත්ම මඟහැරගන්න එපා. මෙම උපසිරැසි Bluray පිටපත් සඳහා ගැලපේ.💯

📥 වීඩියෝ පිටපත් සහ උපසිරැසි ලබාගන්නේ මෙහෙමයි:

📄 Direct Download: කිසිම කරදරයක් නැතුව සිංහල උපසිරැසි ගොනුව (SRT) කෙලින්ම ඩවුන්ලෝඩ් කරගන්න පුළුවන්.

✈️ Telegram Download: 720p, 1080p Bluray කොපි ටෙලිග්‍රෑම් චැනල් එක හරහා ගන්න පුළුවන්.",8.3,2004,1,3,"Keywords: Lost Season 1 Episode 3 Sinhala Subtitles, Lost S01E03 sinhala sub, Lost Season 1 sinhala subtitle download, Lost S01E03 sinhala sub pixelpoplk, Lost sinhala sub pixelpop.lk, pixelpoplk ABC lost, ලොස්ට් සිංහල උපසිරැසි, Lost full series sinhala subtitles download, Lost season 1 sinhala sub bluray, pixelpoplk sinhala subtitles, sci-fi mystery series sinhala sub, Lost 2004 sinhala sub | Description: Lost Season 1 Episode 3 Sinhala Subtitles. Download Lost S01E03 Sinhala Sub online from pixelpoplk.",https://t.me/Pixelpopnew_bot?start=vShllXkO7Vs,1
310,2026-08-31 15:22:15.597063+00,Lost,https://frdgyadvbdpacwfoqybw.supabase.co/storage/v1/object/public/subtitles/Lost%20S01e04%20838551/Lost_S01E04_838551.zip?download,https://image.tmdb.org/t/p/original/ejLEJwmh3ptBpdYlKw0xgjjYXmP.jpg,"Mystery, Action , Adventure,Drama","🕵️‍♂️ Lost Season 1 Episode 4 - සිංහල උපසිරැසි 🎬

ඔන්න යාළුවනේ, J.J. Abrams සහ Damon Lindelof ගේ ලෝක ප්‍රසිද්ධ 'Lost' කතා මාලාවේ 1 වැනි කතා සමයේ (Season 1) හතරවැනි කොටසට (Episode 4) සිංහල උපසිරැසි අරගෙන ආවා. දූපතේ දිවි ගලවා ගැනීමට වෙහෙසෙන මගීන් මුහුණ දෙන අලුත්ම මානසික හා ශාරීරික අභියෝග රැසක් සමඟින් දිගහැරෙන මෙම කොටස කිසිසේත්ම මඟහැරගන්න එපා. මෙම උපසිරැසි Bluray පිටපත් සඳහා ගැලපේ.💯

📥 වීඩියෝ පිටපත් සහ උපසිරැසි ලබාගන්නේ මෙහෙමයි:

📄 Direct Download: කිසිම කරදරයක් නැතුව සිංහල උපසිරැසි ගොනුව (SRT) කෙලින්ම ඩවුන්ලෝඩ් කරගන්න පුළුවන්.

✈️ Telegram Download: 720p, 1080p Bluray කොපි ටෙලිග්‍රෑම් චැනල් එක හරහා ගන්න පුළුවන්.",8.3,2004,1,4,"Keywords: Lost Season 1 Episode 4 Sinhala Subtitles, Lost S01E04 sinhala sub, Lost Season 1 sinhala subtitle download, Lost S01E04 sinhala sub pixelpoplk, Lost sinhala sub pixelpop.lk, pixelpoplk ABC lost, ලොස්ට් සිංහල උපසිරැසි, Lost full series sinhala subtitles download, Lost season 1 sinhala sub bluray, pixelpoplk sinhala subtitles, sci-fi mystery series sinhala sub, Lost 2004 sinhala sub | Description: Lost Season 1 Episode 4 Sinhala Subtitles. Download Lost S01E04 Sinhala Sub online from pixelpoplk.",https://t.me/Pixelpopnew_bot?start=-rx5YdosMcs,1
311,2026-08-31 15:22:15.597063+00,Lost,https://frdgyadvbdpacwfoqybw.supabase.co/storage/v1/object/public/subtitles/Lost%20S01e05%20259932/Lost_S01E05_259932.zip?download,https://image.tmdb.org/t/p/original/ejLEJwmh3ptBpdYlKw0xgjjYXmP.jpg,"Mystery, Action , Adventure,Drama","🕵️‍♂️ Lost Season 1 Episode 5 - සිංහල උපසිරැසි 🎬

ඔන්න යාළුවනේ, J.J. Abrams සහ Damon Lindelof ගේ ලෝක ප්‍රසිද්ධ 'Lost' කතා මාලාවේ 1 වැනි කතා සමයේ (Season 1) පස්වැනි කොටසට (Episode 5) සිංහල උපසිරැසි අරගෙන ආවා. අනපේක්ෂිත දර්ශන සහ දූපතේ අද්භූත වටපිටාව නිසා ඇතිවන නොසන්සුන්තාවයන් සමඟින් දිගහැරෙන මෙම කොටස කිසිසේත්ම මඟහැරගන්න එපා. මෙම උපසිරැසි Bluray පිටපත් සඳහා ගැලපේ.💯

📥 වීඩියෝ පිටපත් සහ උපසිරැසි ලබාගන්නේ මෙහෙමයි:

📄 Direct Download: කිසිම කරදරයක් නැතුව සිංහල උපසිරැසි ගොනුව (SRT) කෙලින්ම ඩවුන්ලෝඩ් කරගන්න පුළුවන්.

✈️ Telegram Download: 720p, 1080p Bluray කොපි ටෙලිග්‍රෑම් චැනල් එක හරහා ගන්න පුළුවන්.",8.3,2004,1,5,"Keywords: Lost Season 1 Episode 5 Sinhala Subtitles, Lost S01E05 sinhala sub, Lost Season 1 sinhala subtitle download, Lost S01E05 sinhala sub pixelpoplk, Lost sinhala sub pixelpop.lk, pixelpoplk ABC lost, ලොස්ට් සිංහල උපසිරැසි, Lost full series sinhala subtitles download, Lost season 1 sinhala sub bluray, pixelpoplk sinhala subtitles, sci-fi mystery series sinhala sub, Lost 2004 sinhala sub | Description: Lost Season 1 Episode 5 Sinhala Subtitles. Download Lost S01E05 Sinhala Sub online from pixelpoplk.",https://t.me/Pixelpopnew_bot?start=uwRKysTblJI,1
312,2026-08-31 15:22:15.597063+00,Lost,https://frdgyadvbdpacwfoqybw.supabase.co/storage/v1/object/public/subtitles/Lost%20S01e06%20331426/Lost_S01E06_331426.zip?download,https://image.tmdb.org/t/p/original/ejLEJwmh3ptBpdYlKw0xgjjYXmP.jpg,"Mystery, Action , Adventure,Drama","🕵️‍♂️ Lost Season 1 Episode 6 - සිංහල උපසිරැසි 🎬

ඔන්න යාළුවනේ, J.J. Abrams සහ Damon Lindelof ගේ ලෝක ප්‍රසිද්ධ 'Lost' කතා මාලාවේ 1 වැනි කතා සමයේ (Season 1) හයවැනි කොටසට (Episode 6) සිංහල උපසිරැසි අරගෙන ආවා. මගීන් අතර ඇතිවන නව සබඳතා සහ දූපතේ සැඟවුණු අන්තරායන් සමඟින් දිගහැරෙන මෙම කොටස කිසිසේත්ම මඟහැරගන්න එපා. මෙම උපසිරැසි Bluray පිටපත් සඳහා ගැලපේ.💯

📥 වීඩියෝ පිටපත් සහ උපසිරැසි ලබාගන්නේ මෙහෙමයි:

📄 Direct Download: කිසිම කරදරයක් නැතුව සිංහල උපසිරැසි ගොනුව (SRT) කෙලින්ම ඩවුන්ලෝඩ් කරගන්න පුළුවන්.

✈️ Telegram Download: 720p, 1080p Bluray කොපි ටෙලිග්‍රෑම් චැනල් එක හරහා ගන්න පුළුවන්.",8.3,2004,1,6,"Keywords: Lost Season 1 Episode 6 Sinhala Subtitles, Lost S01E06 sinhala sub, Lost Season 1 sinhala subtitle download, Lost S01E06 sinhala sub pixelpoplk, Lost sinhala sub pixelpop.lk, pixelpoplk ABC lost, ලොස්ට් සිංහල උපසිරැසි, Lost full series sinhala subtitles download, Lost season 1 sinhala sub bluray, pixelpoplk sinhala subtitles, sci-fi mystery series sinhala sub, Lost 2004 sinhala sub | Description: Lost Season 1 Episode 6 Sinhala Subtitles. Download Lost S01E06 Sinhala Sub online from pixelpoplk.",https://t.me/Pixelpopnew_bot?start=djPoaaGuYmE,0
313,2026-08-31 15:22:15.597063+00,Lost,https://frdgyadvbdpacwfoqybw.supabase.co/storage/v1/object/public/subtitles/Lost%20S01e07%20644659/Lost_S01E07_644659.zip?download,https://image.tmdb.org/t/p/original/ejLEJwmh3ptBpdYlKw0xgjjYXmP.jpg,"Mystery, Action , Adventure,Drama","🕵️‍♂️ Lost Season 1 Episode 7 - සිංහල උපසිරැසි 🎬

ඔන්න යාළුවනේ, J.J. Abrams සහ Damon Lindelof ගේ ලෝක ප්‍රසිද්ධ 'Lost' කතා මාලාවේ 1 වැනි කතා සමයේ (Season 1) හත්වැනි කොටසට (Episode 7) සිංහල උපසිරැසි අරගෙන ආවා. දූපතේ රහස් සොයා යන ගවේෂණ සහ මගීන්ගේ ජීවිතවල හැරවුම් ලක්ෂ්‍යයන් රැසක් සමඟින් දිගහැරෙන මෙම කොටස කිසිසේත්ම මඟහැරගන්න එපා. මෙම උපසිරැසි Bluray පිටපත් සඳහා ගැලපේ.💯

📥 වීඩියෝ පිටපත් සහ උපසිරැසි ලබාගන්නේ මෙහෙමයි:

📄 Direct Download: කිසිම කරදරයක් නැතුව සිංහල උපසිරැසි ගොනුව (SRT) කෙලින්ම ඩවුන්ලෝඩ් කරගන්න පුළුවන්.

✈️ Telegram Download: 720p, 1080p Bluray කොපි ටෙලිග්‍රෑම් චැනල් එක හරහා ගන්න පුළුවන්.",8.3,2004,1,7,"Keywords: Lost Season 1 Episode 7 Sinhala Subtitles, Lost S01E07 sinhala sub, Lost Season 1 sinhala subtitle download, Lost S01E07 sinhala sub pixelpoplk, Lost sinhala sub pixelpop.lk, pixelpoplk ABC lost, ලොස්ට් සිංහල උපසිරැසි, Lost full series sinhala subtitles download, Lost season 1 sinhala sub bluray, pixelpoplk sinhala subtitles, sci-fi mystery series sinhala sub, Lost 2004 sinhala sub | Description: Lost Season 1 Episode 7 Sinhala Subtitles. Download Lost S01E07 Sinhala Sub online from pixelpoplk.",https://t.me/Pixelpopnew_bot?start=Iv_RD1E7c8k,0
314,2026-08-31 15:22:15.597063+00,Lost,https://frdgyadvbdpacwfoqybw.supabase.co/storage/v1/object/public/subtitles/Lost%20S01e08%20171484/Lost_S01E08_171484.zip?download,https://image.tmdb.org/t/p/original/ejLEJwmh3ptBpdYlKw0xgjjYXmP.jpg,"Mystery, Action , Adventure,Drama","🕵️‍♂️ Lost Season 1 Episode 8 - සිංහල උපසිරැසි 🎬

ඔන්න යාළුවනේ, J.J. Abrams සහ Damon Lindelof ගේ ලෝක ප්‍රසිද්ධ 'Lost' කතා මාලාවේ 1 වැනි කතා සමයේ (Season 1) අටවැනි කොටසට (Episode 8) සිංහල උපසිරැසි අරගෙන ආවා. දූපතේ තවදුරටත් රඳවා තබා ගන්නා කුතුහලය සහ නොසිතූ පාවාදීම් රැසක් සමඟින් දිගහැරෙන මෙම කොටස කිසිසේත්ම මඟහැරගන්න එපා. මෙම උපසිරැසි Bluray පිටපත් සඳහා ගැලපේ.💯

📥 වීඩියෝ පිටපත් සහ උපසිරැසි ලබාගන්නේ මෙහෙමයි:

📄 Direct Download: කිසිම කරදරයක් නැතුව සිංහල උපසිරැසි ගොනුව (SRT) කෙලින්ම ඩවුන්ලෝඩ් කරගන්න පුළුවන්.

✈️ Telegram Download: 720p, 1080p Bluray කොපි ටෙලිග්‍රෑම් චැනල් එක හරහා ගන්න පුළුවන්.",8.3,2004,1,8,"Keywords: Lost Season 1 Episode 8 Sinhala Subtitles, Lost S01E08 sinhala sub, Lost Season 1 sinhala subtitle download, Lost S01E08 sinhala sub pixelpoplk, Lost sinhala sub pixelpop.lk, pixelpoplk ABC lost, ලොස්ට් සිංහල උපසිරැසි, Lost full series sinhala subtitles download, Lost season 1 sinhala sub bluray, pixelpoplk sinhala subtitles, sci-fi mystery series sinhala sub, Lost 2004 sinhala sub | Description: Lost Season 1 Episode 8 Sinhala Subtitles. Download Lost S01E08 Sinhala Sub online from pixelpoplk.",https://t.me/Pixelpopnew_bot?start=UTsValWR6j0,1
315,2026-09-01 12:05:41.773693+00,I Want Your Sex,https://frdgyadvbdpacwfoqybw.supabase.co/storage/v1/object/public/subtitles/I%20Want%20Your%20Sex/I.Want.Your.Sex.2026.WEBRip.HEVC-PSA_sinhala@pixelpoplk.zip?download,https://image.tmdb.org/t/p/original/pR7SIX3AwqdoD96OI44oLG98e7g.jpg,"Erotic, Thriller, Dark Comedy, Romance","🕵️‍♂️ I Want Your Sex (2026) - සිංහල උපසිරැසි 🎬

ඔන්න යාළුවනේ, සිනමා රසිකයෝ අතරේ ලොකු උනන්දුවක් ඇති කරපු, මෑතකදී ඩිජිටල් මාධ්‍ය ඔස්සේ නිකුත් වුණු ""I Want Your Sex"" අලුත්ම සුපිරි Erotic Comedy Thriller චිත්‍රපටයට සිංහල උපසිරැසි අරගෙන ආවා. ""Mysterious Skin"" වැනි නිර්මාණ කරපු ප්‍රකට අධ්‍යක්ෂක Gregg Araki ගේ අධ්‍යක්ෂණයෙන් හැඩවුණු මේ චිත්‍රපටය, හාස්‍යය වගේම දරුණු කුතුහලයක් පිරුණු, 18+ වැඩිහිටි ප්‍රේක්ෂකයින්ට පමණක් වෙන්වුණු අපූරු නිර්මාණයක්.

කතාව පැත්තට ගියොත්, තරුණ කොල්ලෙක් වෙන එලියට් (Cooper Hoffman) ට තමන් හීනෙන්වත් නොහිතපු විදිහේ රැකියාවක් ලැබෙනවා. ඒ තමයි ප්‍රසිද්ධ වගේම අමුතු අදහස් තියෙන සමකාලීන කලාකාරිනියක් වෙන එරිකා ට්‍රේසිගේ (Olivia Wilde) සහායකයා විදිහට වැඩ කරන්න ලැබෙන එක. එලියට්ගේ පෙම්වතිය වෙන මිනර්වා (Charli XCX) ලිංගිකත්වය ගැන එච්චර උනන්දුවක් නැති නිසා, එලියට් ටිකෙන් ටික එරිකාගේ ආකර්ෂණයට ලක්වෙනවා.

දවසක් එරිකා මේ ඔෆිස් සීමාවන් ඔක්කොම කඩලා දාලා, එලියට්ව තමන්ගේ කලා නිර්මාණ සඳහා ලිංගික උත්තේජනයක් සපයන රහස් සහායකයෙක් (sexual muse) බවට පත් කරගන්නවා. මේ සිදුවීම නිසා එලියට්ගේ මුළු ජීවිතයම උඩුයටිකුරු වෙලා, බල අරගල, දැඩි ඇබ්බැහියන්, පාවාදීම් වගේම නොසිතූ අබිරහස් සිදුවීම් රැසක් මැද අතරමං වෙනවා. එරිකාගේ මේ මානසික සෙල්ලමෙන් එලියට්ට බේරෙන්න පුළුවන් වෙයිද?

Olivia Wilde, Cooper Hoffman වගේම ජනප්‍රිය ගායිකා Charli XCX ගේ සුපිරි රංගනයක් බලාගන්න පුළුවන් මේ අපූරු චිත්‍රපටය ඔයාගේ Must Watch ලිස්ට් එකට එකතු කරගන්න. 

(විශේෂයෙන්ම මතක් කරන්න ඕනේ, මෙහි අන්තර්ගත දර්ශන නිසා මෙය 18+ වැඩිහිටියන්ට පමණක් සුදුසු වේ.)

📥 වීඩියෝ පිටපත් සහ උපසිරැසි ලබාගන්නේ මෙහෙමයි:

📄 Direct Subtitle Download: කිසිම කරදරයක් නැතුව සිංහල උපසිරැසි ගොනුව (SRT) කෙලින්ම ඩවුන්ලෝඩ් කරගන්න පුළුවන්.

✈️ Telegram Download: 720p, 1080p Webrip කොපි ටෙලිග්‍රෑම් චැනල් එක හරහා ගන්න පුළුවන්.",7,2026,,,"I Want Your Sex Sinhala Subtitles, I Want Your Sex sinhala sub, I Want Your Sex sinhala subtitle download, I Want Your Sex movie sinhala sub pixelpoplk, I Want Your Sex sinhala sub pixelpop.lk, pixelpoplk erotic movie, අයි වෝන්ට් යෝ සෙක්ස් සිංහල උපසිරැසි, I Want Your Sex full movie sinhala subtitles download, I Want Your Sex sinhala sub web-dl, pixelpoplk sinhala subtitles, I Want Your Sex 2026 sinhala sub, Gregg Araki movie sinhala sub",https://t.me/Pixelpopnew_bot?start=GE9f_DbQDxc,102
316,2026-09-01 16:24:02.280019+00,The Sopranos,https://frdgyadvbdpacwfoqybw.supabase.co/storage/v1/object/public/subtitles/The%20Sopranos%20S06e12%20649988/The_Sopranos_S06E12_649988.zip?download,https://image.tmdb.org/t/p/original/b1P9PAUI18mb62N0DtHOd71L3CT.jpg,"Crime, Drama, Thriller","🕵️‍♂️ The Sopranos Season 6 Episode 12 - සිංහල උපසිරැසි 🎬

ඔන්න යාළුවනේ, 'The Sopranos' කතා මාලාවේ 6 වැනි කතා සමයේ (Season 6) දොළොස්වැනි කොටසට (Episode 12) සිංහල උපසිරැසි අරගෙන ආවා. මෙම උපසිරැසි Bluray පිටපත් වලට පමණක් ගැලපේ.💯

📥 වීඩියෝ පිටපත් සහ උපසිරැසි ලබාගන්නේ මෙහෙමයි:

📄 Direct Download: කිසිම කරදරයක් නැතුව සිංහල උපසිරැසි ගොනුව (SRT) කෙලින්ම ඩවුන්ලෝඩ් කරගන්න පුළුවන්.

✈️ Telegram Download: 720p bluray කොපි ටෙලිග්‍රෑම් චැනල් එක හරහා ගන්න පුළුවන්.",9.2,2006,6,12,"Keywords: The Sopranos Season 6 Episode 12 Sinhala Subtitles, The Sopranos S06E12 sinhala sub, The Sopranos Season 6 sinhala subtitle download, The Sopranos S06E12 sinhala sub pixelpoplk, The Sopranos sinhala sub pixelpop.lk, pixelpoplk HBO Sopranos, ද සෝප්‍රානෝස් සිංහල උපසිරැසි, The Sopranos full series sinhala subtitles download, The Sopranos season 6 sinhala sub bluray, pixelpoplk sinhala subtitles, crime drama series sinhala sub, HBO crime series sinhala | Description: The Sopranos Season 6 Episode 12 Sinhala Subtitles. Download The Sopranos S06E12 Sinhala Sub online from pixelpoplk.",https://t.me/Pixelpopnew_bot?start=iLSdUfKOy2k,1
317,2026-09-01 16:24:02.280019+00,The Sopranos,https://frdgyadvbdpacwfoqybw.supabase.co/storage/v1/object/public/subtitles/The%20Sopranos%20S06e13%20256152/The_Sopranos_S06E13_256152.zip?download,https://image.tmdb.org/t/p/original/b1P9PAUI18mb62N0DtHOd71L3CT.jpg,"Crime, Drama, Thriller","🕵️‍♂️ The Sopranos Season 6 Episode 13 - සිංහල උපසිරැසි 🎬

ඔන්න යාළුවනේ, 'The Sopranos' කතා මාලාවේ 6 වැනි කතා සමයේ (Season 6) දහතුන්වැනි කොටසට (Episode 13) සිංහල උපසිරැසි අරගෙන ආවා. මෙම උපසිරැසි Bluray පිටපත් වලට පමණක් ගැලපේ.💯

📥 වීඩියෝ පිටපත් සහ උපසිරැසි ලබාගන්නේ මෙහෙමයි:

📄 Direct Download: කිසිම කරදරයක් නැතුව සිංහල උපසිරැසි ගොනුව (SRT) කෙලින්ම ඩවුන්ලෝඩ් කරගන්න පුළුවන්.

✈️ Telegram Download: 720p bluray කොපි ටෙලිග්‍රෑම් චැනල් එක හරහා ගන්න පුළුවන්.",9.2,2006,6,13,"Keywords: The Sopranos Season 6 Episode 13 Sinhala Subtitles, The Sopranos S06E13 sinhala sub, The Sopranos Season 6 sinhala subtitle download, The Sopranos S06E13 sinhala sub pixelpoplk, The Sopranos sinhala sub pixelpop.lk, pixelpoplk HBO Sopranos, ද සෝප්‍රානෝස් සිංහල උපසිරැසි, The Sopranos full series sinhala subtitles download, The Sopranos season 6 sinhala sub bluray, pixelpoplk sinhala subtitles, crime drama series sinhala sub, HBO crime series sinhala | Description: The Sopranos Season 6 Episode 13 Sinhala Subtitles. Download The Sopranos S06E13 Sinhala Sub online from pixelpoplk.",https://t.me/Pixelpopnew_bot?start=tgYRfbH314o,1
318,2026-09-01 16:24:02.280019+00,The Sopranos,https://frdgyadvbdpacwfoqybw.supabase.co/storage/v1/object/public/subtitles/The%20Sopranos%20S06e14%20598975/The_Sopranos_S06E14_598975.zip?download,https://image.tmdb.org/t/p/original/b1P9PAUI18mb62N0DtHOd71L3CT.jpg,"Crime, Drama, Thriller","🕵️‍♂️ The Sopranos Season 6 Episode 14 - සිංහල උපසිරැසි 🎬

ඔන්න යාළුවනේ, 'The Sopranos' කතා මාලාවේ 6 වැනි කතා සමයේ (Season 6) දහහතරවැනි කොටසට (Episode 14) සිංහල උපසිරැසි අරගෙන ආවා. මෙම උපසිරැසි Bluray පිටපත් වලට පමණක් ගැලපේ.💯

📥 වීඩියෝ පිටපත් සහ උපසිරැසි ලබාගන්නේ මෙහෙමයි:

📄 Direct Download: කිසිම කරදරයක් නැතුව සිංහල උපසිරැසි ගොනුව (SRT) කෙලින්ම ඩවුන්ලෝඩ් කරගන්න පුළුවන්.

✈️ Telegram Download: 720p bluray කොපි ටෙලිග්‍රෑම් චැනල් එක හරහා ගන්න පුළුවන්.",9.2,2006,6,14,"Keywords: The Sopranos Season 6 Episode 14 Sinhala Subtitles, The Sopranos S06E14 sinhala sub, The Sopranos Season 6 sinhala subtitle download, The Sopranos S06E14 sinhala sub pixelpoplk, The Sopranos sinhala sub pixelpop.lk, pixelpoplk HBO Sopranos, ද සෝප්‍රානෝස් සිංහල උපසිරැසි, The Sopranos full series sinhala subtitles download, The Sopranos season 6 sinhala sub bluray, pixelpoplk sinhala subtitles, crime drama series sinhala sub, HBO crime series sinhala | Description: The Sopranos Season 6 Episode 14 Sinhala Subtitles. Download The Sopranos S06E14 Sinhala Sub online from pixelpoplk.",https://t.me/Pixelpopnew_bot?start=tRfVfy6r8lA,1
319,2026-09-01 16:24:02.280019+00,The Sopranos,https://frdgyadvbdpacwfoqybw.supabase.co/storage/v1/object/public/subtitles/The%20Sopranos%20S06e15%20129207/The_Sopranos_S06E15_129207.zip?download,https://image.tmdb.org/t/p/original/b1P9PAUI18mb62N0DtHOd71L3CT.jpg,"Crime, Drama, Thriller","🕵️‍♂️ The Sopranos Season 6 Episode 15 - සිංහල උපසිරැසි 🎬

ඔන්න යාළුවනේ, 'The Sopranos' කතා මාලාවේ 6 වැනි කතා සමයේ (Season 6) පාලොස්වැනි කොටසට (Episode 15) සිංහල උපසිරැසි අරගෙන ආවා. මෙම උපසිරැසි Bluray පිටපත් වලට පමණක් ගැලපේ.💯

📥 වීඩියෝ පිටපත් සහ උපසිරැසි ලබාගන්නේ මෙහෙමයි:

📄 Direct Download: කිසිම කරදරයක් නැතුව සිංහල උපසිරැසි ගොනුව (SRT) කෙලින්ම ඩවුන්ලෝඩ් කරගන්න පුළුවන්.

✈️ Telegram Download: 720p bluray කොපි ටෙලිග්‍රෑම් චැනල් එක හරහා ගන්න පුළුවන්.",9.2,2006,6,15,"Keywords: The Sopranos Season 6 Episode 15 Sinhala Subtitles, The Sopranos S06E15 sinhala sub, The Sopranos Season 6 sinhala subtitle download, The Sopranos S06E15 sinhala sub pixelpoplk, The Sopranos sinhala sub pixelpop.lk, pixelpoplk HBO Sopranos, ද සෝප්‍රානෝස් සිංහල උපසිරැසි, The Sopranos full series sinhala subtitles download, The Sopranos season 6 sinhala sub bluray, pixelpoplk sinhala subtitles, crime drama series sinhala sub, HBO crime series sinhala | Description: The Sopranos Season 6 Episode 15 Sinhala Subtitles. Download The Sopranos S06E15 Sinhala Sub online from pixelpoplk.",https://t.me/Pixelpopnew_bot?start=Y2Pjz6fCZ84,1
320,2026-09-01 16:24:02.280019+00,The Sopranos,https://frdgyadvbdpacwfoqybw.supabase.co/storage/v1/object/public/subtitles/The%20Sopranos%20S06e16%20927230/The_Sopranos_S06E16_927230.zip?download,https://image.tmdb.org/t/p/original/b1P9PAUI18mb62N0DtHOd71L3CT.jpg,"Crime, Drama, Thriller","🕵️‍♂️ The Sopranos Season 6 Episode 16 - සිංහල උපසිරැසි 🎬

ඔන්න යාළුවනේ, 'The Sopranos' කතා මාලාවේ 6 වැනි කතා සමයේ (Season 6) දහසයවැනි කොටසට (Episode 16) සිංහල උපසිරැසි අරගෙන ආවා. මෙම උපසිරැසි Bluray පිටපත් වලට පමණක් ගැලපේ.💯

📥 වීඩියෝ පිටපත් සහ උපසිරැසි ලබාගන්නේ මෙහෙමයි:

📄 Direct Download: කිසිම කරදරයක් නැතුව සිංහල උපසිරැසි ගොනුව (SRT) කෙලින්ම ඩවුන්ලෝඩ් කරගන්න පුළුවන්.

✈️ Telegram Download: 720p bluray කොපි ටෙලිග්‍රෑම් චැනල් එක හරහා ගන්න පුළුවන්.",9.2,2006,6,16,"Keywords: The Sopranos Season 6 Episode 16 Sinhala Subtitles, The Sopranos S06E16 sinhala sub, The Sopranos Season 6 sinhala subtitle download, The Sopranos S06E16 sinhala sub pixelpoplk, The Sopranos sinhala sub pixelpop.lk, pixelpoplk HBO Sopranos, ද සෝප්‍රානෝස් සිංහල උපසිරැසි, The Sopranos full series sinhala subtitles download, The Sopranos season 6 sinhala sub bluray, pixelpoplk sinhala subtitles, crime drama series sinhala sub, HBO crime series sinhala | Description: The Sopranos Season 6 Episode 16 Sinhala Subtitles. Download The Sopranos S06E16 Sinhala Sub online from pixelpoplk.",https://t.me/Pixelpopnew_bot?start=Zjt7alfNaAo,5
321,2026-09-01 16:24:02.280019+00,The Sopranos,https://frdgyadvbdpacwfoqybw.supabase.co/storage/v1/object/public/subtitles/The%20Sopranos%20S06e17%20670006/The_Sopranos_S06E17_670006.zip?download,https://image.tmdb.org/t/p/original/b1P9PAUI18mb62N0DtHOd71L3CT.jpg,"Crime, Drama, Thriller","🕵️‍♂️ The Sopranos Season 6 Episode 17 - සිංහල උපසිරැසි 🎬

ඔන්න යාළුවනේ, 'The Sopranos' කතා මාලාවේ 6 වැනි කතා සමයේ (Season 6) දහහත්වැනි කොටසට (Episode 17) සිංහල උපසිරැසි අරගෙන ආවා. මෙම උපසිරැසි Bluray පිටපත් වලට පමණක් ගැලපේ.💯

📥 වීඩියෝ පිටපත් සහ උපසිරැසි ලබාගන්නේ මෙහෙමයි:

📄 Direct Download: කිසිම කරදරයක් නැතුව සිංහල උපසිරැසි ගොනුව (SRT) කෙලින්ම ඩවුන්ලෝඩ් කරගන්න පුළුවන්.

✈️ Telegram Download: 720p bluray කොපි ටෙලිග්‍රෑම් චැනල් එක හරහා ගන්න පුළුවන්.",9.2,2006,6,17,"Keywords: The Sopranos Season 6 Episode 17 Sinhala Subtitles, The Sopranos S06E17 sinhala sub, The Sopranos Season 6 sinhala subtitle download, The Sopranos S06E17 sinhala sub pixelpoplk, The Sopranos sinhala sub pixelpop.lk, pixelpoplk HBO Sopranos, ද සෝප්‍රානෝස් සිංහල උපසිරැසි, The Sopranos full series sinhala subtitles download, The Sopranos season 6 sinhala sub bluray, pixelpoplk sinhala subtitles, crime drama series sinhala sub, HBO crime series sinhala | Description: The Sopranos Season 6 Episode 17 Sinhala Subtitles. Download The Sopranos S06E17 Sinhala Sub online from pixelpoplk.",https://t.me/Pixelpopnew_bot?start=eOJ1mxmBO0g,1
322,2026-09-01 16:24:02.280019+00,The Sopranos,https://frdgyadvbdpacwfoqybw.supabase.co/storage/v1/object/public/subtitles/The%20Sopranos%20S06e18%20642391/The_Sopranos_S06E18_642391.zip?download,https://image.tmdb.org/t/p/original/b1P9PAUI18mb62N0DtHOd71L3CT.jpg,"Crime, Drama, Thriller","🕵️‍♂️ The Sopranos Season 6 Episode 18 - සිංහල උපසිරැසි 🎬

ඔන්න යාළුවනේ, 'The Sopranos' කතා මාලාවේ 6 වැනි කතා සමයේ (Season 6) දහඅටවැනි කොටසට (Episode 18) සිංහල උපසිරැසි අරගෙන ආවා. මෙම උපසිරැසි Bluray පිටපත් වලට පමණක් ගැලපේ.💯

📥 වීඩියෝ පිටපත් සහ උපසිරැසි ලබාගන්නේ මෙහෙමයි:

📄 Direct Download: කිසිම කරදරයක් නැතුව සිංහල උපසිරැසි ගොනුව (SRT) කෙලින්ම ඩවුන්ලෝඩ් කරගන්න පුළුවන්.

✈️ Telegram Download: 720p bluray කොපි ටෙලිග්‍රෑම් චැනල් එක හරහා ගන්න පුළුවන්.",9.2,2006,6,18,"Keywords: The Sopranos Season 6 Episode 18 Sinhala Subtitles, The Sopranos S06E18 sinhala sub, The Sopranos Season 6 sinhala subtitle download, The Sopranos S06E18 sinhala sub pixelpoplk, The Sopranos sinhala sub pixelpop.lk, pixelpoplk HBO Sopranos, ද සෝප්‍රානෝස් සිංහල උපසිරැසි, The Sopranos full series sinhala subtitles download, The Sopranos season 6 sinhala sub bluray, pixelpoplk sinhala subtitles, crime drama series sinhala sub, HBO crime series sinhala | Description: The Sopranos Season 6 Episode 18 Sinhala Subtitles. Download The Sopranos S06E18 Sinhala Sub online from pixelpoplk.",https://t.me/Pixelpopnew_bot?start=WbWcI5to_aI,1
323,2026-09-01 16:24:02.280019+00,The Sopranos,https://frdgyadvbdpacwfoqybw.supabase.co/storage/v1/object/public/subtitles/The%20Sopranos%20S06e19%20556802/The_Sopranos_S06E19_556802.zip?download,https://image.tmdb.org/t/p/original/b1P9PAUI18mb62N0DtHOd71L3CT.jpg,"Crime, Drama, Thriller","🕵️‍♂️ The Sopranos Season 6 Episode 19 - සිංහල උපසිරැසි 🎬

ඔන්න යාළුවනේ, 'The Sopranos' කතා මාලාවේ 6 වැනි කතා සමයේ (Season 6) දහනවවැනි කොටසට (Episode 19) සිංහල උපසිරැසි අරගෙන ආවා. මෙම උපසිරැසි Bluray පිටපත් වලට පමණක් ගැලපේ.💯

📥 වීඩියෝ පිටපත් සහ උපසිරැසි ලබාගන්නේ මෙහෙමයි:

📄 Direct Download: කිසිම කරදරයක් නැතුව සිංහල උපසිරැසි ගොනුව (SRT) කෙලින්ම ඩවුන්ලෝඩ් කරගන්න පුළුවන්.

✈️ Telegram Download: 720p bluray කොපි ටෙලිග්‍රෑම් චැනල් එක හරහා ගන්න පුළුවන්.",9.2,2006,6,19,"Keywords: The Sopranos Season 6 Episode 19 Sinhala Subtitles, The Sopranos S06E19 sinhala sub, The Sopranos Season 6 sinhala subtitle download, The Sopranos S06E19 sinhala sub pixelpoplk, The Sopranos sinhala sub pixelpop.lk, pixelpoplk HBO Sopranos, ද සෝප්‍රානෝස් සිංහල උපසිරැසි, The Sopranos full series sinhala subtitles download, The Sopranos season 6 sinhala sub bluray, pixelpoplk sinhala subtitles, crime drama series sinhala sub, HBO crime series sinhala | Description: The Sopranos Season 6 Episode 19 Sinhala Subtitles. Download The Sopranos S06E19 Sinhala Sub online from pixelpoplk.",https://t.me/Pixelpopnew_bot?start=VmOfSA6TKPU,1
324,2026-09-01 16:24:02.280019+00,The Sopranos,https://frdgyadvbdpacwfoqybw.supabase.co/storage/v1/object/public/subtitles/The%20Sopranos%20S06e20%20619526/The_Sopranos_S06E20_619526.zip?download,https://image.tmdb.org/t/p/original/b1P9PAUI18mb62N0DtHOd71L3CT.jpg,"Crime, Drama, Thriller","🕵️‍♂️ The Sopranos Season 6 Episode 20 - සිංහල උපසිරැසි 🎬

ඔන්න යාළුවනේ, 'The Sopranos' කතා මාලාවේ 6 වැනි කතා සමයේ (Season 6) විසිවැනි කොටසට (Episode 20) සිංහල උපසිරැසි අරගෙන ආවා. මෙම උපසිරැසි Bluray පිටපත් වලට පමණක් ගැලපේ.💯

📥 වීඩියෝ පිටපත් සහ උපසිරැසි ලබාගන්නේ මෙහෙමයි:

📄 Direct Download: කිසිම කරදරයක් නැතුව සිංහල උපසිරැසි ගොනුව (SRT) කෙලින්ම ඩවුන්ලෝඩ් කරගන්න පුළුවන්.

✈️ Telegram Download: 720p bluray කොපි ටෙලිග්‍රෑම් චැනල් එක හරහා ගන්න පුළුවන්.",9.2,2006,6,20,"Keywords: The Sopranos Season 6 Episode 20 Sinhala Subtitles, The Sopranos S06E20 sinhala sub, The Sopranos Season 6 sinhala subtitle download, The Sopranos S06E20 sinhala sub pixelpoplk, The Sopranos sinhala sub pixelpop.lk, pixelpoplk HBO Sopranos, ද සෝප්‍රානෝස් සිංහල උපසිරැසි, The Sopranos full series sinhala subtitles download, The Sopranos season 6 sinhala sub bluray, pixelpoplk sinhala subtitles, crime drama series sinhala sub, HBO crime series sinhala | Description: The Sopranos Season 6 Episode 20 Sinhala Subtitles. Download The Sopranos S06E20 Sinhala Sub online from pixelpoplk.",https://t.me/Pixelpopnew_bot?start=JEgoCZpvkBY,1
325,2026-09-01 16:24:02.280019+00,The Sopranos,https://frdgyadvbdpacwfoqybw.supabase.co/storage/v1/object/public/subtitles/The%20Sopranos%20S06e21%20519388/The_Sopranos_S06E21_519388.zip?download,https://image.tmdb.org/t/p/original/b1P9PAUI18mb62N0DtHOd71L3CT.jpg,"Crime, Drama, Thriller","🕵️‍♂️ The Sopranos  අවසාන කොටස 🥹 - සිංහල උපසිරැසි 🎬

ඔන්න යාළුවනේ, ලොව විශිෂ්ටතම Tv series එකක් වන 'The Sopranos' කතා මාලාවේ අවසාන කොටස නැත්නම් 06 වැනි කතා සමයේ (Season 06) විසිඑක්වැනි කොටසට (Episode 21) PixelpopLk විසින් සිංහල උපසිරැසි අරගෙන ආවා. Sopranos කතාව ගැන සහ අපි කරන මේ වැඩේ ගැන ඔයාලගේ අදහස් කියන්න. එහෙනම් අලුත් කතාමාලවකින් හමුවෙමු. ❤️

මෙම උපසිරැසි Bluray පිටපත් වලට පමණක් ගැලපේ.💯

📥 වීඩියෝ පිටපත් සහ උපසිරැසි ලබාගන්නේ මෙහෙමයි:

📄 Direct Download: කිසිම කරදරයක් නැතුව සිංහල උපසිරැසි ගොනුව (SRT) කෙලින්ම ඩවුන්ලෝඩ් කරගන්න පුළුවන්.

✈️ Telegram Download: 720p 1080p bluray කොපි ටෙලිග්‍රෑම් චැනල් එක හරහා ගන්න පුළුවන්.",9.2,2006,6,21,"Keywords: The Sopranos Season 6 Episode 21 Sinhala Subtitles, The Sopranos S06E21 sinhala sub, The Sopranos Season 6 sinhala subtitle download, The Sopranos S06E21 sinhala sub pixelpoplk, The Sopranos sinhala sub pixelpop.lk, pixelpoplk HBO Sopranos, ද සෝප්‍රානෝස් සිංහල උපසිරැසි, The Sopranos full series sinhala subtitles download, The Sopranos season 6 sinhala sub bluray, pixelpoplk sinhala subtitles, crime drama series sinhala sub, HBO crime series sinhala | Description: The Sopranos Season 6 Episode 21 Sinhala Subtitles. Download The Sopranos S06E21 Sinhala Sub online from pixelpoplk.",https://t.me/Pixelpopnew_bot?start=kgeXFsnrzfQ,1
326,2026-09-02 07:49:46.881692+00,Reacher,https://frdgyadvbdpacwfoqybw.supabase.co/storage/v1/object/public/subtitles/Reacher%20S04e06%20566259/Reacher_S04E06_566259.zip?download,https://image.tmdb.org/t/p/original/wkKJHC34dIw9cJwAfNEEgDdb2ol.jpg,"Action, Crime, Thriller, Detective, Drama","🕵️‍♂️ Reacher Season 04 Episode 06 - සිංහල උපසිරැසි 🎬

Reacher Season 04 Episode 06 continues the thrilling adventure of television's ultimate wanderer. Jack Reacher dives deeper into a web of conspiracy, lies, and high-stakes action.

ඔන්න යාළුවනේ, ඇමසන් ප්‍රයිම් (Prime Video) හරහා විකාශනය වන Reacher කතා මාලාවේ 4 වැනි කතා සමයේ (Season 4) පස් වැනි කොටසට (Episode 06) සිංහල උපසිරැසි අරගෙන ආවා. Alan Ritchson ගේ සුපිරි රංගනය සහ සුපිරි ක්‍රියාදාම දර්ශන රැසක් සමඟින් දිගහැරෙන මෙම කොටස කිසිසේත්ම මඟහැරගන්න එපා.

📥 වීඩියෝ පිටපත් සහ උපසිරැසි ලබාගන්නා ආකාරය:

📄 Direct Subtitle Download: කිසිදු බාධාවකින් තොරව සිංහල උපසිරැසි ගොනුව (SRT) සෘජුවම බාගත කරගත හැක.

✈️ Telegram Download: 720p, 1080p උසස් තත්ත්වයේ WEB-DL වීඩියෝ පිටපත් ටෙලිග්‍රෑම් චැනලය හරහා ලබාගත හැක.",8.1,2026,4,6,"Reacher Season 4 Episode 06 Sinhala Subtitles, Reacher S04E06 sinhala sub, Reacher S4 Ep6 sinhala subtitle download, Reacher S04E06 sinhala sub pixelpoplk, Reacher S4E6 sinhala sub pixelpop.lk, pixelpoplk Prime Video Reacher, රීචර් සිංහල උපසිරැසි, Reacher Season 4 sinhala subtitles download, Reacher S04E06 web-dl sinhala sub, pixelpoplk sinhala subtitles,Reacher Season 4 Episode 6 Sinhala Subtitles. Download Reacher S04E06 Sinhala Sub online from pixelpoplk.",https://t.me/Pixelpopnew_bot?start=MiUNbPufBr4,13